{
	"credit": "Made with Blockbench",
	"textures": {
		"0": "hats/hat/arrow/stick",
		"1": "hats/hat/arrow/tip",
		"particle": "hats/hat/arrow/stick"
	},
	"elements": [
		{
			"from": [-6, 11, 7],
			"to": [22, 13, 9],
			"rotation": {"angle": 0, "axis": "y", "origin": [8, 12, 8]},
			"faces": {
				"north": {"uv": [0, 0, 14, 1], "texture": "#0"},
				"east": {"uv": [0, 4, 1, 5], "texture": "#0"},
				"south": {"uv": [0, 1, 14, 2], "texture": "#0"},
				"west": {"uv": [1, 4, 2, 5], "texture": "#0"},
				"up": {"uv": [14, 3, 0, 2], "texture": "#0"},
				"down": {"uv": [14, 3, 0, 4], "texture": "#0"}
			}
		},
		{
			"from": [22, 12, 4],
			"to": [30, 12, 12],
			"rotation": {"angle": 45, "axis": "x", "origin": [26, 12, 8]},
			"faces": {
				"north": {"uv": [0, 0, 8, 0], "texture": "#1"},
				"east": {"uv": [0, 0, 8, 0], "texture": "#1"},
				"south": {"uv": [0, 0, 8, 0], "texture": "#1"},
				"west": {"uv": [0, 0, 8, 0], "texture": "#1"},
				"up": {"uv": [8, 8, 0, 0], "texture": "#1"},
				"down": {"uv": [8, 0, 0, 8], "texture": "#1"}
			}
		},
		{
			"from": [-14, 12, 4],
			"to": [-6, 12, 12],
			"rotation": {"angle": 45, "axis": "x", "origin": [26, 12, 8]},
			"faces": {
				"north": {"uv": [0, 0, 8, 0], "texture": "#1"},
				"east": {"uv": [0, 0, 8, 0], "texture": "#1"},
				"south": {"uv": [0, 0, 8, 0], "texture": "#1"},
				"west": {"uv": [0, 0, 8, 0], "texture": "#1"},
				"up": {"uv": [8, 16, 0, 8], "texture": "#1"},
				"down": {"uv": [8, 8, 0, 16], "texture": "#1"}
			}
		},
		{
			"from": [22, 8, 8],
			"to": [30, 16, 8],
			"rotation": {"angle": 45, "axis": "x", "origin": [26, 12, 8]},
			"faces": {
				"north": {"uv": [8, 0, 0, 8], "rotation": 180, "texture": "#1"},
				"east": {"uv": [0, 0, 8, 0], "rotation": 270, "texture": "#1"},
				"south": {"uv": [8, 8, 0, 0], "texture": "#1"},
				"west": {"uv": [0, 0, 8, 0], "rotation": 90, "texture": "#1"},
				"up": {"uv": [0, 0, 8, 0], "rotation": 180, "texture": "#1"},
				"down": {"uv": [0, 0, 8, 0], "texture": "#1"}
			}
		},
		{
			"from": [-14, 8, 8],
			"to": [-6, 16, 8],
			"rotation": {"angle": 45, "axis": "x", "origin": [26, 12, 8]},
			"faces": {
				"north": {"uv": [8, 8, 0, 16], "rotation": 180, "texture": "#1"},
				"east": {"uv": [0, 0, 8, 0], "rotation": 270, "texture": "#1"},
				"south": {"uv": [8, 16, 0, 8], "texture": "#1"},
				"west": {"uv": [0, 0, 8, 0], "rotation": 90, "texture": "#1"},
				"up": {"uv": [0, 0, 8, 0], "rotation": 180, "texture": "#1"},
				"down": {"uv": [0, 0, 8, 0], "texture": "#1"}
			}
		}
	],
	"display": {
		"thirdperson_righthand": {
			"rotation": [-90, -90, 0],
			"translation": [0, 0, 3.75],
			"scale": [0.5, 0.5, 0.5]
		},
		"thirdperson_lefthand": {
			"rotation": [-90, 90, 0],
			"translation": [0, 0, 3.75],
			"scale": [0.5, 0.5, 0.5]
		},
		"firstperson_righthand": {
			"rotation": [0, 90, 30],
			"scale": [0.6, 0.6, 0.6]
		},
		"firstperson_lefthand": {
			"rotation": [0, -90, -30],
			"scale": [0.6, 0.6, 0.6]
		},
		"ground": {
			"translation": [0, -2.25, 0],
			"scale": [0.54, 0.54, 0.54]
		},
		"gui": {
			"rotation": [0, 30, 45],
			"translation": [1.5, -1, 0],
			"scale": [0.46, 0.46, 0.46]
		},
		"head": {
			"translation": [0, -1.25, 0],
			"scale": [0.62, 0.62, 0.62]
		},
		"fixed": {
			"translation": [0, -2, 0],
			"scale": [0.43, 0.43, 0.43]
		}
	}
}