{
    "providers": [
        {
            "type": "bitmap",
            "file": "southhollow:branding/logo_rectangle.png",
            "ascent": 8,
            "height": 30,
            "chars": ["\u0C18"],
            "purpose": "Used in the in-game player list",
            "copy": "ఘ"
        },
        {
            "type": "bitmap",
            "file": "southhollow:branding/logo_rectangle.png",
            "ascent": 35,
            "height": 35,
            "chars": ["\u0C19"],
            "purpose": "Used in the pause menu screen",
            "copy": "ఙ"
        },
        {
            "type": "bitmap",
            "file": "southhollow:branding/logo_square.png",
            "ascent": 8,
            "height": 30,
            "purpose": "Undecided",
            "chars": ["ఊ"]
        },
        {
            "type": "bitmap",
            "file": "southhollow:hideandseek/mapicons/farm.png",
            "ascent": 8,
            "height": 50,
            "purpose": "HideAndSeek map preview",
            "chars": ["\uE004"],
            "copy": ""
        },
        {
            "type": "bitmap",
            "file": "southhollow:hideandseek/mapicons/countryhouse.png",
            "ascent": 8,
            "height": 50,
            "purpose": "HideAndSeek map preview",
            "chars": ["\uE005"],
            "copy": ""
        },
        {
            "type": "bitmap",
            "file": "southhollow:hideandseek/mapicons/warehouse.png",
            "ascent": 8,
            "height": 50,
            "purpose": "HideAndSeek map preview",
            "chars": ["\uE006"],
            "copy": ""
        },
        {
            "type": "bitmap",
            "file": "southhollow:hideandseek/mapicons/mineshaft.png",
            "ascent": 8,
            "height": 50,
            "purpose": "HideAndSeek map preview",
            "chars": ["\uE007"],
            "copy": ""
        },
        {
            "type": "bitmap",
            "file": "southhollow:hideandseek/mapicons/woolbomb.png",
            "ascent": 8,
            "height": 50,
            "purpose": "HideAndSeek map preview",
            "chars": ["\uE008"],
            "copy": ""
        },
        {
            "type": "bitmap",
            "file": "southhollow:hideandseek/mapicons/circus.png",
            "ascent": 8,
            "height": 50,
            "purpose": "HideAndSeek map preview",
            "chars": ["\uE009"],
            "copy": ""
        },
        {
            "type": "bitmap",
            "file": "southhollow:hideandseek/mapicons/bastion.png",
            "ascent": 8,
            "height": 50,
            "purpose": "HideAndSeek map preview",
            "chars": ["\uE00A"],
            "copy": ""
        },
        {
            "type": "bitmap",
            "file": "southhollow:hideandseek/mapicons/nether.png",
            "ascent": 8,
            "height": 50,
            "purpose": "HideAndSeek map preview",
            "chars": ["\uE00B"],
            "copy": ""
        },
        {
            "type": "bitmap",
            "file": "southhollow:hideandseek/mapicons/lab.png",
            "ascent": 8,
            "height": 50,
            "purpose": "HideAndSeek map preview",
            "chars": ["\uE00C"],
            "copy": ""
        },
        {
            "type": "bitmap",
            "file": "southhollow:hideandseek/mapicons/campsite.png",
            "ascent": 8,
            "height": 50,
            "purpose": "HideAndSeek map preview",
            "chars": ["\uE00D"],
            "copy": ""
        },
        {
            "type": "bitmap",
            "file": "southhollow:kingdoms/textual-logo.png",
            "ascent": 8,
            "height": 50,
            "purpose": "Kingdoms Logo",
            "chars": ["\uE190"],
            "copy": ""
        },
        {
            "type": "bitmap",
            "file": "southhollow:kingdoms/textual-logo.png",
            "ascent": 16,
            "height": 20,
            "purpose": "Kingdoms Logo For Title",
            "chars": ["\uE191"],
            "copy": ""
        },
        {
            "type": "bitmap","file": "southhollow:chat/rex_happy.png",
            "ascent": 8,
            "height": 9,
            "purpose": "Chat emoji - in chat",
            "chars": ["\ue123"],
            "copy": ""
        },
        {
            "type": "bitmap","file": "southhollow:chat/rex_happy.png",
            "ascent": 8,
            "height": 40,
            "purpose": "Chat emoji - on hover",
            "chars": ["\ue124"],
            "copy": ""
        },
        {
            "type": "bitmap","file": "southhollow:chat/widesoccer.png",
            "ascent": 8,
            "height": 9,
            "purpose": "Chat emoji - in chat",
            "chars": ["\ue125"],
            "copy": ""
        },
        {
            "type": "bitmap","file": "southhollow:chat/widesoccer.png",
            "ascent": 8,
            "height": 40,
            "purpose": "Chat emoji - on hover",
            "chars": ["\ue126"],
            "copy": ""
        },
        {
            "type": "bitmap","file": "southhollow:chat/zigafidefortniteburger.png",
            "ascent": 8,
            "height": 9,
            "purpose": "Chat emoji - in chat",
            "chars": ["\ue128"],
            "copy": ""
        },
        {
            "type": "bitmap","file": "southhollow:chat/zigafidefortniteburger.png",
            "ascent": 8,
            "height": 40,
            "purpose": "Chat emoji - on hover",
            "chars": ["\ue127"],
            "copy": ""
        }
    ]
}
