{
    "providers": [
        {
            "type": "bitmap",
            "file": "southhollow:branding/logo_rectangle.png",
            "ascent": 8,
            "height": 30,
            "chars": ["\u0C18"],
            "purpose": "Used in the in-game player list",
            "copy": "ఘ"
        },
        {
            "type": "bitmap",
            "file": "southhollow:branding/logo_rectangle.png",
            "ascent": 35,
            "height": 35,
            "chars": ["\u0C19"],
            "purpose": "Used in the pause menu screen",
            "copy": "ఙ"
        },
        {
            "type": "bitmap",
            "file": "southhollow:branding/logo_square.png",
            "ascent": 8,
            "height": 30,
            "purpose": "Undecided",
            "chars": ["ఊ"]
        },
        {
            "type": "bitmap","file": "southhollow:chat/rex_happy.png",
            "ascent": 8,
            "height": 9,
            "purpose": "Chat emoji - in chat",
            "chars": ["\ue123"],
            "copy": ""
        },
        {
            "type": "bitmap","file": "southhollow:chat/widesoccer.png",
            "ascent": 8,
            "height": 9,
            "purpose": "Chat emoji - in chat",
            "chars": ["\ue125"],
            "copy": ""
        },
        {
            "type": "bitmap","file": "southhollow:chat/zigafidefortniteburger.png",
            "ascent": 27,
            "height": 27,
            "purpose": "Chat emoji - in chat",
            "chars": ["\ue128"],
            "copy": ""
        },
		        {
            "type": "bitmap","file": "southhollow:chat/50.png",
            "ascent": 13,
            "height": 27,
            "purpose": "Chat emoji - in chat",
            "chars": ["\ue000"],
            "copy": ""
        },
		        {
            "type": "bitmap","file": "southhollow:chat/zoombrody.png",
            "ascent": 17,
            "height": 24,
            "purpose": "Chat emoji - in chat",
            "chars": ["\ue001"],
            "copy": ""
        }
    ]
}
