{
    "providers": [
        {
            "type": "bitmap",
            "file": "southhollow:branding/logo_rectange.png",
            "ascent": 8,
            "height": 30,
            "chars": ["\u0C18"],
            "purpose": "Used in the in-game player list",
            "copy": "ఘ"
        },
        {
            "type": "bitmap",
            "file": "southhollow:branding/logo_rectange.png",
            "ascent": 35,
            "height": 35,
            "chars": ["\u0C19"],
            "purpose": "Used in the pause menu screen",
            "copy": "ఙ"
        },
        {
            "type": "bitmap",
            "file": "southhollow:branding/logo_square.png",
            "ascent": 8,
            "height": 30,
            "purpose": "Undecided",
            "chars": ["ఊ"]
        },
        {
            "type": "bitmap",
            "file": "southhollow:hideandseek/mappreview/farm.png",
            "ascent": 8,
            "height": 50,
            "purpose": "HideAndSeek map preview",
            "chars": ["\uE004"],
            "copy": ""
        },
        {
            "type": "bitmap",
            "file": "southhollow:hideandseek/mappreview/countryhouse.png",
            "ascent": 8,
            "height": 50,
            "purpose": "HideAndSeek map preview",
            "chars": ["\uE005"],
            "copy": ""
        },
        {
            "type": "bitmap",
            "file": "southhollow:hideandseek/mappreview/warehouse.png",
            "ascent": 8,
            "height": 50,
            "purpose": "HideAndSeek map preview",
            "chars": ["\uE006"],
            "copy": ""
        },
        {
            "type": "bitmap",
            "file": "southhollow:hideandseek/mappreview/mineshaft.png",
            "ascent": 8,
            "height": 50,
            "purpose": "HideAndSeek map preview",
            "chars": ["\uE007"],
            "copy": ""
        },
        {
            "type": "bitmap",
            "file": "southhollow:hideandseek/mappreview/woolbomb.png",
            "ascent": 8,
            "height": 50,
            "purpose": "HideAndSeek map preview",
            "chars": ["\uE008"],
            "copy": ""
        },
        {
            "type": "bitmap",
            "file": "southhollow:hideandseek/mappreview/circus.png",
            "ascent": 8,
            "height": 50,
            "purpose": "HideAndSeek map preview",
            "chars": ["\uE009"],
            "copy": ""
        },
        {
            "type": "bitmap","file": "southhollow:chat/rex_happy.png",
            "ascent": 8,
            "height": 9,
            "purpose": "Chat emoji - in chat",
            "chars": ["\ue123"],
            "copy": ""
        },
        {
            "type": "bitmap","file": "southhollow:chat/rex_happy.png",
            "ascent": 8,
            "height": 40,
            "purpose": "Chat emoji - on hover",
            "chars": ["\ue124"],
            "copy": ""
        },
        {
            "type": "bitmap","file": "southhollow:chat/widesoccer.png",
            "ascent": 8,
            "height": 9,
            "purpose": "Chat emoji - in chat",
            "chars": ["\ue125"],
            "copy": ""
        },
        {
            "type": "bitmap","file": "southhollow:chat/widesoccer.png",
            "ascent": 8,
            "height": 40,
            "purpose": "Chat emoji - on hover",
            "chars": ["\ue126"],
            "copy": ""
        }
    ]
}
