{
	"credit": "Made with Blockbench",
	"textures": {
		"4": "hats/hat/3dglasses/light_blue_stained_glass",
		"6": "hats/hat/3dglasses/red_stained_glass",
		"7": "hats/hat/3dglasses/white_concrete"
	},
	"elements": [
		{
			"from": [0.75, 5, 1],
			"to": [1.75, 8, 2],
			"rotation": {"angle": 0, "axis": "y", "origin": [8, 12, 10]},
			"faces": {
				"north": {"uv": [0, 0, 1, 3], "texture": "#7"},
				"east": {"uv": [0, 0, 1, 3], "texture": "#7"},
				"south": {"uv": [0, 0, 1, 3], "texture": "#7"},
				"west": {"uv": [0, 0, 1, 3], "texture": "#7"},
				"up": {"uv": [0, 0, 1, 1], "texture": "#7"},
				"down": {"uv": [0, 0, 1, 1], "texture": "#7"}
			}
		},
		{
			"from": [14.25, 5, 1],
			"to": [15.25, 8, 2],
			"rotation": {"angle": 0, "axis": "y", "origin": [23, 12, 10]},
			"faces": {
				"north": {"uv": [0, 0, 1, 3], "texture": "#7"},
				"east": {"uv": [0, 0, 1, 3], "texture": "#7"},
				"south": {"uv": [0, 0, 1, 3], "texture": "#7"},
				"west": {"uv": [0, 0, 1, 3], "texture": "#7"},
				"up": {"uv": [0, 0, 1, 1], "texture": "#7"},
				"down": {"uv": [0, 0, 1, 1], "texture": "#7"}
			}
		},
		{
			"from": [1.75, 7, 1],
			"to": [14.25, 8, 2],
			"rotation": {"angle": 0, "axis": "y", "origin": [11, 16, 11]},
			"faces": {
				"north": {"uv": [0, 0, 12, 1], "texture": "#7"},
				"east": {"uv": [0, 0, 1, 1], "texture": "#7"},
				"south": {"uv": [0, 0, 12, 1], "texture": "#7"},
				"west": {"uv": [0, 0, 1, 1], "texture": "#7"},
				"up": {"uv": [0, 0, 12, 1], "texture": "#7"},
				"down": {"uv": [0, 0, 12, 1], "texture": "#7"}
			}
		},
		{
			"from": [1.75, 5, 1],
			"to": [2, 7, 2],
			"rotation": {"angle": 0, "axis": "y", "origin": [10, 15, 10]},
			"faces": {
				"north": {"uv": [0, 0, 2, 2], "texture": "#7"},
				"east": {"uv": [0, 0, 1, 2], "texture": "#7"},
				"south": {"uv": [0, 0, 2, 2], "texture": "#7"},
				"west": {"uv": [0, 0, 1, 2], "texture": "#7"},
				"up": {"uv": [0, 0, 2, 1], "texture": "#7"},
				"down": {"uv": [0, 0, 2, 1], "texture": "#7"}
			}
		},
		{
			"from": [14, 5, 1],
			"to": [14.25, 7, 2],
			"rotation": {"angle": 0, "axis": "y", "origin": [20, 15, 10]},
			"faces": {
				"north": {"uv": [0, 0, 2, 2], "texture": "#7"},
				"east": {"uv": [0, 0, 1, 2], "texture": "#7"},
				"south": {"uv": [0, 0, 2, 2], "texture": "#7"},
				"west": {"uv": [0, 0, 1, 2], "texture": "#7"},
				"up": {"uv": [0, 0, 2, 1], "texture": "#7"},
				"down": {"uv": [0, 0, 2, 1], "texture": "#7"}
			}
		},
		{
			"from": [6, 5, 1],
			"to": [10, 7, 2],
			"rotation": {"angle": 0, "axis": "y", "origin": [15, 13, 10]},
			"faces": {
				"north": {"uv": [0, 0, 2, 2], "texture": "#7"},
				"east": {"uv": [0, 0, 2, 2], "texture": "#7"},
				"south": {"uv": [0, 0, 2, 2], "texture": "#7"},
				"west": {"uv": [0, 0, 2, 2], "texture": "#7"},
				"up": {"uv": [0, 0, 2, 2], "texture": "#7"},
				"down": {"uv": [0, 0, 2, 2], "texture": "#7"}
			}
		},
		{
			"from": [1.5, 4, 1],
			"to": [7, 5, 2],
			"rotation": {"angle": 0, "axis": "y", "origin": [15, 12, 9]},
			"faces": {
				"north": {"uv": [0, 0, 5, 1], "texture": "#7"},
				"east": {"uv": [0, 0, 1, 1], "texture": "#7"},
				"south": {"uv": [0, 0, 5, 1], "texture": "#7"},
				"west": {"uv": [0, 0, 1, 1], "texture": "#7"},
				"up": {"uv": [0, 0, 5, 1], "texture": "#7"},
				"down": {"uv": [0, 0, 5, 1], "texture": "#7"}
			}
		},
		{
			"from": [9, 4, 1],
			"to": [14.5, 5, 2],
			"rotation": {"angle": 0, "axis": "y", "origin": [17, 12, 10]},
			"faces": {
				"north": {"uv": [0, 0, 5, 1], "texture": "#7"},
				"east": {"uv": [0, 0, 1, 1], "texture": "#7"},
				"south": {"uv": [0, 0, 5, 1], "texture": "#7"},
				"west": {"uv": [0, 0, 1, 1], "texture": "#7"},
				"up": {"uv": [0, 0, 5, 1], "texture": "#7"},
				"down": {"uv": [0, 0, 5, 1], "texture": "#7"}
			}
		},
		{
			"from": [14.25, 7, 2],
			"to": [15.25, 8, 11],
			"rotation": {"angle": 0, "axis": "y", "origin": [23, 16, 10]},
			"faces": {
				"north": {"uv": [0, 0, 1, 1], "texture": "#7"},
				"east": {"uv": [0, 0, 8, 1], "texture": "#7"},
				"south": {"uv": [0, 0, 1, 1], "texture": "#7"},
				"west": {"uv": [0, 0, 8, 1], "texture": "#7"},
				"up": {"uv": [0, 0, 1, 8], "texture": "#7"},
				"down": {"uv": [0, 0, 1, 8], "texture": "#7"}
			}
		},
		{
			"from": [0.75, 7, 10],
			"to": [1.75, 8, 11],
			"rotation": {"angle": 0, "axis": "y", "origin": [8, 14, 18]},
			"faces": {
				"north": {"uv": [0, 0, 1, 2], "texture": "#7"},
				"east": {"uv": [0, 0, 1, 2], "texture": "#7"},
				"south": {"uv": [0, 0, 1, 2], "texture": "#7"},
				"west": {"uv": [0, 0, 1, 2], "texture": "#7"},
				"up": {"uv": [0, 0, 1, 1], "texture": "#7"},
				"down": {"uv": [0, 0, 1, 1], "texture": "#7"}
			}
		},
		{
			"from": [0.75, 7, 2],
			"to": [1.75, 8, 10],
			"rotation": {"angle": 0, "axis": "y", "origin": [8, 16, 11]},
			"faces": {
				"north": {"uv": [0, 0, 1, 1], "texture": "#7"},
				"east": {"uv": [0, 0, 7, 1], "texture": "#7"},
				"south": {"uv": [0, 0, 1, 1], "texture": "#7"},
				"west": {"uv": [0, 0, 7, 1], "texture": "#7"},
				"up": {"uv": [0, 0, 1, 7], "texture": "#7"},
				"down": {"uv": [0, 0, 1, 7], "texture": "#7"}
			}
		},
		{
			"from": [14.25, 6, 11],
			"to": [15.25, 8, 12],
			"rotation": {"angle": 0, "axis": "y", "origin": [23, 14, 19]},
			"faces": {
				"north": {"uv": [0, 0, 1, 2], "texture": "#7"},
				"east": {"uv": [0, 0, 1, 2], "texture": "#7"},
				"south": {"uv": [0, 0, 1, 2], "texture": "#7"},
				"west": {"uv": [0, 0, 1, 2], "texture": "#7"},
				"up": {"uv": [0, 0, 1, 1], "texture": "#7"},
				"down": {"uv": [0, 0, 1, 1], "texture": "#7"}
			}
		},
		{
			"from": [14.25, 6, 2],
			"to": [15.25, 7, 4],
			"rotation": {"angle": 0, "axis": "y", "origin": [23, 14, 10]},
			"faces": {
				"north": {"uv": [0, 0, 1, 1], "texture": "#7"},
				"east": {"uv": [0, 0, 2, 1], "texture": "#7"},
				"south": {"uv": [0, 0, 1, 1], "texture": "#7"},
				"west": {"uv": [0, 0, 2, 1], "texture": "#7"},
				"up": {"uv": [0, 0, 1, 2], "texture": "#7"},
				"down": {"uv": [0, 0, 1, 2], "texture": "#7"}
			}
		},
		{
			"from": [0.75, 6, 2],
			"to": [1.75, 7, 4],
			"rotation": {"angle": 0, "axis": "y", "origin": [8, 14, 10]},
			"faces": {
				"north": {"uv": [0, 0, 1, 1], "texture": "#7"},
				"east": {"uv": [0, 0, 2, 1], "texture": "#7"},
				"south": {"uv": [0, 0, 1, 1], "texture": "#7"},
				"west": {"uv": [0, 0, 2, 1], "texture": "#7"},
				"up": {"uv": [0, 0, 1, 2], "texture": "#7"},
				"down": {"uv": [0, 0, 1, 2], "texture": "#7"}
			}
		},
		{
			"from": [2, 5, 1],
			"to": [6, 7, 2],
			"rotation": {"angle": 0, "axis": "y", "origin": [11, 13, 9]},
			"faces": {
				"north": {"uv": [1, 1, 15, 12], "texture": "#6"},
				"east": {"uv": [0, 0, 1, 2], "texture": "#6"},
				"south": {"uv": [1, 1, 15, 12], "texture": "#6"},
				"west": {"uv": [0, 0, 1, 2], "texture": "#6"},
				"up": {"uv": [0, 0, 4, 1], "texture": "#6"},
				"down": {"uv": [0, 0, 4, 1], "texture": "#6"}
			}
		},
		{
			"from": [10, 5, 1],
			"to": [14, 7, 2],
			"rotation": {"angle": 0, "axis": "y", "origin": [18, 13, 9]},
			"faces": {
				"north": {"uv": [1, 1, 15, 13], "texture": "#4"},
				"east": {"uv": [0, 0, 1, 2], "texture": "#4"},
				"south": {"uv": [1, 1, 15, 13], "texture": "#4"},
				"west": {"uv": [0, 0, 1, 2], "texture": "#4"},
				"up": {"uv": [0, 0, 4, 1], "texture": "#4"},
				"down": {"uv": [0, 0, 4, 1], "texture": "#4"}
			}
		},
		{
			"from": [0.75, 6, 11],
			"to": [1.75, 8, 12],
			"rotation": {"angle": 0, "axis": "y", "origin": [8, 15, 19]},
			"faces": {
				"north": {"uv": [0, 0, 1, 2], "texture": "#7"},
				"east": {"uv": [0, 0, 1, 2], "texture": "#7"},
				"south": {"uv": [0, 0, 1, 2], "texture": "#7"},
				"west": {"uv": [0, 0, 1, 2], "texture": "#7"},
				"up": {"uv": [0, 0, 1, 1], "texture": "#7"},
				"down": {"uv": [0, 0, 1, 1], "texture": "#7"}
			}
		}
	],
	"display": {
		"thirdperson_righthand": {
			"translation": [0, 0, 3.75],
			"scale": [0.625, 0.625, 0.625]
		},
		"thirdperson_lefthand": {
			"translation": [0, 0, 3.75],
			"scale": [0.625, 0.625, 0.625]
		},
		"gui": {
			"rotation": [18, -150, 0],
			"translation": [-0.5, 1.5, 0],
			"scale": [0.825, 0.825, 0.825]
		},
		"fixed": {
			"translation": [0, 2.75, 8],
			"scale": [1.5, 1.5, 1.5]
		}
	}
}