{
	"credit": "Made with Blockbench",
	"texture_size": [64, 64],
	"textures": {
		"1": "hats/hat/archer"
	},
	"elements": [
		{
			"from": [2, 5, 4],
			"to": [9, 6, 12],
			"rotation": {"angle": 0, "axis": "y", "origin": [0, 5, 0]},
			"faces": {
				"north": {"uv": [2, 2, 3.75, 2.25], "texture": "#1"},
				"east": {"uv": [0, 2, 2, 2.25], "texture": "#1"},
				"south": {"uv": [5.75, 2, 7.5, 2.25], "texture": "#1"},
				"west": {"uv": [3.75, 2, 5.75, 2.25], "texture": "#1"},
				"up": {"uv": [3.75, 2, 2, 0], "texture": "#1"},
				"down": {"uv": [5.5, 0, 3.75, 2], "texture": "#1"}
			}
		},
		{
			"from": [1, 5, 5],
			"to": [2, 6, 11],
			"rotation": {"angle": 0, "axis": "y", "origin": [0, 5, 0]},
			"faces": {
				"north": {"uv": [3.75, 7.75, 4, 8], "texture": "#1"},
				"east": {"uv": [2.25, 7.75, 3.75, 8], "texture": "#1"},
				"south": {"uv": [5.5, 7.75, 5.75, 8], "texture": "#1"},
				"west": {"uv": [4, 7.75, 5.5, 8], "texture": "#1"},
				"up": {"uv": [4, 7.75, 3.75, 6.25], "texture": "#1"},
				"down": {"uv": [4.25, 6.25, 4, 7.75], "texture": "#1"}
			}
		},
		{
			"from": [2.75, 6, 6],
			"to": [9, 9, 10],
			"rotation": {"angle": 0, "axis": "y", "origin": [0, 5, 0]},
			"faces": {
				"north": {"uv": [1, 3.5, 2.5, 4.25], "texture": "#1"},
				"east": {"uv": [0, 3.5, 1, 4.25], "texture": "#1"},
				"south": {"uv": [3.5, 3.5, 5, 4.25], "texture": "#1"},
				"west": {"uv": [2.5, 3.5, 3.5, 4.25], "texture": "#1"},
				"up": {"uv": [2.5, 3.5, 1, 2.5], "texture": "#1"},
				"down": {"uv": [4, 2.5, 2.5, 3.5], "texture": "#1"}
			}
		},
		{
			"from": [4, 9, 6],
			"to": [6, 12, 10],
			"rotation": {"angle": 0, "axis": "y", "origin": [0, 5, 0]},
			"faces": {
				"north": {"uv": [1, 8.25, 1.5, 9], "texture": "#1"},
				"east": {"uv": [0, 8.25, 1, 9], "texture": "#1"},
				"south": {"uv": [2.5, 8.25, 3, 9], "texture": "#1"},
				"west": {"uv": [1.5, 8.25, 2.5, 9], "texture": "#1"},
				"up": {"uv": [1.5, 8.25, 1, 7.25], "texture": "#1"},
				"down": {"uv": [2, 7.25, 1.5, 8.25], "texture": "#1"}
			}
		},
		{
			"from": [3.34985, 8.4815, 6.1],
			"to": [5.34985, 11.7315, 9.9],
			"rotation": {"angle": -22.5, "axis": "z", "origin": [4.34985, 10.2315, 8]},
			"faces": {
				"north": {"uv": [3.25, 9.25, 3.75, 10], "texture": "#1"},
				"east": {"uv": [2.5, 9.25, 3.25, 10], "texture": "#1"},
				"south": {"uv": [4.5, 9.25, 5, 10], "texture": "#1"},
				"west": {"uv": [3.75, 9.25, 4.5, 10], "texture": "#1"},
				"up": {"uv": [3.75, 9.25, 3.25, 8.5], "texture": "#1"},
				"down": {"uv": [4.25, 8.5, 3.75, 9.25], "texture": "#1"}
			}
		},
		{
			"from": [5.83579, 8.20711, 6.1],
			"to": [8.08579, 12.45711, 9.9],
			"rotation": {"angle": 45, "axis": "z", "origin": [7.58579, 9.70711, 8]},
			"faces": {
				"north": {"uv": [8.25, 8.75, 8.75, 9.75], "texture": "#1"},
				"east": {"uv": [7.5, 8.75, 8.25, 9.75], "texture": "#1"},
				"south": {"uv": [9.5, 8.75, 10, 9.75], "texture": "#1"},
				"west": {"uv": [8.75, 8.75, 9.5, 9.75], "texture": "#1"},
				"up": {"uv": [8.75, 8.75, 8.25, 8], "texture": "#1"},
				"down": {"uv": [9.25, 8, 8.75, 8.75], "texture": "#1"}
			}
		},
		{
			"from": [6.69239, 5.53963, 6.1],
			"to": [8.94239, 8.78963, 9.9],
			"rotation": {"angle": 22.5, "axis": "z", "origin": [8.44239, 9.03963, 7.9]},
			"faces": {
				"north": {"uv": [9, 4.25, 9.5, 5], "texture": "#1"},
				"east": {"uv": [8.25, 4.25, 9, 5], "texture": "#1"},
				"south": {"uv": [10.25, 4.25, 10.75, 5], "texture": "#1"},
				"west": {"uv": [9.5, 4.25, 10.25, 5], "texture": "#1"},
				"up": {"uv": [9.5, 4.25, 9, 3.5], "texture": "#1"},
				"down": {"uv": [10, 3.5, 9.5, 4.25], "texture": "#1"}
			}
		},
		{
			"from": [9, 5, 5],
			"to": [11, 6, 11],
			"rotation": {"angle": 0, "axis": "y", "origin": [0, 5, 0]},
			"faces": {
				"north": {"uv": [5.25, 4.5, 5.75, 4.75], "texture": "#1"},
				"east": {"uv": [3.75, 4.5, 5.25, 4.75], "texture": "#1"},
				"south": {"uv": [7.25, 4.5, 7.75, 4.75], "texture": "#1"},
				"west": {"uv": [5.75, 4.5, 7.25, 4.75], "texture": "#1"},
				"up": {"uv": [5.75, 4.5, 5.25, 3], "texture": "#1"},
				"down": {"uv": [6.25, 3, 5.75, 4.5], "texture": "#1"}
			}
		},
		{
			"from": [11, 5, 5.75],
			"to": [13, 6, 10.25],
			"rotation": {"angle": 0, "axis": "y", "origin": [0, 5, 0]},
			"faces": {
				"north": {"uv": [6, 8.25, 6.5, 8.5], "texture": "#1"},
				"east": {"uv": [5, 8.25, 6, 8.5], "texture": "#1"},
				"south": {"uv": [7.5, 8.25, 8, 8.5], "texture": "#1"},
				"west": {"uv": [6.5, 8.25, 7.5, 8.5], "texture": "#1"},
				"up": {"uv": [6.5, 8.25, 6, 7.25], "texture": "#1"},
				"down": {"uv": [7, 7.25, 6.5, 8.25], "texture": "#1"}
			}
		},
		{
			"from": [13, 5, 6.75],
			"to": [15, 6, 9.25],
			"rotation": {"angle": 0, "axis": "y", "origin": [0, 5, 0]},
			"faces": {
				"north": {"uv": [8.25, 1.75, 8.75, 2], "texture": "#1"},
				"east": {"uv": [7.75, 1.75, 8.25, 2], "texture": "#1"},
				"south": {"uv": [9.25, 1.75, 9.75, 2], "texture": "#1"},
				"west": {"uv": [8.75, 1.75, 9.25, 2], "texture": "#1"},
				"up": {"uv": [8.75, 1.75, 8.25, 1.25], "texture": "#1"},
				"down": {"uv": [9.25, 1.25, 8.75, 1.75], "texture": "#1"}
			}
		},
		{
			"from": [15, 5, 7.25],
			"to": [16, 6, 8.75],
			"rotation": {"angle": 0, "axis": "y", "origin": [0, 5, 0]},
			"faces": {
				"north": {"uv": [6, 1.5, 6.25, 1.75], "texture": "#1"},
				"east": {"uv": [5.75, 1.5, 6, 1.75], "texture": "#1"},
				"south": {"uv": [6.5, 1.5, 6.75, 1.75], "texture": "#1"},
				"west": {"uv": [6.25, 1.5, 6.5, 1.75], "texture": "#1"},
				"up": {"uv": [6.25, 1.5, 6, 1.25], "texture": "#1"},
				"down": {"uv": [6.5, 1.25, 6.25, 1.5], "texture": "#1"}
			}
		},
		{
			"from": [2, 6, 11],
			"to": [9, 8, 12],
			"rotation": {"angle": 0, "axis": "y", "origin": [0, 5, 0]},
			"faces": {
				"north": {"uv": [6.75, 2.75, 8.5, 3.25], "texture": "#1"},
				"east": {"uv": [6.5, 2.75, 6.75, 3.25], "texture": "#1"},
				"south": {"uv": [8.75, 2.75, 10.5, 3.25], "texture": "#1"},
				"west": {"uv": [8.5, 2.75, 8.75, 3.25], "texture": "#1"},
				"up": {"uv": [8.5, 2.75, 6.75, 2.5], "texture": "#1"},
				"down": {"uv": [10.25, 2.5, 8.5, 2.75], "texture": "#1"}
			}
		},
		{
			"from": [8.50418, 5, 9.50733],
			"to": [16.50418, 8, 10.50733],
			"rotation": {"angle": 22.5, "axis": "y", "origin": [12.50418, 7, 10.00733]},
			"faces": {
				"north": {"uv": [6, 0.25, 8, 1], "texture": "#1"},
				"east": {"uv": [5.75, 0.25, 6, 1], "texture": "#1"},
				"south": {"uv": [8.25, 0.25, 10.25, 1], "texture": "#1"},
				"west": {"uv": [8, 0.25, 8.25, 1], "texture": "#1"},
				"up": {"uv": [8, 0.25, 6, 0], "texture": "#1"},
				"down": {"uv": [10, 0, 8, 0.25], "texture": "#1"}
			}
		},
		{
			"from": [6.59076, 5, 5.11207],
			"to": [14.59076, 8, 6.11207],
			"rotation": {"angle": -22.5, "axis": "y", "origin": [10.59076, 7, 10.61207]},
			"faces": {
				"north": {"uv": [4, 5.25, 6, 6], "texture": "#1"},
				"east": {"uv": [3.75, 5.25, 4, 6], "texture": "#1"},
				"south": {"uv": [6.25, 5.25, 8.25, 6], "texture": "#1"},
				"west": {"uv": [6, 5.25, 6.25, 6], "texture": "#1"},
				"up": {"uv": [6, 5.25, 4, 5], "texture": "#1"},
				"down": {"uv": [8, 5, 6, 5.25], "texture": "#1"}
			}
		},
		{
			"from": [2, 6, 4],
			"to": [9, 8, 5],
			"rotation": {"angle": 0, "axis": "y", "origin": [0, 5, 0]},
			"faces": {
				"north": {"uv": [4.75, 6.5, 6.5, 7], "texture": "#1"},
				"east": {"uv": [4.5, 6.5, 4.75, 7], "texture": "#1"},
				"south": {"uv": [6.75, 6.5, 8.5, 7], "texture": "#1"},
				"west": {"uv": [6.5, 6.5, 6.75, 7], "texture": "#1"},
				"up": {"uv": [6.5, 6.5, 4.75, 6.25], "texture": "#1"},
				"down": {"uv": [8.25, 6.25, 6.5, 6.5], "texture": "#1"}
			}
		},
		{
			"from": [1.1, 5, 4.20711],
			"to": [2.5, 8, 5.20711],
			"rotation": {"angle": 45, "axis": "y", "origin": [2, 7, 4.70711]},
			"faces": {
				"north": {"uv": [2.5, 4.75, 2.75, 5.5], "texture": "#1"},
				"east": {"uv": [2.25, 4.75, 2.5, 5.5], "texture": "#1"},
				"south": {"uv": [3, 4.75, 3.25, 5.5], "texture": "#1"},
				"west": {"uv": [2.75, 4.75, 3, 5.5], "texture": "#1"},
				"up": {"uv": [2.75, 4.75, 2.5, 4.5], "texture": "#1"},
				"down": {"uv": [3, 4.5, 2.75, 4.75], "texture": "#1"}
			}
		},
		{
			"from": [1.1, 5, 10.79289],
			"to": [2.5, 8, 11.79289],
			"rotation": {"angle": -45, "axis": "y", "origin": [2, 7, 11.29289]},
			"faces": {
				"north": {"uv": [0.25, 4.75, 0.5, 5.5], "texture": "#1"},
				"east": {"uv": [0, 4.75, 0.25, 5.5], "texture": "#1"},
				"south": {"uv": [0.75, 4.75, 1, 5.5], "texture": "#1"},
				"west": {"uv": [0.5, 4.75, 0.75, 5.5], "texture": "#1"},
				"up": {"uv": [0.5, 4.75, 0.25, 4.5], "texture": "#1"},
				"down": {"uv": [0.75, 4.5, 0.5, 4.75], "texture": "#1"}
			}
		},
		{
			"from": [1, 6, 5],
			"to": [2, 8, 11],
			"rotation": {"angle": 0, "axis": "y", "origin": [0, 5, 0]},
			"faces": {
				"north": {"uv": [1.5, 6, 1.75, 6.5], "texture": "#1"},
				"east": {"uv": [0, 6, 1.5, 6.5], "texture": "#1"},
				"south": {"uv": [3.25, 6, 3.5, 6.5], "texture": "#1"},
				"west": {"uv": [1.75, 6, 3.25, 6.5], "texture": "#1"},
				"up": {"uv": [1.75, 6, 1.5, 4.5], "texture": "#1"},
				"down": {"uv": [2, 4.5, 1.75, 6], "texture": "#1"}
			}
		},
		{
			"from": [16, 5, 7],
			"to": [17, 8, 9],
			"rotation": {"angle": 0, "axis": "y", "origin": [0, 5, 0]},
			"faces": {
				"north": {"uv": [0.5, 0.5, 0.75, 1.25], "texture": "#1"},
				"east": {"uv": [0, 0.5, 0.5, 1.25], "texture": "#1"},
				"south": {"uv": [1.25, 0.5, 1.5, 1.25], "texture": "#1"},
				"west": {"uv": [0.75, 0.5, 1.25, 1.25], "texture": "#1"},
				"up": {"uv": [0.75, 0.5, 0.5, 0], "texture": "#1"},
				"down": {"uv": [1, 0, 0.75, 0.5], "texture": "#1"}
			}
		}
	],
	"display": {
		"thirdperson_righthand": {
			"translation": [0, 2, 0],
			"scale": [0.67, 0.67, 0.67]
		},
		"thirdperson_lefthand": {
			"rotation": [0, -180, 0],
			"translation": [0, 2.25, 0],
			"scale": [0.67, 0.67, 0.67]
		},
		"firstperson_righthand": {
			"rotation": [0, 80, 0]
		},
		"firstperson_lefthand": {
			"rotation": [0, -80, 0]
		},
		"ground": {
			"scale": [0.76, 0.76, 0.76]
		},
		"gui": {
			"rotation": [41, -23, 1],
			"translation": [-0.5, 0, 0],
			"scale": [0.88, 0.88, 0.88]
		},
		"head": {
			"rotation": [0, 90, 2],
			"translation": [0, 10.25, -1.75],
			"scale": [1.3, 1.3, 1.3]
		},
		"fixed": {
			"rotation": [-90, 0, 0],
			"translation": [-0.75, 0, -3]
		}
	},
	"groups": [
		{
			"name": "group",
			"origin": [8, 8, 8],
			"color": 0,
			"children": [0, 1, 2, 3, 4, 5, 6, 7, 8, 9, 10, 11, 12, 13, 14, 15, 16, 17, 18]
		}
	]
}