{
	"credit": "Made with Blockbench",
	"texture_size": [128, 64],
	"textures": {
		"0": "entity/boat/acacia",
		"particle": "entity/boat/acacia"
	},
	"elements": [
		{
			"from": [4, 14.5, 2],
			"to": [12, 16, 16],
			"rotation": {"angle": 0, "axis": "y", "origin": [12, 8, 8]},
			"faces": {
				"north": {"uv": [0, 0.75, 1, 4.75], "rotation": 90, "texture": "#0"},
				"east": {"uv": [0, 0.75, 1, 4.75], "rotation": 90, "texture": "#0"},
				"south": {"uv": [0, 0.75, 1, 4.625], "rotation": 90, "texture": "#0"},
				"west": {"uv": [0, 0.75, 1, 4.75], "rotation": 90, "texture": "#0"},
				"up": {"uv": [1, 0.875, 3.75, 4.375], "rotation": 90, "texture": "#0"},
				"down": {"uv": [1, 0.875, 3.75, 4.375], "rotation": 90, "texture": "#0"}
			}
		},
		{
			"from": [12, 15.5, 2],
			"to": [13, 18.3, 16],
			"rotation": {"angle": 0, "axis": "y", "origin": [12, 9, 8]},
			"faces": {
				"north": {"uv": [1.5, 0.875, 1.625, 1.575], "rotation": 180, "texture": "#0"},
				"east": {"uv": [0.875, 11, 2.625, 11.7], "rotation": 180, "texture": "#0"},
				"south": {"uv": [1.5, 0.875, 1.625, 1.575], "rotation": 180, "texture": "#0"},
				"west": {"uv": [0.875, 11, 2.625, 11.7], "rotation": 180, "texture": "#0"},
				"up": {"uv": [0, 1.875, 1.75, 2.125], "rotation": 90, "texture": "#0"},
				"down": {"uv": [0, 1.875, 1.75, 2.125], "rotation": 90, "texture": "#0"}
			}
		},
		{
			"from": [3, 15.5, 2],
			"to": [4, 18.3, 16],
			"rotation": {"angle": 0, "axis": "y", "origin": [3, 9, 8]},
			"faces": {
				"north": {"uv": [1.5, 0.875, 2.125, 2.75], "rotation": 180, "texture": "#0"},
				"east": {"uv": [0.875, 11, 5.25, 12.625], "rotation": 180, "texture": "#0"},
				"south": {"uv": [1.5, 0.875, 2.125, 2.75], "rotation": 180, "texture": "#0"},
				"west": {"uv": [0.875, 11, 5.25, 12.625], "rotation": 180, "texture": "#0"},
				"up": {"uv": [0, 1.875, 7, 2.5], "rotation": 90, "texture": "#0"},
				"down": {"uv": [0, 1.875, 7, 2.5], "rotation": 90, "texture": "#0"}
			}
		},
		{
			"from": [1.6, 14.675, 8.875],
			"to": [2.4, 23.675, 9.675],
			"rotation": {"angle": -45, "axis": "z", "origin": [1.875, 17.55, 9.325]},
			"faces": {
				"north": {"uv": [7.75, 4.5, 8.875, 4.7], "rotation": 270, "texture": "#0"},
				"east": {"uv": [7.75, 4.5, 8.875, 4.7], "rotation": 270, "texture": "#0"},
				"south": {"uv": [7.75, 4.5, 8.875, 4.7], "rotation": 270, "texture": "#0"},
				"west": {"uv": [7.75, 4.5, 8.875, 4.7], "rotation": 270, "texture": "#0"},
				"up": {"uv": [0, 0.8, 0.1, 1], "rotation": 90, "texture": "#0"},
				"down": {"uv": [0, 0.8, 0.1, 1], "rotation": 90, "texture": "#0"}
			}
		},
		{
			"from": [13.6, 14.675, 8.875],
			"to": [14.4, 23.675, 9.675],
			"rotation": {"angle": 45, "axis": "z", "origin": [14.125, 17.55, 9.325]},
			"faces": {
				"north": {"uv": [7.75, 4.5, 10, 5], "rotation": 270, "texture": "#0"},
				"east": {"uv": [7.75, 4.5, 10, 5], "rotation": 270, "texture": "#0"},
				"south": {"uv": [7.75, 4.5, 10, 5], "rotation": 270, "texture": "#0"},
				"west": {"uv": [7.75, 4.5, 10, 5], "rotation": 270, "texture": "#0"},
				"up": {"uv": [0, 0.8, 0.8, 1.6], "rotation": 90, "texture": "#0"},
				"down": {"uv": [0, 0.8, 0.8, 1.6], "rotation": 90, "texture": "#0"}
			}
		},
		{
			"from": [1.5, 14.175, 7.875],
			"to": [2, 17.675, 10.875],
			"rotation": {"angle": -45, "axis": "z", "origin": [1.875, 17.55, 9.325]},
			"faces": {
				"north": {"uv": [7.875, 4.5, 11.375, 5], "rotation": 90, "texture": "#0"},
				"east": {"uv": [7.75, 1.75, 9.75, 3.25], "rotation": 270, "texture": "#0"},
				"south": {"uv": [7.875, 4.5, 11.375, 5], "rotation": 90, "texture": "#0"},
				"west": {"uv": [7.75, 1.75, 9.75, 3.25], "rotation": 270, "texture": "#0"},
				"up": {"uv": [7.875, 4.5, 11.375, 5], "rotation": 90, "texture": "#0"},
				"down": {"uv": [7.875, 4.5, 11.375, 5], "rotation": 90, "texture": "#0"}
			}
		},
		{
			"from": [14, 14.175, 7.875],
			"to": [14.5, 17.675, 10.875],
			"rotation": {"angle": 45, "axis": "z", "origin": [14.125, 17.55, 9.325]},
			"faces": {
				"north": {"uv": [7.875, 4.5, 11.375, 5], "rotation": 90, "texture": "#0"},
				"east": {"uv": [7.75, 1.75, 9.75, 3.25], "rotation": 270, "texture": "#0"},
				"south": {"uv": [7.875, 4.5, 11.375, 5], "rotation": 90, "texture": "#0"},
				"west": {"uv": [7.75, 1.75, 9.75, 3.25], "rotation": 270, "texture": "#0"},
				"up": {"uv": [7.875, 4.5, 11.375, 5], "rotation": 90, "texture": "#0"},
				"down": {"uv": [7.875, 4.5, 11.375, 5], "rotation": 90, "texture": "#0"}
			}
		},
		{
			"from": [4, 15.5, 1],
			"to": [12, 18.3, 2],
			"rotation": {"angle": 0, "axis": "y", "origin": [5, 8, 8]},
			"faces": {
				"north": {"uv": [3, 4, 4.5, 8.5], "rotation": 270, "texture": "#0"},
				"east": {"uv": [1.5, 0.875, 2.125, 2.75], "rotation": 180, "texture": "#0"},
				"south": {"uv": [3, 4, 4.5, 8.5], "rotation": 270, "texture": "#0"},
				"west": {"uv": [1.5, 0.875, 2.125, 2.75], "rotation": 180, "texture": "#0"},
				"up": {"uv": [1.25, 0, 2.75, 4.875], "rotation": 90, "texture": "#0"},
				"down": {"uv": [2.625, 3.875, 3.875, 8.75], "rotation": 90, "texture": "#0"}
			}
		},
		{
			"from": [4, 15.5, 16],
			"to": [12, 18.3, 17],
			"rotation": {"angle": 0, "axis": "y", "origin": [5, 8, 23]},
			"faces": {
				"north": {"uv": [3, 4, 4.5, 8.5], "rotation": 270, "texture": "#0"},
				"east": {"uv": [1.5, 0.875, 2.125, 2.75], "rotation": 180, "texture": "#0"},
				"south": {"uv": [3, 4, 4.5, 8.5], "rotation": 270, "texture": "#0"},
				"west": {"uv": [1.5, 0.875, 2.125, 2.75], "rotation": 180, "texture": "#0"},
				"up": {"uv": [1.25, 0, 2.75, 4.875], "rotation": 90, "texture": "#0"},
				"down": {"uv": [2.625, 3.875, 3.875, 8.75], "rotation": 90, "texture": "#0"}
			}
		}
	],
	"display": {
		"thirdperson_righthand": {
			"translation": [0, -3.25, 0],
			"scale": [0.5, 0.5, 0.5]
		},
		"thirdperson_lefthand": {
			"translation": [0, -3.25, 0],
			"scale": [0.5, 0.5, 0.5]
		},
		"firstperson_righthand": {
			"translation": [-0.25, -1, 2],
			"scale": [0.5, 0.5, 0.5]
		},
		"firstperson_lefthand": {
			"translation": [-0.25, -1, 2],
			"scale": [0.5, 0.5, 0.5]
		},
		"ground": {
			"translation": [0, -5.75, 0],
			"scale": [0.5, 0.5, 0.5]
		},
		"gui": {
			"rotation": [18, -150, 0],
			"translation": [0.5, -8, 0],
			"scale": [0.9, 0.9, 0.9]
		},
		"head": {
			"translation": [0, 0, -1]
		},
		"fixed": {
			"rotation": [0, 90, 0],
			"translation": [-1, -9, 0]
		}
	}
}