{
	"credit": "Made with Blockbench",
	"textures": {
		"1": "block/yellow_wool"
	},
	"elements": [
		{
			"from": [6.4085, 21.5, 0.5],
			"to": [9.5915, 22, 1.5],
			"rotation": {"angle": 0, "axis": "x", "origin": [8, 22, 8]},
			"faces": {
				"north": {"uv": [4, 1, 5.183, 2], "rotation": 180, "texture": "#1"},
				"east": {"uv": [4, 1, 5.183, 2], "rotation": 180, "texture": "#1"},
				"south": {"uv": [4, 1, 5.183, 2], "rotation": 180, "texture": "#1"},
				"west": {"uv": [4, 1, 5.183, 2], "rotation": 180, "texture": "#1"},
				"up": {"uv": [4, 1, 5.183, 2], "rotation": 180, "texture": "#1"},
				"down": {"uv": [4, 1, 5.183, 2], "rotation": 180, "texture": "#1"}
			}
		},
		{
			"from": [6.4085, 21.5, 0.5],
			"to": [9.5915, 22, 1.5],
			"rotation": {"angle": 22.5, "axis": "y", "origin": [8, 22, 8]},
			"faces": {
				"north": {"uv": [4, 1, 5.183, 2], "rotation": 180, "texture": "#1"},
				"east": {"uv": [4, 1, 5.183, 2], "rotation": 180, "texture": "#1"},
				"south": {"uv": [4, 1, 5.183, 2], "rotation": 180, "texture": "#1"},
				"west": {"uv": [4, 1, 5.183, 2], "rotation": 180, "texture": "#1"},
				"up": {"uv": [4, 1, 5.183, 2], "rotation": 180, "texture": "#1"},
				"down": {"uv": [4, 1, 5.183, 2], "rotation": 180, "texture": "#1"}
			}
		},
		{
			"from": [6.4085, 21.5, 0.5],
			"to": [9.5915, 22, 1.5],
			"rotation": {"angle": 45, "axis": "y", "origin": [8, 22, 8]},
			"faces": {
				"north": {"uv": [4, 1, 5.183, 2], "rotation": 180, "texture": "#1"},
				"east": {"uv": [4, 1, 5.183, 2], "rotation": 180, "texture": "#1"},
				"south": {"uv": [4, 1, 5.183, 2], "rotation": 180, "texture": "#1"},
				"west": {"uv": [4, 1, 5.183, 2], "rotation": 180, "texture": "#1"},
				"up": {"uv": [4, 1, 5.183, 2], "rotation": 180, "texture": "#1"},
				"down": {"uv": [4, 1, 5.183, 2], "rotation": 180, "texture": "#1"}
			}
		},
		{
			"from": [0.5, 21.5, 6.4085],
			"to": [1.5, 22, 9.5915],
			"rotation": {"angle": -22.5, "axis": "y", "origin": [8, 22, 8]},
			"faces": {
				"north": {"uv": [4, 1, 5.183, 2], "rotation": 270, "texture": "#1"},
				"east": {"uv": [4, 1, 5.183, 2], "rotation": 270, "texture": "#1"},
				"south": {"uv": [4, 1, 5.183, 2], "rotation": 270, "texture": "#1"},
				"west": {"uv": [4, 1, 5.183, 2], "rotation": 270, "texture": "#1"},
				"up": {"uv": [4, 1, 5.183, 2], "rotation": 270, "texture": "#1"},
				"down": {"uv": [4, 1, 5.183, 2], "rotation": 270, "texture": "#1"}
			}
		},
		{
			"from": [0.5, 21.5, 6.4085],
			"to": [1.5, 22, 9.5915],
			"rotation": {"angle": 0, "axis": "y", "origin": [8, 22, 8]},
			"faces": {
				"north": {"uv": [4, 1, 5.183, 2], "rotation": 270, "texture": "#1"},
				"east": {"uv": [4, 1, 5.183, 2], "rotation": 270, "texture": "#1"},
				"south": {"uv": [4, 1, 5.183, 2], "rotation": 270, "texture": "#1"},
				"west": {"uv": [4, 1, 5.183, 2], "rotation": 270, "texture": "#1"},
				"up": {"uv": [4, 1, 5.183, 2], "rotation": 270, "texture": "#1"},
				"down": {"uv": [4, 1, 5.183, 2], "rotation": 270, "texture": "#1"}
			}
		},
		{
			"from": [0.5, 21.5, 6.4085],
			"to": [1.5, 22, 9.5915],
			"rotation": {"angle": 22.5, "axis": "y", "origin": [8, 22, 8]},
			"faces": {
				"north": {"uv": [4, 1, 5.183, 2], "rotation": 270, "texture": "#1"},
				"east": {"uv": [4, 1, 5.183, 2], "rotation": 270, "texture": "#1"},
				"south": {"uv": [4, 1, 5.183, 2], "rotation": 270, "texture": "#1"},
				"west": {"uv": [4, 1, 5.183, 2], "rotation": 270, "texture": "#1"},
				"up": {"uv": [4, 1, 5.183, 2], "rotation": 270, "texture": "#1"},
				"down": {"uv": [4, 1, 5.183, 2], "rotation": 270, "texture": "#1"}
			}
		},
		{
			"from": [0.5, 21.5, 6.4085],
			"to": [1.5, 22, 9.5915],
			"rotation": {"angle": 45, "axis": "y", "origin": [8, 22, 8]},
			"faces": {
				"north": {"uv": [4, 1, 5.183, 2], "rotation": 270, "texture": "#1"},
				"east": {"uv": [4, 1, 5.183, 2], "rotation": 270, "texture": "#1"},
				"south": {"uv": [4, 1, 5.183, 2], "rotation": 270, "texture": "#1"},
				"west": {"uv": [4, 1, 5.183, 2], "rotation": 270, "texture": "#1"},
				"up": {"uv": [4, 1, 5.183, 2], "rotation": 270, "texture": "#1"},
				"down": {"uv": [4, 1, 5.183, 2], "rotation": 270, "texture": "#1"}
			}
		},
		{
			"from": [6.4085, 21.5, 14.5],
			"to": [9.5915, 22, 15.5],
			"rotation": {"angle": -22.5, "axis": "y", "origin": [8, 22, 8]},
			"faces": {
				"north": {"uv": [4, 1, 5.183, 2], "texture": "#1"},
				"east": {"uv": [4, 1, 5.183, 2], "texture": "#1"},
				"south": {"uv": [4, 1, 5.183, 2], "texture": "#1"},
				"west": {"uv": [4, 1, 5.183, 2], "texture": "#1"},
				"up": {"uv": [4, 1, 5.183, 2], "texture": "#1"},
				"down": {"uv": [4, 1, 5.183, 2], "texture": "#1"}
			}
		},
		{
			"from": [6.4085, 21.5, 14.5],
			"to": [9.5915, 22, 15.5],
			"rotation": {"angle": 0, "axis": "y", "origin": [8, 22, 8]},
			"faces": {
				"north": {"uv": [4, 1, 5.183, 2], "texture": "#1"},
				"east": {"uv": [4, 1, 5.183, 2], "texture": "#1"},
				"south": {"uv": [4, 1, 5.183, 2], "texture": "#1"},
				"west": {"uv": [4, 1, 5.183, 2], "texture": "#1"},
				"up": {"uv": [4, 1, 5.183, 2], "texture": "#1"},
				"down": {"uv": [4, 1, 5.183, 2], "texture": "#1"}
			}
		},
		{
			"from": [6.4085, 21.5, 14.5],
			"to": [9.5915, 22, 15.5],
			"rotation": {"angle": 22.5, "axis": "y", "origin": [8, 22, 8]},
			"faces": {
				"north": {"uv": [4, 1, 5.183, 2], "texture": "#1"},
				"east": {"uv": [4, 1, 5.183, 2], "texture": "#1"},
				"south": {"uv": [4, 1, 5.183, 2], "texture": "#1"},
				"west": {"uv": [4, 1, 5.183, 2], "texture": "#1"},
				"up": {"uv": [4, 1, 5.183, 2], "texture": "#1"},
				"down": {"uv": [4, 1, 5.183, 2], "texture": "#1"}
			}
		},
		{
			"from": [6.4085, 21.5, 14.5],
			"to": [9.5915, 22, 15.5],
			"rotation": {"angle": 45, "axis": "y", "origin": [8, 22, 8]},
			"faces": {
				"north": {"uv": [4, 1, 5.183, 2], "texture": "#1"},
				"east": {"uv": [4, 1, 5.183, 2], "texture": "#1"},
				"south": {"uv": [4, 1, 5.183, 2], "texture": "#1"},
				"west": {"uv": [4, 1, 5.183, 2], "texture": "#1"},
				"up": {"uv": [4, 1, 5.183, 2], "texture": "#1"},
				"down": {"uv": [4, 1, 5.183, 2], "texture": "#1"}
			}
		},
		{
			"from": [14.5, 21.5, 6.4085],
			"to": [15.5, 22, 9.5915],
			"rotation": {"angle": -22.5, "axis": "y", "origin": [8, 22, 8]},
			"faces": {
				"north": {"uv": [4, 1, 5.183, 2], "rotation": 90, "texture": "#1"},
				"east": {"uv": [4, 1, 5.183, 2], "rotation": 90, "texture": "#1"},
				"south": {"uv": [4, 1, 5.183, 2], "rotation": 90, "texture": "#1"},
				"west": {"uv": [4, 1, 5.183, 2], "rotation": 90, "texture": "#1"},
				"up": {"uv": [4, 1, 5.183, 2], "rotation": 90, "texture": "#1"},
				"down": {"uv": [4, 1, 5.183, 2], "rotation": 90, "texture": "#1"}
			}
		},
		{
			"from": [14.5, 21.5, 6.4085],
			"to": [15.5, 22, 9.5915],
			"rotation": {"angle": 0, "axis": "y", "origin": [8, 22, 8]},
			"faces": {
				"north": {"uv": [4, 1, 5.183, 2], "rotation": 90, "texture": "#1"},
				"east": {"uv": [4, 1, 5.183, 2], "rotation": 90, "texture": "#1"},
				"south": {"uv": [4, 1, 5.183, 2], "rotation": 90, "texture": "#1"},
				"west": {"uv": [4, 1, 5.183, 2], "rotation": 90, "texture": "#1"},
				"up": {"uv": [4, 1, 5.183, 2], "rotation": 90, "texture": "#1"},
				"down": {"uv": [4, 1, 5.183, 2], "rotation": 90, "texture": "#1"}
			}
		},
		{
			"from": [14.5, 21.5, 6.4085],
			"to": [15.5, 22, 9.5915],
			"rotation": {"angle": 22.5, "axis": "y", "origin": [8, 22, 8]},
			"faces": {
				"north": {"uv": [4, 1, 5.183, 2], "rotation": 90, "texture": "#1"},
				"east": {"uv": [4, 1, 5.183, 2], "rotation": 90, "texture": "#1"},
				"south": {"uv": [4, 1, 5.183, 2], "rotation": 90, "texture": "#1"},
				"west": {"uv": [4, 1, 5.183, 2], "rotation": 90, "texture": "#1"},
				"up": {"uv": [4, 1, 5.183, 2], "rotation": 90, "texture": "#1"},
				"down": {"uv": [4, 1, 5.183, 2], "rotation": 90, "texture": "#1"}
			}
		},
		{
			"from": [14.5, 21.5, 6.4085],
			"to": [15.5, 22, 9.5915],
			"rotation": {"angle": 45, "axis": "y", "origin": [8, 22, 8]},
			"faces": {
				"north": {"uv": [4, 1, 5.183, 2], "rotation": 90, "texture": "#1"},
				"east": {"uv": [4, 1, 5.183, 2], "rotation": 90, "texture": "#1"},
				"south": {"uv": [4, 1, 5.183, 2], "rotation": 90, "texture": "#1"},
				"west": {"uv": [4, 1, 5.183, 2], "rotation": 90, "texture": "#1"},
				"up": {"uv": [4, 1, 5.183, 2], "rotation": 90, "texture": "#1"},
				"down": {"uv": [4, 1, 5.183, 2], "rotation": 90, "texture": "#1"}
			}
		},
		{
			"from": [6.4085, 21.5, 0.5],
			"to": [9.5915, 22, 1.5],
			"rotation": {"angle": -22.5, "axis": "y", "origin": [8, 22, 8]},
			"faces": {
				"north": {"uv": [4, 1, 5.183, 2], "rotation": 180, "texture": "#1"},
				"east": {"uv": [4, 1, 5.183, 2], "rotation": 180, "texture": "#1"},
				"south": {"uv": [4, 1, 5.183, 2], "rotation": 180, "texture": "#1"},
				"west": {"uv": [4, 1, 5.183, 2], "rotation": 180, "texture": "#1"},
				"up": {"uv": [4, 1, 5.183, 2], "rotation": 180, "texture": "#1"},
				"down": {"uv": [4, 1, 5.183, 2], "rotation": 180, "texture": "#1"}
			}
		}
	],
	"display": {
		"thirdperson_righthand": {
			"rotation": [0, 0, 90],
			"translation": [7, 0, 0],
			"scale": [0.5, 0.5, 0.5]
		},
		"thirdperson_lefthand": {
			"rotation": [0, 0, 90],
			"translation": [7, 0, 0],
			"scale": [0.5, 0.5, 0.5]
		},
		"firstperson_righthand": {
			"rotation": [0, 0, 90],
			"translation": [18, 0, 0]
		},
		"firstperson_lefthand": {
			"rotation": [0, 0, 90],
			"translation": [18, 0, 0]
		},
		"ground": {
			"translation": [0, -10.75, 0],
			"scale": [0.75, 0.75, 0.75]
		},
		"fixed": {
			"rotation": [-90, 0, 0],
			"translation": [0, -0.25, 13.5]
		}
	}
}