{
	"credit": "Made with Blockbench",
	"texture_size": [64, 64],
	"textures": {
		"6": "block/black_concrete",
		"4_7": "hats/hat/bee/bee",
		"3_2": "block/honey_block_bottom"
	},
	"elements": [
		{
			"from": [0.5, 13, 0.5],
			"to": [15.5, 15.5, 15.5],
			"rotation": {"angle": 0, "axis": "y", "origin": [14, 22, 14]},
			"faces": {
				"north": {"uv": [0, 4.5, 3.75, 5.25], "texture": "#3_2"},
				"east": {"uv": [0.25, 2.25, 4, 3], "texture": "#3_2"},
				"south": {"uv": [0, 0.25, 3.75, 1], "texture": "#3_2"},
				"west": {"uv": [0, 0.75, 3.75, 1.5], "texture": "#3_2"},
				"up": {"uv": [0, 3.5, 3.75, 7.25], "texture": "#3_2"},
				"down": {"uv": [0, 3.5, 3.75, 7.25], "texture": "#3_2"}
			}
		},
		{
			"from": [9, 12, 0.5],
			"to": [13, 13, 15.5],
			"rotation": {"angle": 0, "axis": "y", "origin": [14, 20, 14]},
			"faces": {
				"north": {"uv": [1.75, 1.75, 2.75, 2], "texture": "#3_2"},
				"east": {"uv": [0.25, 2, 4, 2.25], "texture": "#3_2"},
				"south": {"uv": [1.5, 2, 2.5, 2.25], "texture": "#3_2"},
				"west": {"uv": [0.25, 2, 4, 2.25], "texture": "#3_2"},
				"down": {"uv": [3.5, 30, 3.6875, 35], "texture": "#3_2"}
			}
		},
		{
			"from": [5, 12, 0.5],
			"to": [8, 13, 15.5],
			"rotation": {"angle": 0, "axis": "y", "origin": [9, 20, 14]},
			"faces": {
				"north": {"uv": [1.25, 3.25, 2, 3.5], "texture": "#3_2"},
				"east": {"uv": [0.25, 2, 4, 2.25], "texture": "#3_2"},
				"south": {"uv": [1.25, 3.25, 2, 3.5], "texture": "#3_2"},
				"west": {"uv": [0.25, 2, 4, 2.25], "texture": "#3_2"},
				"down": {"uv": [3.5, 30, 3.6875, 35], "texture": "#3_2"}
			}
		},
		{
			"from": [3, 12, 0.5],
			"to": [4, 13, 15.5],
			"rotation": {"angle": 0, "axis": "y", "origin": [6, 20, 14]},
			"faces": {
				"north": {"uv": [2, 4, 2.25, 4.25], "texture": "#3_2"},
				"east": {"uv": [0.25, 2, 4, 2.25], "texture": "#3_2"},
				"south": {"uv": [2, 4, 2.25, 4.25], "texture": "#3_2"},
				"west": {"uv": [0.25, 2, 4, 2.25], "texture": "#3_2"},
				"down": {"uv": [3.5, 30, 3.6875, 35], "texture": "#3_2"}
			}
		},
		{
			"from": [0.5, 12, 3],
			"to": [15.5, 13, 6],
			"rotation": {"angle": 0, "axis": "y", "origin": [16, 20, 15]},
			"faces": {
				"north": {"uv": [0.25, 2, 4, 2.25], "texture": "#3_2"},
				"east": {"uv": [1.75, 2.5, 2.5, 2.75], "texture": "#3_2"},
				"south": {"uv": [0.25, 2, 4, 2.25], "texture": "#3_2"},
				"west": {"uv": [1.5, 3.25, 2.25, 3.5], "texture": "#3_2"},
				"down": {"uv": [0.25, 1.75, 4, 2.5], "texture": "#3_2"}
			}
		},
		{
			"from": [4, 12, 3],
			"to": [12, 13, 13],
			"rotation": {"angle": 0, "axis": "y", "origin": [16, 20, 15]},
			"faces": {
				"north": {"uv": [2.25, 2, 4, 2.25], "texture": "#3_2"},
				"east": {"uv": [0, 0, 0.75, 5], "texture": "#3_2"},
				"south": {"uv": [2.25, 2, 4, 2.25], "texture": "#3_2"},
				"west": {"uv": [0, 0, 0.75, 5], "texture": "#3_2"},
				"down": {"uv": [0, 0, 0.75, 5], "texture": "#3_2"}
			}
		},
		{
			"from": [0.5, 12, 7],
			"to": [15.5, 13, 12],
			"rotation": {"angle": 0, "axis": "y", "origin": [16, 20, 19]},
			"faces": {
				"north": {"uv": [0.25, 2, 4, 2.25], "texture": "#3_2"},
				"east": {"uv": [1.5, 3, 2.75, 3.25], "texture": "#3_2"},
				"south": {"uv": [0.25, 2, 4, 2.25], "texture": "#3_2"},
				"west": {"uv": [1.5, 3.25, 2.75, 3.5], "texture": "#3_2"},
				"down": {"uv": [0.25, 1.25, 4, 2.5], "texture": "#3_2"}
			}
		},
		{
			"from": [0.5, 11, 4],
			"to": [15.5, 12, 5],
			"rotation": {"angle": 0, "axis": "y", "origin": [16, 19, 15]},
			"faces": {
				"north": {"uv": [0.25, 2, 4, 2.25], "texture": "#3_2"},
				"east": {"uv": [3.25, 3, 3.5, 3.25], "texture": "#3_2"},
				"south": {"uv": [0.25, 2, 4, 2.25], "texture": "#3_2"},
				"west": {"uv": [2.25, 2.5, 2.5, 2.75], "texture": "#3_2"},
				"down": {"uv": [0.25, 2, 4, 2.25], "texture": "#3_2"}
			}
		},
		{
			"from": [0.5, 11, 8],
			"to": [15.5, 12, 10],
			"rotation": {"angle": 0, "axis": "y", "origin": [16, 19, 20]},
			"faces": {
				"north": {"uv": [0.25, 2, 4, 2.25], "texture": "#3_2"},
				"east": {"uv": [2, 3.75, 2.5, 4], "texture": "#3_2"},
				"south": {"uv": [0.25, 2, 4, 2.25], "texture": "#3_2"},
				"west": {"uv": [2, 3.75, 2.5, 4], "texture": "#3_2"},
				"down": {"uv": [0.25, 2, 4, 2.5], "texture": "#3_2"}
			}
		},
		{
			"from": [6, 11, 0.5],
			"to": [7, 12, 15.5],
			"rotation": {"angle": 0, "axis": "y", "origin": [9, 19, 14]},
			"faces": {
				"north": {"uv": [3.5, 3, 3.75, 3.25], "texture": "#3_2"},
				"east": {"uv": [0.25, 2, 4, 2.25], "texture": "#3_2"},
				"south": {"uv": [3.5, 3, 3.75, 3.25], "texture": "#3_2"},
				"west": {"uv": [0.25, 2, 4, 2.25], "texture": "#3_2"},
				"down": {"uv": [3.5, 30, 3.6875, 35], "texture": "#3_2"}
			}
		},
		{
			"from": [9, 11, 0.5],
			"to": [12, 12, 15.5],
			"rotation": {"angle": 0, "axis": "y", "origin": [14, 19, 14]},
			"faces": {
				"north": {"uv": [1, 2, 1.75, 2.25], "texture": "#3_2"},
				"east": {"uv": [0.25, 2, 4, 2.25], "texture": "#3_2"},
				"south": {"uv": [2, 3.25, 2.75, 3.5], "texture": "#3_2"},
				"west": {"uv": [0.25, 2, 4, 2.25], "texture": "#3_2"},
				"down": {"uv": [3.5, 30, 3.6875, 35], "texture": "#3_2"}
			}
		},
		{
			"from": [10, 10, 0.5],
			"to": [11, 11, 15.5],
			"rotation": {"angle": 0, "axis": "y", "origin": [14, 18, 14]},
			"faces": {
				"north": {"uv": [3.25, 3, 3.5, 3.25], "texture": "#3_2"},
				"east": {"uv": [0, 2.5, 3.75, 2.75], "texture": "#3_2"},
				"south": {"uv": [3.25, 3, 3.5, 3.25], "texture": "#3_2"},
				"west": {"uv": [0.25, 2, 4, 2.25], "texture": "#3_2"},
				"down": {"uv": [3.5, 30, 3.6875, 35], "texture": "#3_2"}
			}
		},
		{
			"from": [7.5, 24, 13],
			"to": [8.5, 25, 15],
			"rotation": {"angle": 0, "axis": "y", "origin": [10, 30, 14]},
			"faces": {
				"north": {"uv": [0, 0, 16, 16], "texture": "#6"},
				"east": {"uv": [0, 0, 16, 16], "texture": "#6"},
				"south": {"uv": [0, 0, 16, 16], "texture": "#6"},
				"west": {"uv": [0, 0, 16, 16], "texture": "#6"},
				"up": {"uv": [0, 0, 16, 16], "texture": "#6"},
				"down": {"uv": [0, 0, 16, 16], "texture": "#6"}
			}
		},
		{
			"from": [4.5, 20, 3],
			"to": [11.5, 27, 13],
			"rotation": {"angle": 0, "axis": "y", "origin": [10, 29, 7]},
			"faces": {
				"north": {"uv": [2.5, 2.5, 4.25, 4.25], "texture": "#4_7"},
				"east": {"uv": [0, 2.5, 2.5, 4.25], "texture": "#4_7"},
				"south": {"uv": [6.75, 2.5, 8.5, 4.25], "texture": "#4_7"},
				"west": {"uv": [4.25, 2.5, 6.75, 4.25], "texture": "#4_7"},
				"up": {"uv": [2.5, 0, 4.25, 2.5], "rotation": 180, "texture": "#4_7"},
				"down": {"uv": [4.25, 0, 6, 2.5], "texture": "#4_7"}
			}
		},
		{
			"from": [10.6, 27, 6],
			"to": [15.6, 27.1, 11],
			"rotation": {"angle": 0, "axis": "y", "origin": [17.6, 34.1, 14]},
			"faces": {
				"down": {"uv": [3.75, 6, 5.5, 7.5], "texture": "#4_7"}
			}
		},
		{
			"from": [10.6, 27, 6],
			"to": [15.6, 27.1, 11],
			"rotation": {"angle": 0, "axis": "y", "origin": [17.6, 34.1, 14]},
			"faces": {
				"up": {"uv": [3.75, 6, 5.5, 7.5], "rotation": 90, "texture": "#4_7"}
			}
		},
		{
			"from": [0.3, 27, 6],
			"to": [5.3, 27.1, 11],
			"rotation": {"angle": 0, "axis": "y", "origin": [7.3, 34.1, 14]},
			"faces": {
				"up": {"uv": [3.75, 6, 5.5, 7.5], "rotation": 180, "texture": "#4_7"},
				"down": {"uv": [3.75, 6, 5.5, 7.5], "rotation": 270, "texture": "#4_7"}
			}
		},
		{
			"from": [9.5, 26, 0],
			"to": [9.6, 27, 2],
			"rotation": {"angle": 0, "axis": "y", "origin": [17, 34, 9]},
			"faces": {
				"north": {"uv": [2, 1.75, 2.25, 2], "texture": "#4_7"},
				"east": {"uv": [2, 1.75, 2.25, 2], "texture": "#4_7"},
				"south": {"uv": [2, 1.75, 2.25, 2], "texture": "#4_7"},
				"west": {"uv": [2, 1.75, 2.25, 2], "texture": "#4_7"},
				"up": {"uv": [2, 1.75, 2.25, 2], "texture": "#4_7"},
				"down": {"uv": [2, 1.75, 2.25, 2], "texture": "#4_7"}
			}
		},
		{
			"from": [6.5, 26, 0],
			"to": [6.6, 27, 2],
			"rotation": {"angle": 0, "axis": "y", "origin": [14, 34, 9]},
			"faces": {
				"north": {"uv": [2, 1.75, 2.25, 2], "texture": "#4_7"},
				"east": {"uv": [2, 1.75, 2.25, 2], "texture": "#4_7"},
				"south": {"uv": [2, 1.75, 2.25, 2], "texture": "#4_7"},
				"west": {"uv": [2, 1.75, 2.25, 2], "texture": "#4_7"},
				"up": {"uv": [2, 1.75, 2.25, 2], "texture": "#4_7"},
				"down": {"uv": [2, 1.75, 2.25, 2], "texture": "#4_7"}
			}
		},
		{
			"from": [9.5, 25, 2],
			"to": [9.6, 26, 3],
			"rotation": {"angle": 0, "axis": "y", "origin": [17, 33, 10]},
			"faces": {
				"north": {"uv": [2, 1.75, 2.25, 2], "texture": "#4_7"},
				"east": {"uv": [2, 1.75, 2.25, 2], "texture": "#4_7"},
				"south": {"uv": [2, 1.75, 2.25, 2], "texture": "#4_7"},
				"west": {"uv": [2, 1.75, 2.25, 2], "texture": "#4_7"},
				"up": {"uv": [2, 1.75, 2.25, 2], "texture": "#4_7"},
				"down": {"uv": [2, 1.75, 2.25, 2], "texture": "#4_7"}
			}
		},
		{
			"from": [8.5, 18.7, 5.65],
			"to": [9.5, 20.2, 5.75],
			"rotation": {"angle": -22.5, "axis": "x", "origin": [9.45, 19.2, 5.7]},
			"faces": {
				"north": {"uv": [7.5, 0.25, 7.75, 0.75], "texture": "#4_7"},
				"east": {"uv": [7.5, 0.25, 7.75, 0.75], "texture": "#4_7"},
				"south": {"uv": [7.5, 0.25, 7.75, 0.75], "texture": "#4_7"},
				"west": {"uv": [7.5, 0.25, 7.75, 0.75], "texture": "#4_7"},
				"up": {"uv": [2, 1.75, 2.25, 2], "rotation": 90, "texture": "#4_7"},
				"down": {"uv": [7.5, 0.5, 7.75, 0.75], "texture": "#4_7"}
			}
		},
		{
			"from": [9, 18.7, 7.65],
			"to": [10, 20.2, 7.75],
			"rotation": {"angle": -22.5, "axis": "x", "origin": [9.95, 19.2, 7.7]},
			"faces": {
				"north": {"uv": [7.5, 0.25, 7.75, 0.75], "texture": "#4_7"},
				"east": {"uv": [7.5, 0.25, 7.75, 0.75], "texture": "#4_7"},
				"south": {"uv": [7.5, 0.25, 7.75, 0.75], "texture": "#4_7"},
				"west": {"uv": [7.5, 0.25, 7.75, 0.75], "texture": "#4_7"},
				"up": {"uv": [2, 1.75, 2.25, 2], "rotation": 90, "texture": "#4_7"},
				"down": {"uv": [7.5, 0.5, 7.75, 0.75], "texture": "#4_7"}
			}
		},
		{
			"from": [9, 18.7, 9.65],
			"to": [10, 20.2, 9.75],
			"rotation": {"angle": -22.5, "axis": "x", "origin": [9.95, 19.2, 9.7]},
			"faces": {
				"north": {"uv": [7.5, 0.25, 7.75, 0.75], "texture": "#4_7"},
				"east": {"uv": [7.5, 0.25, 7.75, 0.75], "texture": "#4_7"},
				"south": {"uv": [7.5, 0.25, 7.75, 0.75], "texture": "#4_7"},
				"west": {"uv": [7.5, 0.25, 7.75, 0.75], "texture": "#4_7"},
				"up": {"uv": [2, 1.75, 2.25, 2], "rotation": 90, "texture": "#4_7"},
				"down": {"uv": [7.5, 0.5, 7.75, 0.75], "texture": "#4_7"}
			}
		},
		{
			"from": [6.5, 18.7, 5.65],
			"to": [7.5, 20.2, 5.75],
			"rotation": {"angle": -22.5, "axis": "x", "origin": [7.45, 19.2, 5.7]},
			"faces": {
				"north": {"uv": [7.5, 0.25, 7.75, 0.75], "texture": "#4_7"},
				"east": {"uv": [7.5, 0.25, 7.75, 0.75], "texture": "#4_7"},
				"south": {"uv": [7.5, 0.25, 7.75, 0.75], "texture": "#4_7"},
				"west": {"uv": [7.5, 0.25, 7.75, 0.75], "texture": "#4_7"},
				"up": {"uv": [2, 1.75, 2.25, 2], "rotation": 90, "texture": "#4_7"},
				"down": {"uv": [7.5, 0.5, 7.75, 0.75], "texture": "#4_7"}
			}
		},
		{
			"from": [6, 18.7, 7.65],
			"to": [7, 20.2, 7.75],
			"rotation": {"angle": -22.5, "axis": "x", "origin": [6.95, 19.2, 7.7]},
			"faces": {
				"north": {"uv": [7.5, 0.25, 7.75, 0.75], "texture": "#4_7"},
				"east": {"uv": [7.5, 0.25, 7.75, 0.75], "texture": "#4_7"},
				"south": {"uv": [7.5, 0.25, 7.75, 0.75], "texture": "#4_7"},
				"west": {"uv": [7.5, 0.25, 7.75, 0.75], "texture": "#4_7"},
				"up": {"uv": [2, 1.75, 2.25, 2], "rotation": 90, "texture": "#4_7"},
				"down": {"uv": [7.5, 0.5, 7.75, 0.75], "texture": "#4_7"}
			}
		},
		{
			"from": [6, 18.7, 9.65],
			"to": [7, 20.2, 9.75],
			"rotation": {"angle": -22.5, "axis": "x", "origin": [6.95, 19.2, 9.7]},
			"faces": {
				"north": {"uv": [7.5, 0.25, 7.75, 0.75], "texture": "#4_7"},
				"east": {"uv": [7.5, 0.25, 7.75, 0.75], "texture": "#4_7"},
				"south": {"uv": [7.5, 0.25, 7.75, 0.75], "texture": "#4_7"},
				"west": {"uv": [7.5, 0.25, 7.75, 0.75], "texture": "#4_7"},
				"up": {"uv": [2, 1.75, 2.25, 2], "rotation": 90, "texture": "#4_7"},
				"down": {"uv": [7.5, 0.5, 7.75, 0.75], "texture": "#4_7"}
			}
		},
		{
			"from": [6.5, 25, 2],
			"to": [6.6, 26, 3],
			"rotation": {"angle": 0, "axis": "y", "origin": [14, 33, 10]},
			"faces": {
				"north": {"uv": [2, 1.75, 2.25, 2], "texture": "#4_7"},
				"east": {"uv": [2, 1.75, 2.25, 2], "texture": "#4_7"},
				"south": {"uv": [2, 1.75, 2.25, 2], "texture": "#4_7"},
				"west": {"uv": [2, 1.75, 2.25, 2], "texture": "#4_7"},
				"up": {"uv": [2, 1.75, 2.25, 2], "texture": "#4_7"},
				"down": {"uv": [2, 1.75, 2.25, 2], "texture": "#4_7"}
			}
		}
	],
	"display": {
		"thirdperson_righthand": {
			"translation": [0, -2.25, 0],
			"scale": [0.5, 0.5, 0.5]
		},
		"thirdperson_lefthand": {
			"translation": [0, -2.25, 0],
			"scale": [0.5, 0.5, 0.5]
		},
		"firstperson_righthand": {
			"translation": [0, -2.25, 0],
			"scale": [0.5, 0.5, 0.5]
		},
		"firstperson_lefthand": {
			"translation": [0, -2.25, 0],
			"scale": [0.5, 0.5, 0.5]
		},
		"ground": {
			"translation": [0, -4.25, 0],
			"scale": [0.5, 0.5, 0.5]
		},
		"gui": {
			"rotation": [20, -160, 0],
			"translation": [0, -6.75, 0],
			"scale": [0.65, 0.65, 0.65]
		},
		"head": {
			"scale": [1.1, 1.1, 1.1]
		},
		"fixed": {
			"translation": [0, -10.75, 0]
		}
	},
	"groups": [
		{
			"name": "lapis_block",
			"origin": [8, 8, 8],
			"color": 0,
			"children": []
		},
		{
			"name": "cobblestone",
			"origin": [8, 8, 8],
			"color": 0,
			"children": [0, 1, 2, 3, 4, 5, 6, 7, 8, 9, 10, 11]
		},
		{
			"name": "lapis_block",
			"origin": [8, 8, 8],
			"color": 0,
			"children": [12, 13, 14, 15, 16, 17, 18, 19, 20, 21, 22, 23, 24, 25, 26]
		}
	]
}