{
	"credit": "Made with Blockbench",
	"textures": {
		"0": "hats/hat/bunny",
		"particle": "hats/hat/bunny"
	},
	"elements": [
		{
			"from": [3, 0, 3],
			"to": [13, 10, 3],
			"faces": {
				"north": {"uv": [11, 0, 16, 5], "texture": "#0"},
				"east": {"uv": [0, 0, 0, 10], "texture": "#missing"},
				"south": {"uv": [11, 0, 16, 5], "texture": "#0"},
				"west": {"uv": [0, 0, 0, 10], "texture": "#missing"},
				"up": {"uv": [0, 0, 10, 0], "texture": "#missing"},
				"down": {"uv": [0, 0, 10, 0], "texture": "#missing"}
			}
		},
		{
			"from": [3, 0, 13],
			"to": [13, 10, 13],
			"faces": {
				"north": {"uv": [0, 10.5, 5, 15.5], "texture": "#0"},
				"east": {"uv": [0, 0, 0, 10], "texture": "#missing"},
				"south": {"uv": [0, 10.5, 5, 15.5], "texture": "#0"},
				"west": {"uv": [0, 0, 0, 10], "texture": "#missing"},
				"up": {"uv": [0, 0, 10, 0], "texture": "#missing"},
				"down": {"uv": [0, 0, 10, 0], "texture": "#missing"}
			}
		},
		{
			"from": [13, 0, 3],
			"to": [13, 10, 13],
			"faces": {
				"north": {"uv": [0, 0, 0, 10], "texture": "#missing"},
				"east": {"uv": [5.5, 0, 10.5, 5], "texture": "#0"},
				"south": {"uv": [0, 0, 0, 10], "texture": "#missing"},
				"west": {"uv": [0, 0, 5, 5], "texture": "#0"},
				"up": {"uv": [0, 0, 0, 10], "texture": "#missing"},
				"down": {"uv": [0, 0, 0, 10], "texture": "#missing"}
			}
		},
		{
			"from": [3, 0, 3],
			"to": [3, 10, 13],
			"faces": {
				"north": {"uv": [0, 0, 0, 10], "texture": "#missing"},
				"east": {"uv": [5.5, 0, 10.5, 5], "texture": "#0"},
				"south": {"uv": [0, 0, 0, 10], "texture": "#missing"},
				"west": {"uv": [0, 0, 5, 5], "texture": "#0"},
				"up": {"uv": [0, 0, 0, 10], "texture": "#missing"},
				"down": {"uv": [0, 0, 0, 10], "texture": "#missing"}
			}
		},
		{
			"from": [3, 10, 3],
			"to": [13, 10, 13],
			"faces": {
				"north": {"uv": [0, 0, 10, 0], "texture": "#missing"},
				"east": {"uv": [5.5, 0, 15.5, 0], "texture": "#0"},
				"south": {"uv": [0, 0, 10, 0], "texture": "#missing"},
				"west": {"uv": [0, 0, 10, 0], "texture": "#0"},
				"up": {"uv": [6, 6, 11, 11], "texture": "#0"},
				"down": {"uv": [6, 6, 11, 11], "texture": "#0"}
			}
		},
		{
			"from": [4.4, 12.5, 7],
			"to": [8.4, 22.5, 9],
			"rotation": {"angle": -22.5, "axis": "z", "origin": [0, 0, 0]},
			"faces": {
				"north": {"uv": [11.5, 6, 13.5, 11], "texture": "#0"},
				"east": {"uv": [14, 11, 15, 16], "texture": "#0"},
				"south": {"uv": [11.5, 11, 13.5, 16], "texture": "#0"},
				"west": {"uv": [14, 6, 15, 11], "texture": "#0"},
				"up": {"uv": [6, 6, 6.5, 6.5], "texture": "#0"},
				"down": {"uv": [6, 6, 6.5, 6.5], "texture": "#0"}
			}
		},
		{
			"from": [3.1, 9.5, 7],
			"to": [7.1, 15.5, 9],
			"rotation": {"angle": 0, "axis": "y", "origin": [16, 0, 0]},
			"faces": {
				"north": {"uv": [13.5, 8, 11.5, 11], "texture": "#0"},
				"east": {"uv": [15, 8, 14, 11], "texture": "#0"},
				"south": {"uv": [13.5, 13, 11.5, 16], "texture": "#0"},
				"west": {"uv": [15, 13, 14, 16], "texture": "#0"},
				"up": {"uv": [6, 6, 6.5, 6.5], "texture": "#0"},
				"down": {"uv": [6.5, 6, 6, 6.5], "texture": "#0"}
			}
		},
		{
			"from": [3.15, 13.23572, 13.61668],
			"to": [7.05, 17.23572, 15.61668],
			"rotation": {"angle": -22.5, "axis": "x", "origin": [-5.8, -2.26428, 6.61668]},
			"faces": {
				"north": {"uv": [11.5, 8, 13.5, 6], "rotation": 180, "texture": "#0"},
				"east": {"uv": [14, 13, 15, 11], "texture": "#0"},
				"south": {"uv": [11.5, 13, 13.5, 11], "texture": "#0"},
				"west": {"uv": [14, 8, 15, 6], "texture": "#0"},
				"up": {"uv": [6.5, 6, 6, 6.5], "texture": "#0"},
				"down": {"uv": [6, 6, 6.5, 6.5], "texture": "#0"}
			}
		}
	],
	"display": {
		"head": {
			"translation": [0, 4.5, 0.25],
			"scale": [1.5, 1.5, 1.5]
		}
	}
}
