{
	"credit": "Made with Blockbench",
	"textures": {
		"0": "block/orange_wool",
		"1": "hats/jah_wool",
		"particle": "block/orange_wool"
	},
	"elements": [
		{
			"from": [5, 15, 9],
			"to": [6, 16, 10],
			"rotation": {"angle": 0, "axis": "y", "origin": [11, 8, 8]},
			"faces": {
				"north": {"uv": [1, 3, 2, 4], "texture": "#0"},
				"east": {"uv": [2, 3, 1, 4], "texture": "#0"},
				"south": {"uv": [2, 3, 1, 4], "texture": "#0"},
				"west": {"uv": [2, 3, 1, 4], "texture": "#0"},
				"up": {"uv": [2, 3, 1, 4], "texture": "#0"},
				"down": {"uv": [3, 2, 2, 3], "texture": "#0"}
			}
		},
		{
			"from": [4, 15, 10],
			"to": [5, 16, 11],
			"rotation": {"angle": 0, "axis": "y", "origin": [11, 8, 8]},
			"faces": {
				"north": {"uv": [1, 3, 2, 4], "texture": "#0"},
				"east": {"uv": [2, 3, 1, 4], "texture": "#0"},
				"south": {"uv": [2, 3, 1, 4], "texture": "#0"},
				"west": {"uv": [2, 3, 1, 4], "texture": "#0"},
				"up": {"uv": [2, 3, 1, 4], "texture": "#0"},
				"down": {"uv": [3, 2, 2, 3], "texture": "#0"}
			}
		},
		{
			"from": [3, 15, 11],
			"to": [4, 16, 12],
			"rotation": {"angle": 0, "axis": "y", "origin": [11, 8, 8]},
			"faces": {
				"north": {"uv": [1, 3, 2, 4], "texture": "#0"},
				"east": {"uv": [2, 3, 1, 4], "texture": "#0"},
				"south": {"uv": [2, 3, 1, 4], "texture": "#0"},
				"west": {"uv": [2, 3, 1, 4], "texture": "#0"},
				"up": {"uv": [2, 3, 1, 4], "texture": "#0"},
				"down": {"uv": [3, 2, 2, 3], "texture": "#0"}
			}
		},
		{
			"from": [2, 15, 11],
			"to": [3, 17, 12],
			"rotation": {"angle": 0, "axis": "y", "origin": [11, 8, 8]},
			"faces": {
				"north": {"uv": [6, 4, 7, 6], "texture": "#0"},
				"east": {"uv": [7, 4, 6, 6], "texture": "#0"},
				"south": {"uv": [7, 4, 6, 6], "texture": "#0"},
				"west": {"uv": [7, 4, 6, 6], "texture": "#0"},
				"up": {"uv": [7, 4, 6, 5], "texture": "#0"},
				"down": {"uv": [7, 5, 6, 6], "texture": "#0"}
			}
		},
		{
			"from": [2, 15, 10],
			"to": [3, 16, 11],
			"rotation": {"angle": 0, "axis": "y", "origin": [11, 8, 8]},
			"faces": {
				"north": {"uv": [8, 10, 9, 11], "texture": "#0"},
				"east": {"uv": [8, 10, 9, 11], "texture": "#0"},
				"south": {"uv": [8, 10, 9, 11], "texture": "#0"},
				"west": {"uv": [8, 10, 9, 11], "texture": "#0"},
				"up": {"uv": [8, 10, 9, 11], "texture": "#0"},
				"down": {"uv": [8, 10, 9, 11], "texture": "#0"}
			}
		},
		{
			"from": [2, 15, 9],
			"to": [3, 16, 10],
			"rotation": {"angle": 0, "axis": "y", "origin": [11, 8, 8]},
			"faces": {
				"north": {"uv": [9, 6, 10, 7], "texture": "#0"},
				"east": {"uv": [9, 6, 10, 7], "texture": "#0"},
				"south": {"uv": [9, 6, 10, 7], "texture": "#0"},
				"west": {"uv": [9, 6, 10, 7], "texture": "#0"},
				"up": {"uv": [9, 6, 10, 7], "texture": "#0"},
				"down": {"uv": [9, 6, 10, 7], "texture": "#0"}
			}
		},
		{
			"from": [1, 14, 11],
			"to": [2, 16, 12],
			"rotation": {"angle": 0, "axis": "y", "origin": [11, 8, 8]},
			"faces": {
				"north": {"uv": [6, 4, 7, 6], "texture": "#0"},
				"east": {"uv": [7, 4, 6, 6], "texture": "#0"},
				"south": {"uv": [7, 4, 6, 6], "texture": "#0"},
				"west": {"uv": [7, 4, 6, 6], "texture": "#0"},
				"up": {"uv": [7, 4, 6, 5], "texture": "#0"},
				"down": {"uv": [7, 5, 6, 6], "texture": "#0"}
			}
		},
		{
			"from": [5, 16, 7],
			"to": [6, 17, 8],
			"rotation": {"angle": 0, "axis": "y", "origin": [11, 8, 8]},
			"faces": {
				"north": {"uv": [1, 3, 2, 4], "texture": "#0"},
				"east": {"uv": [2, 3, 1, 4], "texture": "#0"},
				"south": {"uv": [2, 3, 1, 4], "texture": "#0"},
				"west": {"uv": [2, 3, 1, 4], "texture": "#0"},
				"up": {"uv": [2, 3, 1, 4], "texture": "#0"},
				"down": {"uv": [3, 2, 2, 3], "texture": "#0"}
			}
		},
		{
			"from": [5, 16, 8],
			"to": [6, 18, 9],
			"rotation": {"angle": 0, "axis": "y", "origin": [11, 8, 8]},
			"faces": {
				"north": {"uv": [6, 4, 7, 6], "texture": "#0"},
				"east": {"uv": [7, 4, 6, 6], "texture": "#0"},
				"south": {"uv": [7, 4, 6, 6], "texture": "#0"},
				"west": {"uv": [7, 4, 6, 6], "texture": "#0"},
				"up": {"uv": [7, 4, 6, 5], "texture": "#0"},
				"down": {"uv": [7, 5, 6, 6], "texture": "#0"}
			}
		},
		{
			"from": [4, 16, 9],
			"to": [5, 18, 10],
			"rotation": {"angle": 0, "axis": "y", "origin": [11, 8, 8]},
			"faces": {
				"north": {"uv": [6, 4, 7, 6], "texture": "#0"},
				"east": {"uv": [7, 4, 6, 6], "texture": "#0"},
				"south": {"uv": [7, 4, 6, 6], "texture": "#0"},
				"west": {"uv": [7, 4, 6, 6], "texture": "#0"},
				"up": {"uv": [7, 4, 6, 5], "texture": "#0"},
				"down": {"uv": [7, 5, 6, 6], "texture": "#0"}
			}
		},
		{
			"from": [4, 16, 8],
			"to": [5, 18, 9],
			"rotation": {"angle": 0, "axis": "y", "origin": [11, 8, 8]},
			"faces": {
				"north": {"uv": [6, 4, 7, 6], "texture": "#0"},
				"east": {"uv": [7, 4, 6, 6], "texture": "#0"},
				"south": {"uv": [7, 4, 6, 6], "texture": "#0"},
				"west": {"uv": [7, 4, 6, 6], "texture": "#0"},
				"up": {"uv": [7, 4, 6, 5], "texture": "#0"},
				"down": {"uv": [7, 5, 6, 6], "texture": "#0"}
			}
		},
		{
			"from": [3, 16, 10],
			"to": [4, 18, 11],
			"rotation": {"angle": 0, "axis": "y", "origin": [11, 8, 8]},
			"faces": {
				"north": {"uv": [6, 4, 7, 6], "texture": "#0"},
				"east": {"uv": [7, 4, 6, 6], "texture": "#0"},
				"south": {"uv": [7, 4, 6, 6], "texture": "#0"},
				"west": {"uv": [7, 4, 6, 6], "texture": "#0"},
				"up": {"uv": [7, 4, 6, 5], "texture": "#0"},
				"down": {"uv": [7, 5, 6, 6], "texture": "#0"}
			}
		},
		{
			"from": [3, 18, 8],
			"to": [4, 19, 10],
			"rotation": {"angle": 0, "axis": "y", "origin": [11, 8, 8]},
			"faces": {
				"north": {"uv": [5, 6, 6, 7], "texture": "#0"},
				"east": {"uv": [6, 4, 5, 6], "texture": "#0"},
				"south": {"uv": [6, 5, 5, 6], "texture": "#0"},
				"west": {"uv": [6, 4, 5, 6], "texture": "#0"},
				"up": {"uv": [6, 4, 5, 6], "texture": "#0"},
				"down": {"uv": [6, 4, 5, 6], "texture": "#0"}
			}
		},
		{
			"from": [2, 19, 8],
			"to": [3, 20, 10],
			"rotation": {"angle": 0, "axis": "y", "origin": [11, 8, 8]},
			"faces": {
				"north": {"uv": [5, 6, 6, 7], "texture": "#0"},
				"east": {"uv": [6, 4, 5, 6], "texture": "#0"},
				"south": {"uv": [6, 5, 5, 6], "texture": "#0"},
				"west": {"uv": [6, 4, 5, 6], "texture": "#0"},
				"up": {"uv": [6, 4, 5, 6], "texture": "#0"},
				"down": {"uv": [6, 4, 5, 6], "texture": "#0"}
			}
		},
		{
			"from": [1, 20, 8],
			"to": [2, 21, 10],
			"rotation": {"angle": 0, "axis": "y", "origin": [11, 8, 8]},
			"faces": {
				"north": {"uv": [5, 6, 6, 7], "texture": "#0"},
				"east": {"uv": [6, 4, 5, 6], "texture": "#0"},
				"south": {"uv": [6, 5, 5, 6], "texture": "#0"},
				"west": {"uv": [6, 4, 5, 6], "texture": "#0"},
				"up": {"uv": [6, 4, 5, 6], "texture": "#0"},
				"down": {"uv": [6, 4, 5, 6], "texture": "#0"}
			}
		},
		{
			"from": [0, 20, 8],
			"to": [1, 21, 9],
			"rotation": {"angle": 0, "axis": "y", "origin": [11, 8, 8]},
			"faces": {
				"north": {"uv": [5, 5, 7, 6], "texture": "#0"},
				"east": {"uv": [9, 5, 8, 6], "texture": "#0"},
				"south": {"uv": [7, 5, 5, 6], "texture": "#0"},
				"west": {"uv": [9, 5, 8, 6], "texture": "#0"},
				"up": {"uv": [7, 5, 5, 6], "texture": "#0"},
				"down": {"uv": [7, 5, 5, 6], "texture": "#0"}
			}
		},
		{
			"from": [2, 16, 10],
			"to": [3, 19, 11],
			"rotation": {"angle": 0, "axis": "y", "origin": [11, 8, 8]},
			"faces": {
				"north": {"uv": [6, 4, 7, 6], "texture": "#0"},
				"east": {"uv": [7, 4, 6, 6], "texture": "#0"},
				"south": {"uv": [7, 4, 6, 6], "texture": "#0"},
				"west": {"uv": [7, 4, 6, 6], "texture": "#0"},
				"up": {"uv": [7, 4, 6, 5], "texture": "#0"},
				"down": {"uv": [7, 5, 6, 6], "texture": "#0"}
			}
		},
		{
			"from": [1, 14, 10],
			"to": [2, 20, 11],
			"rotation": {"angle": 0, "axis": "y", "origin": [11, 8, 8]},
			"faces": {
				"north": {"uv": [0, 0, 1, 6], "texture": "#0"},
				"east": {"uv": [1, 0, 0, 6], "texture": "#0"},
				"south": {"uv": [1, 0, 0, 6], "texture": "#0"},
				"west": {"uv": [1, 0, 0, 6], "texture": "#0"},
				"up": {"uv": [1, 0, 0, 1], "texture": "#0"},
				"down": {"uv": [1, 0, 0, 1], "texture": "#0"}
			}
		},
		{
			"from": [0, 14, 10],
			"to": [1, 21, 11],
			"rotation": {"angle": 0, "axis": "y", "origin": [11, 8, 8]},
			"faces": {
				"north": {"uv": [0, 0, 1, 7], "texture": "#0"},
				"east": {"uv": [1, 0, 0, 7], "texture": "#0"},
				"south": {"uv": [1, 0, 0, 7], "texture": "#0"},
				"west": {"uv": [1, 0, 0, 7], "texture": "#0"},
				"up": {"uv": [1, 0, 0, 1], "texture": "#0"},
				"down": {"uv": [1, 0, 0, 1], "texture": "#0"}
			}
		},
		{
			"from": [0, 21, 9],
			"to": [1, 22, 10],
			"rotation": {"angle": 0, "axis": "y", "origin": [11, 8, 8]},
			"faces": {
				"north": {"uv": [1, 3, 2, 4], "texture": "#0"},
				"east": {"uv": [2, 3, 1, 4], "texture": "#0"},
				"south": {"uv": [2, 3, 1, 4], "texture": "#0"},
				"west": {"uv": [2, 3, 1, 4], "texture": "#0"},
				"up": {"uv": [2, 3, 1, 4], "texture": "#0"},
				"down": {"uv": [3, 2, 2, 3], "texture": "#0"}
			}
		},
		{
			"from": [-1, 21, 8],
			"to": [1, 22, 9],
			"rotation": {"angle": 0, "axis": "y", "origin": [11, 8, 8]},
			"faces": {
				"north": {"uv": [9, 9, 11, 10], "texture": "#0"},
				"east": {"uv": [12, 9, 11, 10], "texture": "#0"},
				"south": {"uv": [11, 9, 9, 10], "texture": "#0"},
				"west": {"uv": [12, 9, 11, 10], "texture": "#0"},
				"up": {"uv": [11, 9, 9, 10], "texture": "#0"},
				"down": {"uv": [11, 9, 9, 10], "texture": "#0"}
			}
		},
		{
			"from": [-2, 15, 8],
			"to": [-1, 21, 9],
			"rotation": {"angle": 0, "axis": "y", "origin": [11, 8, 8]},
			"faces": {
				"north": {"uv": [1, 0, 0, 6], "texture": "#0"},
				"east": {"uv": [0, 0, 1, 6], "texture": "#0"},
				"south": {"uv": [0, 0, 1, 6], "texture": "#0"},
				"west": {"uv": [0, 0, 1, 6], "texture": "#0"},
				"up": {"uv": [1, 0, 0, 1], "texture": "#0"},
				"down": {"uv": [1, 0, 0, 1], "texture": "#0"}
			}
		},
		{
			"from": [4, 17, 7],
			"to": [5, 19, 8],
			"rotation": {"angle": 0, "axis": "y", "origin": [11, 8, 8]},
			"faces": {
				"north": {"uv": [6, 4, 7, 6], "texture": "#0"},
				"east": {"uv": [7, 4, 6, 6], "texture": "#0"},
				"south": {"uv": [7, 4, 6, 6], "texture": "#0"},
				"west": {"uv": [7, 4, 6, 6], "texture": "#0"},
				"up": {"uv": [7, 4, 6, 5], "texture": "#0"},
				"down": {"uv": [7, 5, 6, 6], "texture": "#0"}
			}
		},
		{
			"from": [3, 19, 7],
			"to": [4, 20, 8],
			"rotation": {"angle": 0, "axis": "y", "origin": [11, 8, 8]},
			"faces": {
				"north": {"uv": [1, 3, 2, 4], "texture": "#0"},
				"east": {"uv": [2, 3, 1, 4], "texture": "#0"},
				"south": {"uv": [2, 3, 1, 4], "texture": "#0"},
				"west": {"uv": [2, 3, 1, 4], "texture": "#0"},
				"up": {"uv": [2, 3, 1, 4], "texture": "#0"},
				"down": {"uv": [3, 2, 2, 3], "texture": "#0"}
			}
		},
		{
			"from": [1, 20, 7],
			"to": [3, 21, 8],
			"rotation": {"angle": 0, "axis": "y", "origin": [11, 8, 8]},
			"faces": {
				"north": {"uv": [5, 5, 7, 6], "texture": "#0"},
				"east": {"uv": [9, 5, 8, 6], "texture": "#0"},
				"south": {"uv": [7, 5, 5, 6], "texture": "#0"},
				"west": {"uv": [9, 5, 8, 6], "texture": "#0"},
				"up": {"uv": [7, 5, 5, 6], "texture": "#0"},
				"down": {"uv": [7, 5, 5, 6], "texture": "#0"}
			}
		},
		{
			"from": [-1, 22, 7],
			"to": [1, 23, 8],
			"rotation": {"angle": 0, "axis": "y", "origin": [11, 8, 8]},
			"faces": {
				"north": {"uv": [9, 9, 11, 10], "texture": "#0"},
				"east": {"uv": [12, 9, 11, 10], "texture": "#0"},
				"south": {"uv": [11, 9, 9, 10], "texture": "#0"},
				"west": {"uv": [12, 9, 11, 10], "texture": "#0"},
				"up": {"uv": [11, 9, 9, 10], "texture": "#0"},
				"down": {"uv": [11, 9, 9, 10], "texture": "#0"}
			}
		},
		{
			"from": [-1, 21, 7],
			"to": [2, 22, 8],
			"rotation": {"angle": 0, "axis": "y", "origin": [11, 8, 8]},
			"faces": {
				"north": {"uv": [7, 12, 11, 13], "texture": "#0"},
				"east": {"uv": [11, 3, 10, 4], "texture": "#0"},
				"south": {"uv": [10, 3, 6, 4], "texture": "#0"},
				"west": {"uv": [10, 3, 9, 4], "texture": "#0"},
				"up": {"uv": [10, 3, 6, 4], "texture": "#0"},
				"down": {"uv": [10, 3, 6, 4], "texture": "#0"}
			}
		},
		{
			"from": [2, 15, 8],
			"to": [3, 16, 9],
			"rotation": {"angle": 0, "axis": "y", "origin": [11, 8, 8]},
			"faces": {
				"north": {"uv": [1, 3, 2, 4], "texture": "#0"},
				"east": {"uv": [2, 3, 1, 4], "texture": "#0"},
				"south": {"uv": [2, 3, 1, 4], "texture": "#0"},
				"west": {"uv": [2, 3, 1, 4], "texture": "#0"},
				"up": {"uv": [2, 3, 1, 4], "texture": "#0"},
				"down": {"uv": [3, 2, 2, 3], "texture": "#0"}
			}
		},
		{
			"from": [3, 15, 7],
			"to": [7, 16, 9],
			"rotation": {"angle": 0, "axis": "y", "origin": [11, 8, 8]},
			"faces": {
				"north": {"uv": [0, 0, 4, 1], "texture": "#0"},
				"east": {"uv": [10, 0, 8, 1], "texture": "#0"},
				"south": {"uv": [10, 0, 8, 1], "texture": "#0"},
				"west": {"uv": [10, 0, 8, 1], "texture": "#0"},
				"up": {"uv": [8, 0, 4, 2], "texture": "#0"},
				"down": {"uv": [16, 14, 12, 16], "texture": "#0"}
			}
		},
		{
			"from": [3, 15, 9],
			"to": [4, 16, 10],
			"rotation": {"angle": 0, "axis": "y", "origin": [11, 8, 8]},
			"faces": {
				"north": {"uv": [3, 6, 4, 7], "texture": "#0"},
				"east": {"uv": [3, 6, 4, 7], "texture": "#0"},
				"south": {"uv": [3, 6, 4, 7], "texture": "#0"},
				"west": {"uv": [3, 6, 4, 7], "texture": "#0"},
				"up": {"uv": [3, 6, 4, 7], "texture": "#0"},
				"down": {"uv": [3, 6, 4, 7], "texture": "#0"}
			}
		},
		{
			"from": [3, 15, 10],
			"to": [4, 16, 11],
			"rotation": {"angle": 0, "axis": "y", "origin": [11, 8, 8]},
			"faces": {
				"north": {"uv": [13, 11, 14, 12], "texture": "#0"},
				"east": {"uv": [13, 11, 14, 12], "texture": "#0"},
				"south": {"uv": [13, 11, 14, 12], "texture": "#0"},
				"west": {"uv": [13, 11, 14, 12], "texture": "#0"},
				"up": {"uv": [13, 11, 14, 12], "texture": "#0"},
				"down": {"uv": [13, 11, 14, 12], "texture": "#0"}
			}
		},
		{
			"from": [4, 15, 9],
			"to": [5, 16, 10],
			"rotation": {"angle": 0, "axis": "y", "origin": [11, 8, 8]},
			"faces": {
				"north": {"uv": [16, 0, 0, 16], "texture": "#0"},
				"east": {"uv": [4, 6, 3, 7], "texture": "#0"},
				"south": {"uv": [4, 6, 3, 7], "texture": "#0"},
				"west": {"uv": [4, 6, 3, 7], "texture": "#0"},
				"up": {"uv": [16, 0, 0, 16], "texture": "#0"},
				"down": {"uv": [4, 6, 3, 7], "texture": "#0"}
			}
		},
		{
			"from": [0, 15, 8],
			"to": [1, 16, 9],
			"rotation": {"angle": 0, "axis": "y", "origin": [11, 8, 8]},
			"faces": {
				"north": {"uv": [1, 3, 2, 4], "texture": "#0"},
				"east": {"uv": [2, 3, 1, 4], "texture": "#0"},
				"south": {"uv": [2, 3, 1, 4], "texture": "#0"},
				"west": {"uv": [2, 3, 1, 4], "texture": "#0"},
				"up": {"uv": [2, 3, 1, 4], "texture": "#0"},
				"down": {"uv": [2, 3, 1, 4], "texture": "#0"}
			}
		},
		{
			"from": [0, 16, 9],
			"to": [4, 18, 10],
			"rotation": {"angle": 0, "axis": "y", "origin": [11, 8, 8]},
			"faces": {
				"north": {"uv": [12, 6, 4, 10], "texture": "#1"},
				"east": {"uv": [4, 6, 5, 10], "texture": "#1"},
				"south": {"uv": [4, 6, 12, 10], "texture": "#1"},
				"west": {"uv": [4, 6, 5, 10], "texture": "#1"},
				"up": {"uv": [4, 6, 8, 7], "texture": "#1"},
				"down": {"uv": [4, 6, 8, 7], "texture": "#1"}
			}
		},
		{
			"from": [0, 18, 9],
			"to": [2, 20, 10],
			"rotation": {"angle": 0, "axis": "y", "origin": [11, 8, 8]},
			"faces": {
				"north": {"uv": [0, 0, 4, 4], "texture": "#1"},
				"east": {"uv": [0, 0, 2, 4], "texture": "#1"},
				"south": {"uv": [0, 0, 4, 4], "texture": "#1"},
				"west": {"uv": [0, 0, 2, 4], "texture": "#1"},
				"up": {"uv": [0, 0, 4, 2], "texture": "#1"},
				"down": {"uv": [0, 0, 4, 2], "texture": "#1"}
			}
		},
		{
			"from": [2, 18, 9],
			"to": [3, 19, 10],
			"rotation": {"angle": 0, "axis": "y", "origin": [11, 8, 8]},
			"faces": {
				"north": {"uv": [10, 4, 8, 6], "texture": "#1"},
				"east": {"uv": [8, 4, 10, 6], "texture": "#1"},
				"south": {"uv": [8, 4, 10, 6], "texture": "#1"},
				"west": {"uv": [8, 4, 10, 6], "texture": "#1"},
				"up": {"uv": [8, 4, 10, 6], "texture": "#1"},
				"down": {"uv": [8, 4, 10, 6], "texture": "#1"}
			}
		},
		{
			"from": [1, 15, 9],
			"to": [2, 16, 10],
			"rotation": {"angle": 0, "axis": "y", "origin": [11, 8, 8]},
			"faces": {
				"north": {"uv": [2, 8, 0, 10], "texture": "#1"},
				"east": {"uv": [0, 8, 2, 10], "texture": "#1"},
				"south": {"uv": [0, 8, 2, 10], "texture": "#1"},
				"west": {"uv": [0, 8, 2, 10], "texture": "#1"},
				"up": {"uv": [0, 8, 2, 10], "texture": "#1"},
				"down": {"uv": [0, 8, 2, 10], "texture": "#1"}
			}
		},
		{
			"from": [-1, 14, 7],
			"to": [0, 21, 10],
			"rotation": {"angle": 0, "axis": "y", "origin": [11, 8, 8]},
			"faces": {
				"north": {"uv": [1, 0, 0, 7], "texture": "#0"},
				"east": {"uv": [0, 0, 3, 7], "texture": "#0"},
				"south": {"uv": [0, 0, 1, 7], "texture": "#0"},
				"west": {"uv": [0, 0, 3, 7], "texture": "#0"},
				"up": {"uv": [1, 0, 0, 3], "texture": "#0"},
				"down": {"uv": [16, 0, 15, 3], "texture": "#0"}
			}
		},
		{
			"from": [-1, 13, 7],
			"to": [0, 14, 8],
			"rotation": {"angle": 0, "axis": "y", "origin": [11, 8, 8]},
			"faces": {
				"north": {"uv": [1, 3, 2, 4], "texture": "#0"},
				"east": {"uv": [2, 3, 1, 4], "texture": "#0"},
				"south": {"uv": [2, 3, 1, 4], "texture": "#0"},
				"west": {"uv": [2, 3, 1, 4], "texture": "#0"},
				"up": {"uv": [2, 3, 1, 4], "texture": "#0"},
				"down": {"uv": [3, 2, 2, 3], "texture": "#0"}
			}
		},
		{
			"from": [0, 13, 8],
			"to": [1, 14, 10],
			"rotation": {"angle": 0, "axis": "y", "origin": [11, 8, 8]},
			"faces": {
				"north": {"uv": [11, 11, 10, 12], "texture": "#0"},
				"east": {"uv": [10, 11, 12, 12], "texture": "#0"},
				"south": {"uv": [10, 11, 11, 12], "texture": "#0"},
				"west": {"uv": [10, 11, 12, 12], "texture": "#0"},
				"up": {"uv": [10, 10, 11, 12], "texture": "#0"},
				"down": {"uv": [10, 10, 11, 12], "texture": "#0"}
			}
		},
		{
			"from": [0, 12, 7],
			"to": [1, 15, 8],
			"rotation": {"angle": 0, "axis": "y", "origin": [11, 8, 8]},
			"faces": {
				"north": {"uv": [1, 0, 0, 3], "texture": "#0"},
				"east": {"uv": [0, 0, 1, 3], "texture": "#0"},
				"south": {"uv": [0, 0, 1, 3], "texture": "#0"},
				"west": {"uv": [0, 0, 1, 3], "texture": "#0"},
				"up": {"uv": [0, 0, 1, 1], "texture": "#0"},
				"down": {"uv": [0, 0, 1, 1], "texture": "#0"}
			}
		},
		{
			"from": [1, 11, 7],
			"to": [2, 14, 9],
			"rotation": {"angle": 0, "axis": "y", "origin": [11, 8, 8]},
			"faces": {
				"north": {"uv": [15, 13, 16, 16], "texture": "#0"},
				"east": {"uv": [5, 7, 3, 10], "texture": "#0"},
				"south": {"uv": [10, 13, 9, 16], "texture": "#0"},
				"west": {"uv": [5, 7, 3, 10], "texture": "#0"},
				"up": {"uv": [4, 7, 3, 10], "texture": "#0"},
				"down": {"uv": [3, 10, 4, 12], "texture": "#0"}
			}
		},
		{
			"from": [1, 12, 9],
			"to": [2, 15, 10],
			"rotation": {"angle": 0, "axis": "y", "origin": [11, 8, 8]},
			"faces": {
				"north": {"uv": [1, 3, 2, 6], "texture": "#0"},
				"east": {"uv": [2, 3, 1, 6], "texture": "#0"},
				"south": {"uv": [2, 3, 1, 6], "texture": "#0"},
				"west": {"uv": [2, 3, 1, 6], "texture": "#0"},
				"up": {"uv": [2, 3, 1, 4], "texture": "#0"},
				"down": {"uv": [2, 3, 1, 4], "texture": "#0"}
			}
		},
		{
			"from": [1, 13, 10],
			"to": [2, 14, 11],
			"rotation": {"angle": 0, "axis": "y", "origin": [11, 8, 8]},
			"faces": {
				"north": {"uv": [1, 3, 2, 4], "texture": "#0"},
				"east": {"uv": [2, 3, 1, 4], "texture": "#0"},
				"south": {"uv": [2, 3, 1, 4], "texture": "#0"},
				"west": {"uv": [2, 3, 1, 4], "texture": "#0"},
				"up": {"uv": [2, 3, 1, 4], "texture": "#0"},
				"down": {"uv": [3, 2, 2, 3], "texture": "#0"}
			}
		},
		{
			"from": [1, 14, 8],
			"to": [2, 15, 9],
			"rotation": {"angle": 0, "axis": "y", "origin": [11, 8, 8]},
			"faces": {
				"north": {"uv": [1, 3, 2, 4], "texture": "#0"},
				"east": {"uv": [2, 3, 1, 4], "texture": "#0"},
				"south": {"uv": [2, 3, 1, 4], "texture": "#0"},
				"west": {"uv": [2, 3, 1, 4], "texture": "#0"},
				"up": {"uv": [2, 3, 1, 4], "texture": "#0"},
				"down": {"uv": [2, 3, 1, 4], "texture": "#0"}
			}
		},
		{
			"from": [13, 15, 10],
			"to": [14, 16, 11],
			"rotation": {"angle": 0, "axis": "y", "origin": [5, 8, 8]},
			"faces": {
				"north": {"uv": [8, 10, 9, 11], "texture": "#0"},
				"east": {"uv": [8, 10, 9, 11], "texture": "#0"},
				"south": {"uv": [8, 10, 9, 11], "texture": "#0"},
				"west": {"uv": [8, 10, 9, 11], "texture": "#0"},
				"up": {"uv": [8, 10, 9, 11], "texture": "#0"},
				"down": {"uv": [8, 10, 9, 11], "texture": "#0"}
			}
		},
		{
			"from": [13, 15, 9],
			"to": [14, 16, 10],
			"rotation": {"angle": 0, "axis": "y", "origin": [5, 8, 8]},
			"faces": {
				"north": {"uv": [9, 6, 10, 7], "texture": "#0"},
				"east": {"uv": [9, 6, 10, 7], "texture": "#0"},
				"south": {"uv": [9, 6, 10, 7], "texture": "#0"},
				"west": {"uv": [9, 6, 10, 7], "texture": "#0"},
				"up": {"uv": [9, 6, 10, 7], "texture": "#0"},
				"down": {"uv": [9, 6, 10, 7], "texture": "#0"}
			}
		},
		{
			"from": [14, 14, 11],
			"to": [15, 16, 12],
			"rotation": {"angle": 0, "axis": "y", "origin": [5, 8, 8]},
			"faces": {
				"north": {"uv": [7, 4, 6, 6], "texture": "#0"},
				"east": {"uv": [7, 4, 6, 6], "texture": "#0"},
				"south": {"uv": [7, 4, 6, 6], "texture": "#0"},
				"west": {"uv": [7, 4, 6, 6], "texture": "#0"},
				"up": {"uv": [7, 4, 6, 5], "texture": "#0"},
				"down": {"uv": [7, 5, 6, 6], "texture": "#0"}
			}
		},
		{
			"from": [10, 16, 8],
			"to": [11, 18, 9],
			"rotation": {"angle": 0, "axis": "y", "origin": [5, 8, 8]},
			"faces": {
				"north": {"uv": [7, 4, 6, 6], "texture": "#0"},
				"east": {"uv": [7, 4, 6, 6], "texture": "#0"},
				"south": {"uv": [7, 4, 6, 6], "texture": "#0"},
				"west": {"uv": [7, 4, 6, 6], "texture": "#0"},
				"up": {"uv": [7, 4, 6, 5], "texture": "#0"},
				"down": {"uv": [7, 5, 6, 6], "texture": "#0"}
			}
		},
		{
			"from": [11, 16, 9],
			"to": [12, 18, 10],
			"rotation": {"angle": 0, "axis": "y", "origin": [5, 8, 8]},
			"faces": {
				"north": {"uv": [7, 4, 6, 6], "texture": "#0"},
				"east": {"uv": [7, 4, 6, 6], "texture": "#0"},
				"south": {"uv": [7, 4, 6, 6], "texture": "#0"},
				"west": {"uv": [7, 4, 6, 6], "texture": "#0"},
				"up": {"uv": [7, 4, 6, 5], "texture": "#0"},
				"down": {"uv": [7, 5, 6, 6], "texture": "#0"}
			}
		},
		{
			"from": [11, 16, 8],
			"to": [12, 17, 9],
			"rotation": {"angle": 0, "axis": "y", "origin": [5, 8, 8]},
			"faces": {
				"north": {"uv": [7, 4, 6, 6], "texture": "#0"},
				"east": {"uv": [7, 4, 6, 6], "texture": "#0"},
				"south": {"uv": [7, 4, 6, 6], "texture": "#0"},
				"west": {"uv": [7, 4, 6, 6], "texture": "#0"},
				"up": {"uv": [7, 4, 6, 5], "texture": "#0"},
				"down": {"uv": [7, 5, 6, 6], "texture": "#0"}
			}
		},
		{
			"from": [12, 16, 10],
			"to": [13, 18, 11],
			"rotation": {"angle": 0, "axis": "y", "origin": [5, 8, 8]},
			"faces": {
				"north": {"uv": [7, 4, 6, 6], "texture": "#0"},
				"east": {"uv": [7, 4, 6, 6], "texture": "#0"},
				"south": {"uv": [7, 4, 6, 6], "texture": "#0"},
				"west": {"uv": [7, 4, 6, 6], "texture": "#0"},
				"up": {"uv": [7, 4, 6, 5], "texture": "#0"},
				"down": {"uv": [7, 5, 6, 6], "texture": "#0"}
			}
		},
		{
			"from": [12, 18, 8],
			"to": [13, 19, 10],
			"rotation": {"angle": 0, "axis": "y", "origin": [5, 8, 8]},
			"faces": {
				"north": {"uv": [6, 6, 5, 7], "texture": "#0"},
				"east": {"uv": [6, 4, 5, 6], "texture": "#0"},
				"south": {"uv": [6, 5, 5, 6], "texture": "#0"},
				"west": {"uv": [6, 4, 5, 6], "texture": "#0"},
				"up": {"uv": [6, 4, 5, 6], "texture": "#0"},
				"down": {"uv": [6, 4, 5, 6], "texture": "#0"}
			}
		},
		{
			"from": [13, 19, 8],
			"to": [14, 20, 10],
			"rotation": {"angle": 0, "axis": "y", "origin": [5, 8, 8]},
			"faces": {
				"north": {"uv": [6, 6, 5, 7], "texture": "#0"},
				"east": {"uv": [6, 4, 5, 6], "texture": "#0"},
				"south": {"uv": [6, 5, 5, 6], "texture": "#0"},
				"west": {"uv": [6, 4, 5, 6], "texture": "#0"},
				"up": {"uv": [6, 4, 5, 6], "texture": "#0"},
				"down": {"uv": [6, 4, 5, 6], "texture": "#0"}
			}
		},
		{
			"from": [14, 20, 8],
			"to": [16, 21, 10],
			"rotation": {"angle": 0, "axis": "y", "origin": [5, 8, 8]},
			"faces": {
				"north": {"uv": [7, 5, 5, 6], "texture": "#0"},
				"east": {"uv": [9, 5, 8, 6], "texture": "#0"},
				"south": {"uv": [7, 5, 5, 6], "texture": "#0"},
				"west": {"uv": [9, 5, 8, 6], "texture": "#0"},
				"up": {"uv": [7, 5, 5, 6], "texture": "#0"},
				"down": {"uv": [7, 5, 5, 6], "texture": "#0"}
			}
		},
		{
			"from": [15, 21, 9],
			"to": [16, 22, 10],
			"rotation": {"angle": 0, "axis": "y", "origin": [5, 8, 8]},
			"faces": {
				"north": {"uv": [2, 3, 1, 4], "texture": "#0"},
				"east": {"uv": [2, 3, 1, 4], "texture": "#0"},
				"south": {"uv": [2, 3, 1, 4], "texture": "#0"},
				"west": {"uv": [2, 3, 1, 4], "texture": "#0"},
				"up": {"uv": [2, 3, 1, 4], "texture": "#0"},
				"down": {"uv": [3, 2, 2, 3], "texture": "#0"}
			}
		},
		{
			"from": [13, 17, 10],
			"to": [14, 19, 11],
			"rotation": {"angle": 0, "axis": "y", "origin": [5, 8, 8]},
			"faces": {
				"north": {"uv": [7, 4, 6, 6], "texture": "#0"},
				"east": {"uv": [7, 4, 6, 6], "texture": "#0"},
				"south": {"uv": [7, 4, 6, 6], "texture": "#0"},
				"west": {"uv": [7, 4, 6, 6], "texture": "#0"},
				"up": {"uv": [7, 4, 6, 5], "texture": "#0"},
				"down": {"uv": [7, 5, 6, 6], "texture": "#0"}
			}
		},
		{
			"from": [15, 14, 10],
			"to": [16, 21, 11],
			"rotation": {"angle": 0, "axis": "y", "origin": [5, 8, 8]},
			"faces": {
				"north": {"uv": [1, 0, 0, 7], "texture": "#0"},
				"east": {"uv": [1, 0, 0, 7], "texture": "#0"},
				"south": {"uv": [1, 0, 0, 7], "texture": "#0"},
				"west": {"uv": [1, 0, 0, 7], "texture": "#0"},
				"up": {"uv": [1, 0, 0, 1], "texture": "#0"},
				"down": {"uv": [1, 0, 0, 1], "texture": "#0"}
			}
		},
		{
			"from": [14, 14, 10],
			"to": [15, 20, 11],
			"rotation": {"angle": 0, "axis": "y", "origin": [5, 8, 8]},
			"faces": {
				"north": {"uv": [1, 0, 0, 6], "texture": "#0"},
				"east": {"uv": [1, 0, 0, 6], "texture": "#0"},
				"south": {"uv": [1, 0, 0, 6], "texture": "#0"},
				"west": {"uv": [1, 0, 0, 6], "texture": "#0"},
				"up": {"uv": [1, 0, 0, 1], "texture": "#0"},
				"down": {"uv": [1, 0, 0, 1], "texture": "#0"}
			}
		},
		{
			"from": [15, 21, 8],
			"to": [17, 22, 9],
			"rotation": {"angle": 0, "axis": "y", "origin": [5, 8, 8]},
			"faces": {
				"north": {"uv": [11, 9, 9, 10], "texture": "#0"},
				"east": {"uv": [12, 9, 11, 10], "texture": "#0"},
				"south": {"uv": [11, 9, 9, 10], "texture": "#0"},
				"west": {"uv": [12, 9, 11, 10], "texture": "#0"},
				"up": {"uv": [11, 9, 9, 10], "texture": "#0"},
				"down": {"uv": [11, 9, 9, 10], "texture": "#0"}
			}
		},
		{
			"from": [16, 14, 7],
			"to": [17, 21, 10],
			"rotation": {"angle": 0, "axis": "y", "origin": [5, 8, 8]},
			"faces": {
				"north": {"uv": [0, 0, 1, 7], "texture": "#0"},
				"east": {"uv": [0, 0, 3, 7], "texture": "#0"},
				"south": {"uv": [0, 0, 1, 7], "texture": "#0"},
				"west": {"uv": [0, 0, 3, 7], "texture": "#0"},
				"up": {"uv": [1, 0, 0, 3], "texture": "#0"},
				"down": {"uv": [16, 0, 15, 3], "texture": "#0"}
			}
		},
		{
			"from": [17, 15, 8],
			"to": [18, 21, 9],
			"rotation": {"angle": 0, "axis": "y", "origin": [5, 8, 8]},
			"faces": {
				"north": {"uv": [0, 0, 1, 6], "texture": "#0"},
				"east": {"uv": [0, 0, 1, 6], "texture": "#0"},
				"south": {"uv": [0, 0, 1, 6], "texture": "#0"},
				"west": {"uv": [0, 0, 1, 6], "texture": "#0"},
				"up": {"uv": [1, 0, 0, 1], "texture": "#0"},
				"down": {"uv": [1, 0, 0, 1], "texture": "#0"}
			}
		},
		{
			"from": [11, 17, 8],
			"to": [12, 18, 9],
			"rotation": {"angle": 0, "axis": "y", "origin": [5, 8, 8]},
			"faces": {
				"north": {"uv": [2, 3, 1, 4], "texture": "#0"},
				"east": {"uv": [2, 3, 1, 4], "texture": "#0"},
				"south": {"uv": [2, 3, 1, 4], "texture": "#0"},
				"west": {"uv": [2, 3, 1, 4], "texture": "#0"},
				"up": {"uv": [2, 3, 1, 4], "texture": "#0"},
				"down": {"uv": [2, 3, 1, 4], "texture": "#0"}
			}
		},
		{
			"from": [13, 15, 8],
			"to": [14, 16, 9],
			"rotation": {"angle": 0, "axis": "y", "origin": [5, 8, 8]},
			"faces": {
				"north": {"uv": [2, 3, 1, 4], "texture": "#0"},
				"east": {"uv": [2, 3, 1, 4], "texture": "#0"},
				"south": {"uv": [2, 3, 1, 4], "texture": "#0"},
				"west": {"uv": [2, 3, 1, 4], "texture": "#0"},
				"up": {"uv": [2, 3, 1, 4], "texture": "#0"},
				"down": {"uv": [3, 2, 2, 3], "texture": "#0"}
			}
		},
		{
			"from": [12, 15, 9],
			"to": [13, 16, 10],
			"rotation": {"angle": 0, "axis": "y", "origin": [5, 8, 8]},
			"faces": {
				"north": {"uv": [3, 6, 4, 7], "texture": "#0"},
				"east": {"uv": [3, 6, 4, 7], "texture": "#0"},
				"south": {"uv": [3, 6, 4, 7], "texture": "#0"},
				"west": {"uv": [3, 6, 4, 7], "texture": "#0"},
				"up": {"uv": [3, 6, 4, 7], "texture": "#0"},
				"down": {"uv": [3, 6, 4, 7], "texture": "#0"}
			}
		},
		{
			"from": [12, 15, 10],
			"to": [13, 16, 11],
			"rotation": {"angle": 0, "axis": "y", "origin": [5, 8, 8]},
			"faces": {
				"north": {"uv": [13, 11, 14, 12], "texture": "#0"},
				"east": {"uv": [13, 11, 14, 12], "texture": "#0"},
				"south": {"uv": [13, 11, 14, 12], "texture": "#0"},
				"west": {"uv": [13, 11, 14, 12], "texture": "#0"},
				"up": {"uv": [13, 11, 14, 12], "texture": "#0"},
				"down": {"uv": [13, 11, 14, 12], "texture": "#0"}
			}
		},
		{
			"from": [11, 15, 9],
			"to": [12, 16, 10],
			"rotation": {"angle": 0, "axis": "y", "origin": [5, 8, 8]},
			"faces": {
				"north": {"uv": [0, 0, 16, 16], "texture": "#0"},
				"east": {"uv": [4, 6, 3, 7], "texture": "#0"},
				"south": {"uv": [4, 6, 3, 7], "texture": "#0"},
				"west": {"uv": [4, 6, 3, 7], "texture": "#0"},
				"up": {"uv": [0, 0, 16, 16], "texture": "#0"},
				"down": {"uv": [4, 6, 3, 7], "texture": "#0"}
			}
		},
		{
			"from": [15, 15, 8],
			"to": [16, 16, 9],
			"rotation": {"angle": 0, "axis": "y", "origin": [5, 8, 8]},
			"faces": {
				"north": {"uv": [2, 3, 1, 4], "texture": "#0"},
				"east": {"uv": [2, 3, 1, 4], "texture": "#0"},
				"south": {"uv": [2, 3, 1, 4], "texture": "#0"},
				"west": {"uv": [2, 3, 1, 4], "texture": "#0"},
				"up": {"uv": [2, 3, 1, 4], "texture": "#0"},
				"down": {"uv": [2, 3, 1, 4], "texture": "#0"}
			}
		},
		{
			"from": [12, 16, 9],
			"to": [16, 18, 10],
			"rotation": {"angle": 0, "axis": "y", "origin": [5, 8, 8]},
			"faces": {
				"north": {"uv": [4, 6, 12, 10], "texture": "#1"},
				"east": {"uv": [4, 6, 5, 10], "texture": "#1"},
				"south": {"uv": [4, 6, 12, 10], "texture": "#1"},
				"west": {"uv": [4, 6, 5, 10], "texture": "#1"},
				"up": {"uv": [4, 6, 8, 7], "texture": "#1"},
				"down": {"uv": [4, 6, 8, 7], "texture": "#1"}
			}
		},
		{
			"from": [14, 18, 9],
			"to": [16, 20, 10],
			"rotation": {"angle": 0, "axis": "y", "origin": [5, 8, 8]},
			"faces": {
				"north": {"uv": [0, 0, 4, 4], "texture": "#1"},
				"east": {"uv": [0, 0, 2, 4], "texture": "#1"},
				"south": {"uv": [0, 0, 4, 4], "texture": "#1"},
				"west": {"uv": [0, 0, 2, 4], "texture": "#1"},
				"up": {"uv": [0, 0, 4, 2], "texture": "#1"},
				"down": {"uv": [0, 0, 4, 2], "texture": "#1"}
			}
		},
		{
			"from": [13, 18, 9],
			"to": [14, 19, 10],
			"rotation": {"angle": 0, "axis": "y", "origin": [5, 8, 8]},
			"faces": {
				"north": {"uv": [8, 4, 10, 6], "texture": "#1"},
				"east": {"uv": [8, 4, 10, 6], "texture": "#1"},
				"south": {"uv": [8, 4, 10, 6], "texture": "#1"},
				"west": {"uv": [8, 4, 10, 6], "texture": "#1"},
				"up": {"uv": [8, 4, 10, 6], "texture": "#1"},
				"down": {"uv": [8, 4, 10, 6], "texture": "#1"}
			}
		},
		{
			"from": [14, 15, 9],
			"to": [15, 16, 10],
			"rotation": {"angle": 0, "axis": "y", "origin": [5, 8, 8]},
			"faces": {
				"north": {"uv": [0, 8, 2, 10], "texture": "#1"},
				"east": {"uv": [0, 8, 2, 10], "texture": "#1"},
				"south": {"uv": [0, 8, 2, 10], "texture": "#1"},
				"west": {"uv": [0, 8, 2, 10], "texture": "#1"},
				"up": {"uv": [0, 8, 2, 10], "texture": "#1"},
				"down": {"uv": [0, 8, 2, 10], "texture": "#1"}
			}
		},
		{
			"from": [15, 13, 8],
			"to": [16, 14, 10],
			"rotation": {"angle": 0, "axis": "y", "origin": [5, 8, 8]},
			"faces": {
				"north": {"uv": [10, 11, 11, 12], "texture": "#0"},
				"east": {"uv": [10, 11, 12, 12], "texture": "#0"},
				"south": {"uv": [10, 11, 11, 12], "texture": "#0"},
				"west": {"uv": [10, 11, 12, 12], "texture": "#0"},
				"up": {"uv": [10, 10, 11, 12], "texture": "#0"},
				"down": {"uv": [10, 10, 11, 12], "texture": "#0"}
			}
		},
		{
			"from": [14, 12, 9],
			"to": [15, 15, 10],
			"rotation": {"angle": 0, "axis": "y", "origin": [5, 8, 8]},
			"faces": {
				"north": {"uv": [2, 3, 1, 6], "texture": "#0"},
				"east": {"uv": [2, 3, 1, 6], "texture": "#0"},
				"south": {"uv": [2, 3, 1, 6], "texture": "#0"},
				"west": {"uv": [2, 3, 1, 6], "texture": "#0"},
				"up": {"uv": [2, 3, 1, 4], "texture": "#0"},
				"down": {"uv": [2, 3, 1, 4], "texture": "#0"}
			}
		},
		{
			"from": [14, 13, 10],
			"to": [15, 14, 11],
			"rotation": {"angle": 0, "axis": "y", "origin": [5, 8, 8]},
			"faces": {
				"north": {"uv": [2, 3, 1, 4], "texture": "#0"},
				"east": {"uv": [2, 3, 1, 4], "texture": "#0"},
				"south": {"uv": [2, 3, 1, 4], "texture": "#0"},
				"west": {"uv": [2, 3, 1, 4], "texture": "#0"},
				"up": {"uv": [2, 3, 1, 4], "texture": "#0"},
				"down": {"uv": [2, 3, 1, 4], "texture": "#0"}
			}
		},
		{
			"from": [14, 14, 8],
			"to": [15, 15, 9],
			"rotation": {"angle": 0, "axis": "y", "origin": [5, 8, 8]},
			"faces": {
				"north": {"uv": [2, 3, 1, 4], "texture": "#0"},
				"east": {"uv": [2, 3, 1, 4], "texture": "#0"},
				"south": {"uv": [2, 3, 1, 4], "texture": "#0"},
				"west": {"uv": [2, 3, 1, 4], "texture": "#0"},
				"up": {"uv": [2, 3, 1, 4], "texture": "#0"},
				"down": {"uv": [2, 3, 1, 4], "texture": "#0"}
			}
		},
		{
			"from": [9, 15, 7],
			"to": [13, 16, 9],
			"rotation": {"angle": 0, "axis": "y", "origin": [7, 8, 8]},
			"faces": {
				"north": {"uv": [4, 0, 0, 1], "texture": "#0"},
				"east": {"uv": [10, 0, 8, 1], "texture": "#0"},
				"south": {"uv": [10, 0, 8, 1], "texture": "#0"},
				"west": {"uv": [10, 0, 8, 1], "texture": "#0"},
				"up": {"uv": [8, 0, 4, 2], "texture": "#0"},
				"down": {"uv": [16, 14, 12, 16], "texture": "#0"}
			}
		},
		{
			"from": [10, 15, 9],
			"to": [11, 16, 10],
			"rotation": {"angle": 0, "axis": "y", "origin": [7, 8, 8]},
			"faces": {
				"north": {"uv": [2, 3, 1, 4], "texture": "#0"},
				"east": {"uv": [2, 3, 1, 4], "texture": "#0"},
				"south": {"uv": [2, 3, 1, 4], "texture": "#0"},
				"west": {"uv": [2, 3, 1, 4], "texture": "#0"},
				"up": {"uv": [2, 3, 1, 4], "texture": "#0"},
				"down": {"uv": [3, 2, 2, 3], "texture": "#0"}
			}
		},
		{
			"from": [11, 15, 10],
			"to": [12, 16, 11],
			"rotation": {"angle": 0, "axis": "y", "origin": [7, 8, 8]},
			"faces": {
				"north": {"uv": [2, 3, 1, 4], "texture": "#0"},
				"east": {"uv": [2, 3, 1, 4], "texture": "#0"},
				"south": {"uv": [2, 3, 1, 4], "texture": "#0"},
				"west": {"uv": [2, 3, 1, 4], "texture": "#0"},
				"up": {"uv": [2, 3, 1, 4], "texture": "#0"},
				"down": {"uv": [3, 2, 2, 3], "texture": "#0"}
			}
		},
		{
			"from": [12, 15, 11],
			"to": [13, 16, 12],
			"rotation": {"angle": 0, "axis": "y", "origin": [7, 8, 8]},
			"faces": {
				"north": {"uv": [2, 3, 1, 4], "texture": "#0"},
				"east": {"uv": [2, 3, 1, 4], "texture": "#0"},
				"south": {"uv": [2, 3, 1, 4], "texture": "#0"},
				"west": {"uv": [2, 3, 1, 4], "texture": "#0"},
				"up": {"uv": [2, 3, 1, 4], "texture": "#0"},
				"down": {"uv": [3, 2, 2, 3], "texture": "#0"}
			}
		},
		{
			"from": [13, 15, 11],
			"to": [14, 17, 12],
			"rotation": {"angle": 0, "axis": "y", "origin": [7, 8, 8]},
			"faces": {
				"north": {"uv": [7, 4, 6, 6], "texture": "#0"},
				"east": {"uv": [7, 4, 6, 6], "texture": "#0"},
				"south": {"uv": [7, 4, 6, 6], "texture": "#0"},
				"west": {"uv": [7, 4, 6, 6], "texture": "#0"},
				"up": {"uv": [7, 4, 6, 5], "texture": "#0"},
				"down": {"uv": [7, 5, 6, 6], "texture": "#0"}
			}
		},
		{
			"from": [10, 16, 7],
			"to": [11, 17, 8],
			"rotation": {"angle": 0, "axis": "y", "origin": [7, 8, 8]},
			"faces": {
				"north": {"uv": [2, 3, 1, 4], "texture": "#0"},
				"east": {"uv": [2, 3, 1, 4], "texture": "#0"},
				"south": {"uv": [2, 3, 1, 4], "texture": "#0"},
				"west": {"uv": [2, 3, 1, 4], "texture": "#0"},
				"up": {"uv": [2, 3, 1, 4], "texture": "#0"},
				"down": {"uv": [3, 2, 2, 3], "texture": "#0"}
			}
		},
		{
			"from": [11, 17, 7],
			"to": [12, 19, 8],
			"rotation": {"angle": 0, "axis": "y", "origin": [7, 8, 8]},
			"faces": {
				"north": {"uv": [7, 4, 6, 6], "texture": "#0"},
				"east": {"uv": [7, 4, 6, 6], "texture": "#0"},
				"south": {"uv": [7, 4, 6, 6], "texture": "#0"},
				"west": {"uv": [7, 4, 6, 6], "texture": "#0"},
				"up": {"uv": [7, 4, 6, 5], "texture": "#0"},
				"down": {"uv": [7, 5, 6, 6], "texture": "#0"}
			}
		},
		{
			"from": [12, 19, 7],
			"to": [13, 20, 8],
			"rotation": {"angle": 0, "axis": "y", "origin": [7, 8, 8]},
			"faces": {
				"north": {"uv": [2, 3, 1, 4], "texture": "#0"},
				"east": {"uv": [2, 3, 1, 4], "texture": "#0"},
				"south": {"uv": [2, 3, 1, 4], "texture": "#0"},
				"west": {"uv": [2, 3, 1, 4], "texture": "#0"},
				"up": {"uv": [2, 3, 1, 4], "texture": "#0"},
				"down": {"uv": [2, 3, 1, 4], "texture": "#0"}
			}
		},
		{
			"from": [13, 20, 7],
			"to": [15, 21, 8],
			"rotation": {"angle": 0, "axis": "y", "origin": [7, 8, 8]},
			"faces": {
				"north": {"uv": [7, 5, 5, 6], "texture": "#0"},
				"east": {"uv": [9, 5, 8, 6], "texture": "#0"},
				"south": {"uv": [7, 5, 5, 6], "texture": "#0"},
				"west": {"uv": [9, 5, 8, 6], "texture": "#0"},
				"up": {"uv": [7, 5, 5, 6], "texture": "#0"},
				"down": {"uv": [7, 5, 5, 6], "texture": "#0"}
			}
		},
		{
			"from": [15, 22, 7],
			"to": [17, 23, 8],
			"rotation": {"angle": 0, "axis": "y", "origin": [7, 8, 8]},
			"faces": {
				"north": {"uv": [11, 9, 9, 10], "texture": "#0"},
				"east": {"uv": [12, 9, 11, 10], "texture": "#0"},
				"south": {"uv": [11, 9, 9, 10], "texture": "#0"},
				"west": {"uv": [12, 9, 11, 10], "texture": "#0"},
				"up": {"uv": [11, 9, 9, 10], "texture": "#0"},
				"down": {"uv": [11, 9, 9, 10], "texture": "#0"}
			}
		},
		{
			"from": [14, 21, 7],
			"to": [17, 22, 8],
			"rotation": {"angle": 0, "axis": "y", "origin": [7, 8, 8]},
			"faces": {
				"north": {"uv": [11, 12, 7, 13], "texture": "#0"},
				"east": {"uv": [11, 3, 10, 4], "texture": "#0"},
				"south": {"uv": [10, 3, 6, 4], "texture": "#0"},
				"west": {"uv": [10, 3, 9, 4], "texture": "#0"},
				"up": {"uv": [10, 3, 6, 4], "texture": "#0"},
				"down": {"uv": [10, 3, 6, 4], "texture": "#0"}
			}
		},
		{
			"from": [16, 13, 7],
			"to": [17, 14, 8],
			"rotation": {"angle": 0, "axis": "y", "origin": [7, 8, 8]},
			"faces": {
				"north": {"uv": [2, 3, 1, 4], "texture": "#0"},
				"east": {"uv": [2, 3, 1, 4], "texture": "#0"},
				"south": {"uv": [2, 3, 1, 4], "texture": "#0"},
				"west": {"uv": [2, 3, 1, 4], "texture": "#0"},
				"up": {"uv": [2, 3, 1, 4], "texture": "#0"},
				"down": {"uv": [2, 3, 1, 4], "texture": "#0"}
			}
		},
		{
			"from": [15, 12, 7],
			"to": [16, 15, 8],
			"rotation": {"angle": 0, "axis": "y", "origin": [7, 8, 8]},
			"faces": {
				"north": {"uv": [0, 0, 1, 3], "texture": "#0"},
				"east": {"uv": [0, 0, 1, 3], "texture": "#0"},
				"south": {"uv": [0, 0, 1, 3], "texture": "#0"},
				"west": {"uv": [0, 0, 1, 3], "texture": "#0"},
				"up": {"uv": [0, 0, 1, 1], "texture": "#0"},
				"down": {"uv": [0, 0, 1, 1], "texture": "#0"}
			}
		},
		{
			"from": [14, 11, 7],
			"to": [15, 14, 9],
			"rotation": {"angle": 0, "axis": "y", "origin": [7, 8, 8]},
			"faces": {
				"north": {"uv": [16, 13, 15, 16], "texture": "#0"},
				"east": {"uv": [5, 7, 3, 10], "texture": "#0"},
				"south": {"uv": [10, 13, 9, 16], "texture": "#0"},
				"west": {"uv": [5, 7, 3, 10], "texture": "#0"},
				"up": {"uv": [4, 7, 3, 10], "texture": "#0"},
				"down": {"uv": [3, 10, 4, 12], "texture": "#0"}
			}
		}
	],
	"display": {
		"thirdperson_righthand": {
			"translation": [0, -2.75, 0.25],
			"scale": [0.34, 0.34, 0.34]
		},
		"thirdperson_lefthand": {
			"translation": [0, -2.75, 0.25],
			"scale": [0.34, 0.34, 0.34]
		},
		"firstperson_righthand": {
			"rotation": [0, -180, 0],
			"translation": [0, -3.75, 0],
			"scale": [0.5, 0.5, 0.5]
		},
		"firstperson_lefthand": {
			"rotation": [0, -180, 0],
			"translation": [0, -3.75, 0],
			"scale": [0.5, 0.5, 0.5]
		},
		"ground": {
			"translation": [0, -4.5, 0],
			"scale": [0.5, 0.5, 0.5]
		},
		"gui": {
			"rotation": [17, -150, 0],
			"translation": [0.25, -5.75, 0],
			"scale": [0.8, 0.8, 0.8]
		},
		"head": {
			"translation": [0, -0.75, 0]
		},
		"fixed": {
			"translation": [0, -8.5, -1.25]
		}
	},
	"groups": [
		{
			"name": "group",
			"origin": [8, 8, 8],
			"color": 0,
			"children": [0, 1, 2, 3, 4, 5, 6, 7, 8, 9, 10, 11, 12, 13, 14, 15, 16, 17, 18, 19, 20, 21, 22, 23, 24, 25, 26, 27, 28, 29, 30, 31, 32, 33, 34, 35, 36, 37, 38, 39, 40, 41, 42, 43, 44]
		},
		{
			"name": "group",
			"origin": [8, 8, 8],
			"color": 0,
			"children": [45, 46, 47, 48, 49, 50, 51, 52, 53, 54, 55, 56, 57, 58, 59, 60, 61, 62, 63, 64, 65, 66, 67, 68, 69, 70, 71, 72, 73, 74, 75, 76, 77, 78, 79, 80, 81, 82, 83, 84, 85, 86, 87, 88, 89]
		}
	]
}