{
	"credit": "Made with Blockbench",
	"texture_size": [64, 64],
	"textures": {
		"0": "hats/hat/chef_hat",
		"particle": "hats/hat/chef_hat"
	},
	"elements": [
		{
			"from": [3, 0, 3],
			"to": [13, 7, 13],
			"faces": {
				"north": {"uv": [7, 2.5, 9.5, 4.25], "texture": "#0"},
				"east": {"uv": [7, 4.25, 9.5, 6], "texture": "#0"},
				"south": {"uv": [7, 6, 9.5, 7.75], "texture": "#0"},
				"west": {"uv": [7, 7.75, 9.5, 9.5], "texture": "#0"},
				"up": {"uv": [2.5, 9.5, 0, 7], "texture": "#0"},
				"down": {"uv": [9.5, 0, 7, 2.5], "texture": "#0"}
			}
		},
		{
			"from": [1, 6.75, -1.25],
			"to": [15, 14.75, 12.75],
			"rotation": {"angle": 22.5, "axis": "x", "origin": [0, 0, 0]},
			"faces": {
				"north": {"uv": [3.5, 0, 7, 2], "texture": "#0"},
				"east": {"uv": [3.5, 2, 7, 4], "texture": "#0"},
				"south": {"uv": [3.5, 4, 7, 6], "texture": "#0"},
				"west": {"uv": [3.5, 6, 7, 8], "texture": "#0"},
				"up": {"uv": [3.5, 3.5, 0, 0], "texture": "#0"},
				"down": {"uv": [3.5, 3.5, 0, 7], "texture": "#0"}
			}
		}
	],
	"display": {
		"thirdperson_righthand": {
			"translation": [0, 3.75, 2.25],
			"scale": [0.5, 0.5, 0.5]
		},
		"thirdperson_lefthand": {
			"translation": [0, 3.75, 2.25],
			"scale": [0.5, 0.5, 0.5]
		},
		"firstperson_righthand": {
			"scale": [0.6, 0.6, 0.6]
		},
		"firstperson_lefthand": {
			"scale": [0.6, 0.6, 0.6]
		},
		"ground": {
			"translation": [0, 0.75, 0],
			"scale": [0.6, 0.6, 0.6]
		},
		"gui": {
			"rotation": [27, -149, 0],
			"translation": [0.25, 1, 0],
			"scale": [0.6, 0.6, 0.6]
		},
		"head": {
			"rotation": [6, 0, 0],
			"translation": [0, 15, 1],
			"scale": [1.6, 1.6, 1.6]
		},
		"fixed": {
			"translation": [0, 2.5, 0]
		}
	},
	"groups": [
		{
			"name": "chef_hat",
			"origin": [8, 8, 8],
			"color": 0,
			"nbt": "{}",
			"armAnimationEnabled": false,
			"children": [
				{
					"name": "base",
					"origin": [8, 8, 8],
					"color": 0,
					"nbt": "{}",
					"armAnimationEnabled": false,
					"children": [0, 1]
				}
			]
		}
	]
}
