{
	"credit": "Made with Blockbench",
	"textures": {
		"3": "hats/hat/christmastree/spruce_log",
		"4": "hats/hat/christmastree/glowstone",
		"5": "hats/hat/christmastree/leaves",
		"6": "block/blue_concrete",
		"7": "block/lime_concrete",
		"8": "block/purple_concrete",
		"9": "block/red_concrete",
		"10": "block/yellow_concrete",
		"11": "hats/hat/christmastree/snow",
		"particle": "hats/hat/christmastree/snow"
	},
	"elements": [
		{
			"from": [1, 14, 1],
			"to": [15, 16, 15],
			"faces": {
				"north": {"uv": [0, 0, 14, 2], "rotation": 180, "texture": "#11"},
				"east": {"uv": [0, 0, 14, 2], "rotation": 180, "texture": "#11"},
				"south": {"uv": [0, 0, 14, 2], "rotation": 180, "texture": "#11"},
				"west": {"uv": [0, 0, 14, 2], "rotation": 180, "texture": "#11"},
				"up": {"uv": [0, 0, 14, 14], "rotation": 180, "texture": "#11"},
				"down": {"uv": [0, 0, 14, 14], "rotation": 180, "texture": "#11"}
			}
		},
		{
			"from": [4, 16, 3],
			"to": [12, 17, 13],
			"faces": {
				"north": {"uv": [0, 15, 8, 16], "rotation": 180, "texture": "#11"},
				"east": {"uv": [0, 15, 16, 16], "rotation": 180, "texture": "#11"},
				"south": {"uv": [0, 15, 16, 16], "rotation": 180, "texture": "#11"},
				"west": {"uv": [0, 15, 16, 16], "rotation": 180, "texture": "#11"},
				"up": {"uv": [0, 0, 8, 10], "rotation": 180, "texture": "#11"},
				"down": {"uv": [0, 15, 16, 16], "rotation": 180, "texture": "#11"}
			}
		},
		{
			"from": [6, 16, 2],
			"to": [10, 17, 3],
			"faces": {
				"north": {"uv": [0, 0, 4, 1], "rotation": 180, "texture": "#11"},
				"east": {"uv": [0, 0, 16, 16], "rotation": 180, "texture": "#11"},
				"south": {"uv": [0, 0, 16, 16], "rotation": 180, "texture": "#11"},
				"west": {"uv": [0, 0, 16, 16], "rotation": 180, "texture": "#11"},
				"up": {"uv": [0, 0, 4, 1], "rotation": 180, "texture": "#11"},
				"down": {"uv": [0, 0, 16, 16], "rotation": 180, "texture": "#11"}
			}
		},
		{
			"from": [6, 21, 4],
			"to": [7, 21.1, 5],
			"faces": {
				"north": {"uv": [0, 0, 1, 0.1], "rotation": 180, "texture": "#11"},
				"east": {"uv": [0, 0, 16, 16], "rotation": 180, "texture": "#11"},
				"south": {"uv": [0, 0, 16, 16], "rotation": 180, "texture": "#11"},
				"west": {"uv": [0, 0, 16, 16], "rotation": 180, "texture": "#11"},
				"up": {"uv": [0, 0, 1, 1], "rotation": 180, "texture": "#11"},
				"down": {"uv": [0, 0, 16, 16], "rotation": 180, "texture": "#11"}
			}
		},
		{
			"from": [7, 21, 3],
			"to": [9, 21.1, 4],
			"faces": {
				"north": {"uv": [0, 0, 2, 0.1], "rotation": 180, "texture": "#11"},
				"east": {"uv": [0, 0, 16, 16], "rotation": 180, "texture": "#11"},
				"south": {"uv": [0, 0, 16, 16], "rotation": 180, "texture": "#11"},
				"west": {"uv": [0, 0, 16, 16], "rotation": 180, "texture": "#11"},
				"up": {"uv": [0, 0, 2, 1], "rotation": 180, "texture": "#11"},
				"down": {"uv": [0, 0, 16, 16], "rotation": 180, "texture": "#11"}
			}
		},
		{
			"from": [10, 21, 4],
			"to": [11, 21.1, 5],
			"faces": {
				"north": {"uv": [0, 0, 1, 0.1], "rotation": 180, "texture": "#11"},
				"east": {"uv": [0, 0, 16, 16], "rotation": 180, "texture": "#11"},
				"south": {"uv": [0, 0, 16, 16], "rotation": 180, "texture": "#11"},
				"west": {"uv": [0, 0, 16, 16], "rotation": 180, "texture": "#11"},
				"up": {"uv": [0, 0, 1, 1], "rotation": 180, "texture": "#11"},
				"down": {"uv": [0, 0, 16, 16], "rotation": 180, "texture": "#missing"}
			}
		},
		{
			"from": [11, 21, 5],
			"to": [12, 21.1, 7],
			"faces": {
				"north": {"uv": [0, 0, 1, 0.1], "rotation": 180, "texture": "#11"},
				"east": {"uv": [0, 0, 16, 16], "rotation": 180, "texture": "#11"},
				"south": {"uv": [0, 0, 16, 16], "rotation": 180, "texture": "#11"},
				"west": {"uv": [0, 0, 16, 16], "rotation": 180, "texture": "#11"},
				"up": {"uv": [0, 0, 1, 2], "rotation": 180, "texture": "#11"},
				"down": {"uv": [0, 0, 16, 16], "rotation": 180, "texture": "#11"}
			}
		},
		{
			"from": [12, 21, 7],
			"to": [13, 21.1, 9],
			"faces": {
				"north": {"uv": [0, 0, 1, 0.1], "rotation": 180, "texture": "#11"},
				"east": {"uv": [0, 0, 16, 16], "rotation": 180, "texture": "#11"},
				"south": {"uv": [0, 0, 16, 16], "rotation": 180, "texture": "#11"},
				"west": {"uv": [0, 0, 16, 16], "rotation": 180, "texture": "#11"},
				"up": {"uv": [0, 0, 1, 2], "rotation": 180, "texture": "#11"},
				"down": {"uv": [0, 0, 16, 16], "rotation": 180, "texture": "#11"}
			}
		},
		{
			"from": [11, 21, 10],
			"to": [12, 21.1, 11],
			"faces": {
				"north": {"uv": [0, 0, 1, 0.1], "rotation": 180, "texture": "#11"},
				"east": {"uv": [0, 0, 16, 16], "rotation": 180, "texture": "#11"},
				"south": {"uv": [0, 0, 16, 16], "rotation": 180, "texture": "#11"},
				"west": {"uv": [0, 0, 16, 16], "rotation": 180, "texture": "#11"},
				"up": {"uv": [0, 0, 1, 1], "rotation": 180, "texture": "#11"},
				"down": {"uv": [0, 0, 16, 16], "rotation": 180, "texture": "#11"}
			}
		},
		{
			"from": [10, 25, 9],
			"to": [11, 25.2, 10],
			"faces": {
				"north": {"uv": [0, 0, 1, 0.2], "rotation": 180, "texture": "#11"},
				"east": {"uv": [0, 0, 16, 16], "rotation": 180, "texture": "#11"},
				"south": {"uv": [0, 0, 16, 16], "rotation": 180, "texture": "#11"},
				"west": {"uv": [0, 0, 16, 16], "rotation": 180, "texture": "#11"},
				"up": {"uv": [0, 0, 1, 1], "rotation": 180, "texture": "#11"},
				"down": {"uv": [0, 0, 16, 16], "rotation": 180, "texture": "#11"}
			}
		},
		{
			"from": [10, 25, 8],
			"to": [11, 25.3, 9],
			"faces": {
				"north": {"uv": [0, 0, 1, 0.3], "rotation": 180, "texture": "#11"},
				"east": {"uv": [0, 0, 16, 16], "rotation": 180, "texture": "#11"},
				"south": {"uv": [0, 0, 16, 16], "rotation": 180, "texture": "#11"},
				"west": {"uv": [0, 0, 16, 16], "rotation": 180, "texture": "#11"},
				"up": {"uv": [0, 0, 1, 1], "rotation": 180, "texture": "#11"},
				"down": {"uv": [0, 0, 16, 16], "rotation": 180, "texture": "#11"}
			}
		},
		{
			"from": [11, 25, 8],
			"to": [12, 25.1, 9],
			"faces": {
				"north": {"uv": [0, 0, 1, 0.1], "rotation": 180, "texture": "#11"},
				"east": {"uv": [0, 0, 16, 16], "rotation": 180, "texture": "#11"},
				"south": {"uv": [0, 0, 16, 16], "rotation": 180, "texture": "#11"},
				"west": {"uv": [0, 0, 16, 16], "rotation": 180, "texture": "#11"},
				"up": {"uv": [0, 0, 1, 1], "rotation": 180, "texture": "#11"},
				"down": {"uv": [0, 0, 16, 16], "rotation": 180, "texture": "#11"}
			}
		},
		{
			"from": [11, 25, 7],
			"to": [12, 25.1, 8],
			"faces": {
				"north": {"uv": [0, 0, 1, 0.1], "rotation": 180, "texture": "#11"},
				"east": {"uv": [0, 0, 1, 1], "rotation": 180, "texture": "#11"},
				"south": {"uv": [0, 0, 1, 1], "rotation": 180, "texture": "#11"},
				"west": {"uv": [0, 0, 1, 0.1], "rotation": 180, "texture": "#11"},
				"up": {"uv": [0, 0, 1, 1], "rotation": 180, "texture": "#11"},
				"down": {"uv": [0, 0, 1, 1], "rotation": 180, "texture": "#11"}
			}
		},
		{
			"from": [10, 25, 6],
			"to": [11, 25.2, 7],
			"faces": {
				"north": {"uv": [0, 0, 1, 0.2], "rotation": 180, "texture": "#11"},
				"east": {"uv": [0, 0, 16, 16], "rotation": 180, "texture": "#11"},
				"south": {"uv": [0, 0, 16, 16], "rotation": 180, "texture": "#11"},
				"west": {"uv": [0, 0, 16, 16], "rotation": 180, "texture": "#11"},
				"up": {"uv": [0, 0, 1, 1], "rotation": 180, "texture": "#11"},
				"down": {"uv": [0, 0, 16, 16], "rotation": 180, "texture": "#11"}
			}
		},
		{
			"from": [8, 25, 4],
			"to": [9, 25.1, 5],
			"faces": {
				"north": {"uv": [0, 0, 1, 0.1], "rotation": 180, "texture": "#11"},
				"east": {"uv": [0, 0, 16, 16], "rotation": 180, "texture": "#11"},
				"south": {"uv": [0, 0, 16, 16], "rotation": 180, "texture": "#11"},
				"west": {"uv": [0, 0, 16, 16], "rotation": 180, "texture": "#11"},
				"up": {"uv": [0, 0, 1, 1], "rotation": 180, "texture": "#11"},
				"down": {"uv": [0, 0, 16, 16], "rotation": 180, "texture": "#11"}
			}
		},
		{
			"from": [9, 25, 5],
			"to": [11, 25.1, 6],
			"faces": {
				"north": {"uv": [0, 0, 2, 0.1], "rotation": 180, "texture": "#11"},
				"east": {"uv": [0, 0, 16, 16], "rotation": 180, "texture": "#11"},
				"south": {"uv": [0, 0, 16, 16], "rotation": 180, "texture": "#11"},
				"west": {"uv": [0, 0, 16, 16], "rotation": 180, "texture": "#11"},
				"up": {"uv": [0, 0, 2, 1], "rotation": 180, "texture": "#11"},
				"down": {"uv": [0, 0, 16, 16], "rotation": 180, "texture": "#11"}
			}
		},
		{
			"from": [11, 25, 7],
			"to": [12, 25.1, 8],
			"color": 3,
			"faces": {
				"north": {"uv": [0, 0, 1, 0.1], "rotation": 180, "texture": "#missing"},
				"east": {"uv": [0, 0, 1, 1], "rotation": 180, "texture": "#missing"},
				"south": {"uv": [0, 0, 1, 1], "rotation": 180, "texture": "#missing"},
				"west": {"uv": [0, 0, 1, 0.1], "rotation": 180, "texture": "#missing"},
				"up": {"uv": [0, 0, 1, 1], "rotation": 180, "texture": "#missing"},
				"down": {"uv": [0, 0, 1, 1], "rotation": 180, "texture": "#missing"}
			}
		},
		{
			"from": [9, 21, 11],
			"to": [11, 21.1, 12],
			"faces": {
				"north": {"uv": [0, 0, 2, 0.1], "rotation": 180, "texture": "#11"},
				"east": {"uv": [0, 0, 16, 16], "rotation": 180, "texture": "#11"},
				"south": {"uv": [0, 0, 16, 16], "rotation": 180, "texture": "#11"},
				"west": {"uv": [0, 0, 16, 16], "rotation": 180, "texture": "#11"},
				"up": {"uv": [0, 0, 2, 1], "rotation": 180, "texture": "#11"},
				"down": {"uv": [0, 0, 16, 16], "rotation": 180, "texture": "#11"}
			}
		},
		{
			"from": [8, 21, 12],
			"to": [9, 21.1, 13],
			"faces": {
				"north": {"uv": [0, 0, 1, 0.1], "rotation": 180, "texture": "#11"},
				"east": {"uv": [0, 0, 16, 16], "rotation": 180, "texture": "#11"},
				"south": {"uv": [0, 0, 16, 16], "rotation": 180, "texture": "#11"},
				"west": {"uv": [0, 0, 16, 16], "rotation": 180, "texture": "#11"},
				"up": {"uv": [0, 0, 1, 1], "rotation": 180, "texture": "#11"},
				"down": {"uv": [0, 0, 16, 16], "rotation": 180, "texture": "#11"}
			}
		},
		{
			"from": [5, 21, 11],
			"to": [7, 21.1, 12],
			"faces": {
				"north": {"uv": [0, 0, 2, 0.1], "rotation": 180, "texture": "#11"},
				"east": {"uv": [0, 0, 16, 16], "rotation": 180, "texture": "#11"},
				"south": {"uv": [0, 0, 16, 16], "rotation": 180, "texture": "#11"},
				"west": {"uv": [0, 0, 16, 16], "rotation": 180, "texture": "#11"},
				"up": {"uv": [0, 0, 2, 1], "rotation": 180, "texture": "#11"},
				"down": {"uv": [0, 0, 16, 16], "rotation": 180, "texture": "#11"}
			}
		},
		{
			"from": [4, 21, 10],
			"to": [5, 21.1, 11],
			"faces": {
				"north": {"uv": [0, 0, 1, 0.1], "rotation": 180, "texture": "#11"},
				"east": {"uv": [0, 0, 16, 16], "rotation": 180, "texture": "#11"},
				"south": {"uv": [0, 0, 16, 16], "rotation": 180, "texture": "#11"},
				"west": {"uv": [0, 0, 16, 16], "rotation": 180, "texture": "#11"},
				"up": {"uv": [0, 0, 1, 1], "rotation": 180, "texture": "#11"},
				"down": {"uv": [0, 0, 16, 16], "rotation": 180, "texture": "#11"}
			}
		},
		{
			"from": [6, 25, 10],
			"to": [7, 25.1, 11],
			"faces": {
				"north": {"uv": [0, 0, 1, 0.1], "rotation": 180, "texture": "#11"},
				"east": {"uv": [0, 0, 16, 16], "rotation": 180, "texture": "#11"},
				"south": {"uv": [0, 0, 16, 16], "rotation": 180, "texture": "#11"},
				"west": {"uv": [0, 0, 16, 16], "rotation": 180, "texture": "#11"},
				"up": {"uv": [0, 0, 1, 1], "rotation": 180, "texture": "#11"},
				"down": {"uv": [0, 0, 16, 16], "rotation": 180, "texture": "#11"}
			}
		},
		{
			"from": [7, 25, 11],
			"to": [9, 25.1, 12],
			"faces": {
				"north": {"uv": [0, 0, 2, 0.1], "rotation": 180, "texture": "#11"},
				"east": {"uv": [0, 0, 16, 16], "rotation": 180, "texture": "#11"},
				"south": {"uv": [0, 0, 16, 16], "rotation": 180, "texture": "#11"},
				"west": {"uv": [0, 0, 16, 16], "rotation": 180, "texture": "#11"},
				"up": {"uv": [0, 0, 2, 1], "rotation": 180, "texture": "#11"},
				"down": {"uv": [0, 0, 16, 16], "rotation": 180, "texture": "#11"}
			}
		},
		{
			"from": [5, 23, 10],
			"to": [7, 23.1, 11],
			"faces": {
				"north": {"uv": [0, 0, 2, 0.1], "rotation": 180, "texture": "#11"},
				"east": {"uv": [0, 0, 16, 16], "rotation": 180, "texture": "#11"},
				"south": {"uv": [0, 0, 16, 16], "rotation": 180, "texture": "#11"},
				"west": {"uv": [0, 0, 16, 16], "rotation": 180, "texture": "#11"},
				"up": {"uv": [0, 0, 2, 1], "rotation": 180, "texture": "#11"},
				"down": {"uv": [0, 0, 16, 16], "rotation": 180, "texture": "#11"}
			}
		},
		{
			"from": [8, 23, 11],
			"to": [9, 23.1, 12],
			"faces": {
				"north": {"uv": [0, 0, 1, 0.1], "rotation": 180, "texture": "#11"},
				"east": {"uv": [0, 0, 16, 16], "rotation": 180, "texture": "#11"},
				"south": {"uv": [0, 0, 16, 16], "rotation": 180, "texture": "#11"},
				"west": {"uv": [0, 0, 16, 16], "rotation": 180, "texture": "#11"},
				"up": {"uv": [0, 0, 1, 1], "rotation": 180, "texture": "#11"},
				"down": {"uv": [0, 0, 16, 16], "rotation": 180, "texture": "#11"}
			}
		},
		{
			"from": [8, 27, 10],
			"to": [9, 27.1, 11],
			"faces": {
				"north": {"uv": [0, 0, 1, 0.1], "rotation": 180, "texture": "#11"},
				"east": {"uv": [0, 0, 16, 16], "rotation": 180, "texture": "#11"},
				"south": {"uv": [0, 0, 16, 16], "rotation": 180, "texture": "#11"},
				"west": {"uv": [0, 0, 16, 16], "rotation": 180, "texture": "#11"},
				"up": {"uv": [0, 0, 1, 1], "rotation": 180, "texture": "#11"},
				"down": {"uv": [0, 0, 16, 16], "rotation": 180, "texture": "#11"}
			}
		},
		{
			"from": [8, 29, 10],
			"to": [9, 29.1, 11],
			"faces": {
				"north": {"uv": [0, 0, 1, 0.1], "rotation": 180, "texture": "#11"},
				"east": {"uv": [0, 0, 16, 16], "rotation": 180, "texture": "#11"},
				"south": {"uv": [0, 0, 16, 16], "rotation": 180, "texture": "#11"},
				"west": {"uv": [0, 0, 16, 16], "rotation": 180, "texture": "#11"},
				"up": {"uv": [0, 0, 1, 1], "rotation": 180, "texture": "#11"},
				"down": {"uv": [0, 0, 16, 16], "rotation": 180, "texture": "#11"}
			}
		},
		{
			"from": [9, 27, 9],
			"to": [10, 27.1, 10],
			"faces": {
				"north": {"uv": [0, 0, 1, 0.1], "rotation": 180, "texture": "#11"},
				"east": {"uv": [0, 0, 16, 16], "rotation": 180, "texture": "#11"},
				"south": {"uv": [0, 0, 16, 16], "rotation": 180, "texture": "#11"},
				"west": {"uv": [0, 0, 16, 16], "rotation": 180, "texture": "#11"},
				"up": {"uv": [0, 0, 1, 1], "rotation": 180, "texture": "#11"},
				"down": {"uv": [0, 0, 16, 16], "rotation": 180, "texture": "#11"}
			}
		},
		{
			"from": [10, 27, 7],
			"to": [11, 27.1, 8],
			"faces": {
				"north": {"uv": [0, 0, 1, 0.1], "rotation": 180, "texture": "#11"},
				"east": {"uv": [0, 0, 16, 16], "rotation": 180, "texture": "#11"},
				"south": {"uv": [0, 0, 16, 16], "rotation": 180, "texture": "#11"},
				"west": {"uv": [0, 0, 16, 16], "rotation": 180, "texture": "#11"},
				"up": {"uv": [0, 0, 1, 1], "rotation": 180, "texture": "#11"},
				"down": {"uv": [0, 0, 16, 16], "rotation": 180, "texture": "#11"}
			}
		},
		{
			"from": [5, 27, 7],
			"to": [6, 27.1, 8],
			"faces": {
				"north": {"uv": [0, 0, 1, 0.1], "rotation": 180, "texture": "#11"},
				"east": {"uv": [0, 0, 16, 16], "rotation": 180, "texture": "#11"},
				"south": {"uv": [0, 0, 16, 16], "rotation": 180, "texture": "#11"},
				"west": {"uv": [0, 0, 16, 16], "rotation": 180, "texture": "#11"},
				"up": {"uv": [0, 0, 1, 1], "rotation": 180, "texture": "#11"},
				"down": {"uv": [0, 0, 16, 16], "rotation": 180, "texture": "#11"}
			}
		},
		{
			"from": [6, 27, 9],
			"to": [7, 27.1, 10],
			"faces": {
				"north": {"uv": [0, 0, 1, 0.1], "rotation": 180, "texture": "#11"},
				"east": {"uv": [0, 0, 16, 16], "rotation": 180, "texture": "#11"},
				"south": {"uv": [0, 0, 16, 16], "rotation": 180, "texture": "#11"},
				"west": {"uv": [0, 0, 16, 16], "rotation": 180, "texture": "#11"},
				"up": {"uv": [0, 0, 1, 1], "rotation": 180, "texture": "#11"},
				"down": {"uv": [0, 0, 16, 16], "rotation": 180, "texture": "#11"}
			}
		},
		{
			"from": [6, 27, 9],
			"to": [7, 27.1, 10],
			"color": 6,
			"faces": {
				"north": {"uv": [0, 0, 1, 0.1], "rotation": 180, "texture": "#missing"},
				"east": {"uv": [0, 0, 1, 1], "rotation": 180, "texture": "#missing"},
				"south": {"uv": [0, 0, 1, 1], "rotation": 180, "texture": "#missing"},
				"west": {"uv": [0, 0, 1, 0.1], "rotation": 180, "texture": "#missing"},
				"up": {"uv": [0, 0, 1, 1], "rotation": 180, "texture": "#missing"},
				"down": {"uv": [0, 0, 1, 1], "rotation": 180, "texture": "#missing"}
			}
		},
		{
			"from": [7, 27, 5],
			"to": [9, 27.1, 6],
			"faces": {
				"north": {"uv": [0, 0, 2, 0.1], "rotation": 180, "texture": "#11"},
				"east": {"uv": [0, 0, 16, 16], "rotation": 180, "texture": "#11"},
				"south": {"uv": [0, 0, 16, 16], "rotation": 180, "texture": "#11"},
				"west": {"uv": [0, 0, 16, 16], "rotation": 180, "texture": "#11"},
				"up": {"uv": [0, 0, 2, 1], "rotation": 180, "texture": "#11"},
				"down": {"uv": [0, 0, 16, 16], "rotation": 180, "texture": "#11"}
			}
		},
		{
			"from": [7, 27, 10],
			"to": [8, 27.2, 11],
			"faces": {
				"north": {"uv": [0, 0, 1, 0.2], "rotation": 180, "texture": "#11"},
				"east": {"uv": [0, 0, 16, 16], "rotation": 180, "texture": "#11"},
				"south": {"uv": [0, 0, 16, 16], "rotation": 180, "texture": "#11"},
				"west": {"uv": [0, 0, 16, 16], "rotation": 180, "texture": "#11"},
				"up": {"uv": [0, 0, 1, 1], "rotation": 180, "texture": "#11"},
				"down": {"uv": [0, 0, 16, 16], "rotation": 180, "texture": "#11"}
			}
		},
		{
			"from": [7, 29, 10],
			"to": [8, 29.2, 11],
			"faces": {
				"north": {"uv": [0, 0, 1, 0.2], "rotation": 180, "texture": "#11"},
				"east": {"uv": [0, 0, 16, 16], "rotation": 180, "texture": "#11"},
				"south": {"uv": [0, 0, 16, 16], "rotation": 180, "texture": "#11"},
				"west": {"uv": [0, 0, 16, 16], "rotation": 180, "texture": "#11"},
				"up": {"uv": [0, 0, 1, 1], "rotation": 180, "texture": "#11"},
				"down": {"uv": [0, 0, 16, 16], "rotation": 180, "texture": "#11"}
			}
		},
		{
			"from": [6, 29, 9],
			"to": [7, 29.2, 10],
			"faces": {
				"north": {"uv": [0, 0, 1, 0.2], "rotation": 180, "texture": "#11"},
				"east": {"uv": [0, 0, 16, 16], "rotation": 180, "texture": "#11"},
				"south": {"uv": [0, 0, 16, 16], "rotation": 180, "texture": "#11"},
				"west": {"uv": [0, 0, 16, 16], "rotation": 180, "texture": "#11"},
				"up": {"uv": [0, 0, 1, 1], "rotation": 180, "texture": "#11"},
				"down": {"uv": [0, 0, 16, 16], "rotation": 180, "texture": "#11"}
			}
		},
		{
			"from": [6, 31, 7],
			"to": [7, 31.2, 8],
			"faces": {
				"north": {"uv": [0, 0, 1, 0.2], "rotation": 180, "texture": "#11"},
				"east": {"uv": [0, 0, 16, 16], "rotation": 180, "texture": "#11"},
				"south": {"uv": [0, 0, 16, 16], "rotation": 180, "texture": "#11"},
				"west": {"uv": [0, 0, 16, 16], "rotation": 180, "texture": "#11"},
				"up": {"uv": [0, 0, 1, 1], "rotation": 180, "texture": "#11"},
				"down": {"uv": [0, 0, 16, 16], "rotation": 180, "texture": "#11"}
			}
		},
		{
			"from": [8, 31, 6],
			"to": [9, 31.2, 7],
			"faces": {
				"north": {"uv": [0, 0, 1, 0.2], "rotation": 180, "texture": "#11"},
				"east": {"uv": [0, 0, 16, 16], "rotation": 180, "texture": "#11"},
				"south": {"uv": [0, 0, 16, 16], "rotation": 180, "texture": "#11"},
				"west": {"uv": [0, 0, 16, 16], "rotation": 180, "texture": "#11"},
				"up": {"uv": [0, 0, 1, 1], "rotation": 180, "texture": "#11"},
				"down": {"uv": [0, 0, 16, 16], "rotation": 180, "texture": "#11"}
			}
		},
		{
			"from": [7, 31, 6],
			"to": [8, 31.1, 7],
			"faces": {
				"north": {"uv": [0, 0, 1, 0.1], "rotation": 180, "texture": "#11"},
				"east": {"uv": [0, 0, 16, 16], "rotation": 180, "texture": "#11"},
				"south": {"uv": [0, 0, 16, 16], "rotation": 180, "texture": "#11"},
				"west": {"uv": [0, 0, 16, 16], "rotation": 180, "texture": "#11"},
				"up": {"uv": [0, 0, 1, 1], "rotation": 180, "texture": "#11"},
				"down": {"uv": [0, 0, 16, 16], "rotation": 180, "texture": "#11"}
			}
		},
		{
			"from": [9, 31, 7],
			"to": [10, 31.1, 8],
			"faces": {
				"north": {"uv": [0, 0, 1, 0.1], "rotation": 180, "texture": "#11"},
				"east": {"uv": [0, 0, 16, 16], "rotation": 180, "texture": "#11"},
				"south": {"uv": [0, 0, 16, 16], "rotation": 180, "texture": "#11"},
				"west": {"uv": [0, 0, 16, 16], "rotation": 180, "texture": "#11"},
				"up": {"uv": [0, 0, 1, 1], "rotation": 180, "texture": "#11"},
				"down": {"uv": [0, 0, 16, 16], "rotation": 180, "texture": "#11"}
			}
		},
		{
			"from": [6, 29, 6],
			"to": [7, 29.2, 7],
			"faces": {
				"north": {"uv": [0, 0, 1, 0.2], "rotation": 180, "texture": "#11"},
				"east": {"uv": [0, 0, 16, 16], "rotation": 180, "texture": "#11"},
				"south": {"uv": [0, 0, 16, 16], "rotation": 180, "texture": "#11"},
				"west": {"uv": [0, 0, 16, 16], "rotation": 180, "texture": "#11"},
				"up": {"uv": [0, 0, 1, 1], "rotation": 180, "texture": "#11"},
				"down": {"uv": [0, 0, 16, 16], "rotation": 180, "texture": "#11"}
			}
		},
		{
			"from": [7, 29, 5],
			"to": [8, 29.1, 6],
			"faces": {
				"north": {"uv": [0, 0, 1, 0.1], "rotation": 180, "texture": "#11"},
				"east": {"uv": [0, 0, 16, 16], "rotation": 180, "texture": "#11"},
				"south": {"uv": [0, 0, 16, 16], "rotation": 180, "texture": "#11"},
				"west": {"uv": [0, 0, 16, 16], "rotation": 180, "texture": "#11"},
				"up": {"uv": [0, 0, 1, 1], "rotation": 180, "texture": "#11"},
				"down": {"uv": [0, 0, 16, 16], "rotation": 180, "texture": "#11"}
			}
		},
		{
			"from": [9, 29, 6],
			"to": [10, 29.1, 7],
			"faces": {
				"north": {"uv": [0, 0, 1, 0.1], "rotation": 180, "texture": "#11"},
				"east": {"uv": [0, 0, 16, 16], "rotation": 180, "texture": "#11"},
				"south": {"uv": [0, 0, 16, 16], "rotation": 180, "texture": "#11"},
				"west": {"uv": [0, 0, 16, 16], "rotation": 180, "texture": "#11"},
				"up": {"uv": [0, 0, 1, 1], "rotation": 180, "texture": "#11"},
				"down": {"uv": [0, 0, 16, 16], "rotation": 180, "texture": "#11"}
			}
		},
		{
			"from": [9, 29, 9],
			"to": [10, 29.1, 10],
			"faces": {
				"north": {"uv": [0, 0, 1, 0.1], "rotation": 180, "texture": "#11"},
				"east": {"uv": [0, 0, 16, 16], "rotation": 180, "texture": "#11"},
				"south": {"uv": [0, 0, 16, 16], "rotation": 180, "texture": "#11"},
				"west": {"uv": [0, 0, 16, 16], "rotation": 180, "texture": "#11"},
				"up": {"uv": [0, 0, 1, 1], "rotation": 180, "texture": "#11"},
				"down": {"uv": [0, 0, 16, 16], "rotation": 180, "texture": "#11"}
			}
		},
		{
			"from": [7, 31, 9],
			"to": [9, 31.1, 10],
			"faces": {
				"north": {"uv": [0, 0, 2, 0.1], "rotation": 180, "texture": "#11"},
				"east": {"uv": [0, 0, 16, 16], "rotation": 180, "texture": "#11"},
				"south": {"uv": [0, 0, 16, 16], "rotation": 180, "texture": "#11"},
				"west": {"uv": [0, 0, 16, 16], "rotation": 180, "texture": "#11"},
				"up": {"uv": [0, 0, 2, 1], "rotation": 180, "texture": "#11"},
				"down": {"uv": [0, 0, 16, 16], "rotation": 180, "texture": "#11"}
			}
		},
		{
			"from": [10, 29, 7],
			"to": [11, 29.1, 9],
			"faces": {
				"north": {"uv": [0, 0, 1, 0.1], "rotation": 180, "texture": "#11"},
				"east": {"uv": [0, 0, 16, 16], "rotation": 180, "texture": "#11"},
				"south": {"uv": [0, 0, 16, 16], "rotation": 180, "texture": "#11"},
				"west": {"uv": [0, 0, 16, 16], "rotation": 180, "texture": "#11"},
				"up": {"uv": [0, 0, 1, 2], "rotation": 180, "texture": "#11"},
				"down": {"uv": [0, 0, 16, 16], "rotation": 180, "texture": "#11"}
			}
		},
		{
			"from": [9, 25, 10],
			"to": [11, 25.1, 11],
			"faces": {
				"north": {"uv": [0, 0, 2, 0.1], "rotation": 180, "texture": "#11"},
				"east": {"uv": [0, 0, 16, 16], "rotation": 180, "texture": "#11"},
				"south": {"uv": [0, 0, 16, 16], "rotation": 180, "texture": "#11"},
				"west": {"uv": [0, 0, 16, 16], "rotation": 180, "texture": "#11"},
				"up": {"uv": [0, 0, 2, 1], "rotation": 180, "texture": "#11"},
				"down": {"uv": [0, 0, 16, 16], "rotation": 180, "texture": "#11"}
			}
		},
		{
			"from": [9, 23, 10],
			"to": [11, 23.1, 11],
			"faces": {
				"north": {"uv": [0, 0, 2, 0.1], "rotation": 180, "texture": "#11"},
				"east": {"uv": [0, 0, 16, 16], "rotation": 180, "texture": "#11"},
				"south": {"uv": [0, 0, 16, 16], "rotation": 180, "texture": "#11"},
				"west": {"uv": [0, 0, 16, 16], "rotation": 180, "texture": "#11"},
				"up": {"uv": [0, 0, 2, 1], "rotation": 180, "texture": "#11"},
				"down": {"uv": [0, 0, 16, 16], "rotation": 180, "texture": "#11"}
			}
		},
		{
			"from": [11, 23, 8],
			"to": [12, 23.1, 9],
			"faces": {
				"north": {"uv": [0, 0, 1, 0.1], "rotation": 180, "texture": "#11"},
				"east": {"uv": [0, 0, 16, 16], "rotation": 180, "texture": "#11"},
				"south": {"uv": [0, 0, 16, 16], "rotation": 180, "texture": "#11"},
				"west": {"uv": [0, 0, 16, 16], "rotation": 180, "texture": "#11"},
				"up": {"uv": [0, 0, 1, 1], "rotation": 180, "texture": "#11"},
				"down": {"uv": [0, 0, 16, 16], "rotation": 180, "texture": "#11"}
			}
		},
		{
			"from": [10, 23, 6],
			"to": [11, 23.1, 7],
			"faces": {
				"north": {"uv": [0, 0, 1, 0.1], "rotation": 180, "texture": "#11"},
				"east": {"uv": [0, 0, 16, 16], "rotation": 180, "texture": "#11"},
				"south": {"uv": [0, 0, 16, 16], "rotation": 180, "texture": "#11"},
				"west": {"uv": [0, 0, 16, 16], "rotation": 180, "texture": "#11"},
				"up": {"uv": [0, 0, 1, 1], "rotation": 180, "texture": "#11"},
				"down": {"uv": [0, 0, 16, 16], "rotation": 180, "texture": "#11"}
			}
		},
		{
			"from": [7, 23, 4],
			"to": [9, 23.1, 5],
			"faces": {
				"north": {"uv": [0, 0, 2, 0.1], "rotation": 180, "texture": "#11"},
				"east": {"uv": [0, 0, 16, 16], "rotation": 180, "texture": "#11"},
				"south": {"uv": [0, 0, 16, 16], "rotation": 180, "texture": "#11"},
				"west": {"uv": [0, 0, 16, 16], "rotation": 180, "texture": "#11"},
				"up": {"uv": [0, 0, 2, 1], "rotation": 180, "texture": "#11"},
				"down": {"uv": [0, 0, 16, 16], "rotation": 180, "texture": "#11"}
			}
		},
		{
			"from": [5, 23, 5],
			"to": [6, 23.1, 6],
			"faces": {
				"north": {"uv": [0, 0, 1, 0.1], "rotation": 180, "texture": "#11"},
				"east": {"uv": [0, 0, 16, 16], "rotation": 180, "texture": "#11"},
				"south": {"uv": [0, 0, 16, 16], "rotation": 180, "texture": "#11"},
				"west": {"uv": [0, 0, 16, 16], "rotation": 180, "texture": "#11"},
				"up": {"uv": [0, 0, 1, 1], "rotation": 180, "texture": "#11"},
				"down": {"uv": [0, 0, 16, 16], "rotation": 180, "texture": "#11"}
			}
		},
		{
			"from": [5, 25, 5],
			"to": [7, 25.1, 6],
			"faces": {
				"north": {"uv": [0, 0, 2, 0.1], "rotation": 180, "texture": "#11"},
				"east": {"uv": [0, 0, 16, 16], "rotation": 180, "texture": "#11"},
				"south": {"uv": [0, 0, 16, 16], "rotation": 180, "texture": "#11"},
				"west": {"uv": [0, 0, 16, 16], "rotation": 180, "texture": "#11"},
				"up": {"uv": [0, 0, 2, 1], "rotation": 180, "texture": "#11"},
				"down": {"uv": [0, 0, 16, 16], "rotation": 180, "texture": "#11"}
			}
		},
		{
			"from": [4, 23, 7],
			"to": [5, 23.1, 8],
			"faces": {
				"north": {"uv": [0, 0, 1, 0.1], "rotation": 180, "texture": "#11"},
				"east": {"uv": [0, 0, 16, 16], "rotation": 180, "texture": "#11"},
				"south": {"uv": [0, 0, 16, 16], "rotation": 180, "texture": "#11"},
				"west": {"uv": [0, 0, 16, 16], "rotation": 180, "texture": "#11"},
				"up": {"uv": [0, 0, 1, 1], "rotation": 180, "texture": "#11"},
				"down": {"uv": [0, 0, 16, 16], "rotation": 180, "texture": "#11"}
			}
		},
		{
			"from": [4, 25, 7],
			"to": [5, 25.1, 9],
			"faces": {
				"north": {"uv": [0, 0, 1, 0.1], "rotation": 180, "texture": "#11"},
				"east": {"uv": [0, 0, 16, 16], "rotation": 180, "texture": "#11"},
				"south": {"uv": [0, 0, 16, 16], "rotation": 180, "texture": "#11"},
				"west": {"uv": [0, 0, 16, 16], "rotation": 180, "texture": "#11"},
				"up": {"uv": [0, 0, 1, 2], "rotation": 180, "texture": "#11"},
				"down": {"uv": [0, 0, 16, 16], "rotation": 180, "texture": "#11"}
			}
		},
		{
			"from": [5, 29, 7],
			"to": [6, 29.1, 9],
			"faces": {
				"north": {"uv": [0, 0, 1, 0.1], "rotation": 180, "texture": "#11"},
				"east": {"uv": [0, 0, 16, 16], "rotation": 180, "texture": "#11"},
				"south": {"uv": [0, 0, 16, 16], "rotation": 180, "texture": "#11"},
				"west": {"uv": [0, 0, 16, 16], "rotation": 180, "texture": "#11"},
				"up": {"uv": [0, 0, 1, 2], "rotation": 180, "texture": "#11"},
				"down": {"uv": [0, 0, 16, 16], "rotation": 180, "texture": "#11"}
			}
		},
		{
			"from": [5, 25, 8],
			"to": [6, 25.1, 11],
			"faces": {
				"north": {"uv": [0, 0, 1, 0.1], "rotation": 180, "texture": "#11"},
				"east": {"uv": [0, 0, 16, 16], "rotation": 180, "texture": "#11"},
				"south": {"uv": [0, 0, 16, 16], "rotation": 180, "texture": "#11"},
				"west": {"uv": [0, 0, 16, 16], "rotation": 180, "texture": "#11"},
				"up": {"uv": [0, 0, 1, 3], "rotation": 180, "texture": "#11"},
				"down": {"uv": [0, 0, 16, 16], "rotation": 180, "texture": "#11"}
			}
		},
		{
			"from": [3, 21, 7],
			"to": [4, 21.1, 9],
			"faces": {
				"north": {"uv": [0, 0, 1, 0.1], "rotation": 180, "texture": "#11"},
				"east": {"uv": [0, 0, 16, 16], "rotation": 180, "texture": "#11"},
				"south": {"uv": [0, 0, 16, 16], "rotation": 180, "texture": "#11"},
				"west": {"uv": [0, 0, 16, 16], "rotation": 180, "texture": "#11"},
				"up": {"uv": [0, 0, 1, 2], "rotation": 180, "texture": "#11"},
				"down": {"uv": [0, 0, 16, 16], "rotation": 180, "texture": "#11"}
			}
		},
		{
			"from": [4, 21, 5],
			"to": [5, 21.1, 6],
			"faces": {
				"north": {"uv": [0, 0, 1, 0.1], "rotation": 180, "texture": "#11"},
				"east": {"uv": [0, 0, 16, 16], "rotation": 180, "texture": "#11"},
				"south": {"uv": [0, 0, 16, 16], "rotation": 180, "texture": "#11"},
				"west": {"uv": [0, 0, 16, 16], "rotation": 180, "texture": "#11"},
				"up": {"uv": [0, 0, 1, 1], "rotation": 180, "texture": "#11"},
				"down": {"uv": [0, 0, 16, 16], "rotation": 180, "texture": "#11"}
			}
		},
		{
			"from": [5, 21, 4],
			"to": [6, 21.1, 5],
			"faces": {
				"north": {"uv": [0, 0, 1, 0.1], "rotation": 180, "texture": "#11"},
				"east": {"uv": [0, 0, 16, 16], "rotation": 180, "texture": "#11"},
				"south": {"uv": [0, 0, 16, 16], "rotation": 180, "texture": "#11"},
				"west": {"uv": [0, 0, 16, 16], "rotation": 180, "texture": "#11"},
				"up": {"uv": [0, 0, 1, 1], "rotation": 180, "texture": "#11"},
				"down": {"uv": [0, 0, 16, 16], "rotation": 180, "texture": "#11"}
			}
		},
		{
			"from": [5, 21, 5],
			"to": [6, 21.2, 6],
			"faces": {
				"north": {"uv": [0, 0, 1, 0.2], "rotation": 180, "texture": "#11"},
				"east": {"uv": [0, 0, 16, 16], "rotation": 180, "texture": "#11"},
				"south": {"uv": [0, 0, 16, 16], "rotation": 180, "texture": "#11"},
				"west": {"uv": [0, 0, 16, 16], "rotation": 180, "texture": "#11"},
				"up": {"uv": [0, 0, 1, 1], "rotation": 180, "texture": "#11"},
				"down": {"uv": [0, 0, 16, 16], "rotation": 180, "texture": "#11"}
			}
		},
		{
			"from": [4, 21, 6],
			"to": [5, 21.2, 7],
			"faces": {
				"north": {"uv": [0, 0, 1, 0.2], "rotation": 180, "texture": "#11"},
				"east": {"uv": [0, 0, 16, 16], "rotation": 180, "texture": "#11"},
				"south": {"uv": [0, 0, 16, 16], "rotation": 180, "texture": "#11"},
				"west": {"uv": [0, 0, 16, 16], "rotation": 180, "texture": "#11"},
				"up": {"uv": [0, 0, 1, 1], "rotation": 180, "texture": "#11"},
				"down": {"uv": [0, 0, 16, 16], "rotation": 180, "texture": "#11"}
			}
		},
		{
			"from": [5, 23, 6],
			"to": [6, 23.2, 7],
			"faces": {
				"north": {"uv": [0, 0, 1, 0.2], "rotation": 180, "texture": "#11"},
				"east": {"uv": [0, 0, 16, 16], "rotation": 180, "texture": "#11"},
				"south": {"uv": [0, 0, 16, 16], "rotation": 180, "texture": "#11"},
				"west": {"uv": [0, 0, 16, 16], "rotation": 180, "texture": "#11"},
				"up": {"uv": [0, 0, 1, 1], "rotation": 180, "texture": "#11"},
				"down": {"uv": [0, 0, 16, 16], "rotation": 180, "texture": "#11"}
			}
		},
		{
			"from": [6, 23, 5],
			"to": [7, 23.2, 6],
			"faces": {
				"north": {"uv": [0, 0, 1, 0.2], "rotation": 180, "texture": "#11"},
				"east": {"uv": [0, 0, 16, 16], "rotation": 180, "texture": "#11"},
				"south": {"uv": [0, 0, 16, 16], "rotation": 180, "texture": "#11"},
				"west": {"uv": [0, 0, 16, 16], "rotation": 180, "texture": "#11"},
				"up": {"uv": [0, 0, 1, 1], "rotation": 180, "texture": "#11"},
				"down": {"uv": [0, 0, 16, 16], "rotation": 180, "texture": "#11"}
			}
		},
		{
			"from": [4, 23, 8],
			"to": [5, 23.2, 9],
			"faces": {
				"north": {"uv": [0, 0, 1, 0.2], "rotation": 180, "texture": "#11"},
				"east": {"uv": [0, 0, 16, 16], "rotation": 180, "texture": "#11"},
				"south": {"uv": [0, 0, 16, 16], "rotation": 180, "texture": "#11"},
				"west": {"uv": [0, 0, 16, 16], "rotation": 180, "texture": "#11"},
				"up": {"uv": [0, 0, 1, 1], "rotation": 180, "texture": "#11"},
				"down": {"uv": [0, 0, 16, 16], "rotation": 180, "texture": "#11"}
			}
		},
		{
			"from": [6, 25, 6],
			"to": [7, 25.3, 7],
			"color": 7,
			"faces": {
				"north": {"uv": [0, 0, 1, 0.3], "rotation": 180, "texture": "#missing"},
				"east": {"uv": [0, 0, 16, 16], "rotation": 180, "texture": "#missing"},
				"south": {"uv": [0, 0, 16, 16], "rotation": 180, "texture": "#missing"},
				"west": {"uv": [0, 0, 16, 16], "rotation": 180, "texture": "#missing"},
				"up": {"uv": [0, 0, 1, 1], "rotation": 180, "texture": "#missing"},
				"down": {"uv": [0, 0, 16, 16], "rotation": 180, "texture": "#missing"}
			}
		},
		{
			"from": [5, 25, 6],
			"to": [6, 25.2, 7],
			"faces": {
				"north": {"uv": [0, 0, 1, 0.2], "rotation": 180, "texture": "#11"},
				"east": {"uv": [0, 0, 16, 16], "rotation": 180, "texture": "#11"},
				"south": {"uv": [0, 0, 16, 16], "rotation": 180, "texture": "#11"},
				"west": {"uv": [0, 0, 16, 16], "rotation": 180, "texture": "#11"},
				"up": {"uv": [0, 0, 1, 1], "rotation": 180, "texture": "#11"},
				"down": {"uv": [0, 0, 16, 16], "rotation": 180, "texture": "#11"}
			}
		},
		{
			"from": [5, 25, 8],
			"to": [6, 25.2, 9],
			"faces": {
				"north": {"uv": [0, 0, 1, 0.2], "rotation": 180, "texture": "#11"},
				"east": {"uv": [0, 0, 16, 16], "rotation": 180, "texture": "#11"},
				"south": {"uv": [0, 0, 16, 16], "rotation": 180, "texture": "#11"},
				"west": {"uv": [0, 0, 16, 16], "rotation": 180, "texture": "#11"},
				"up": {"uv": [0, 0, 1, 1], "rotation": 180, "texture": "#11"},
				"down": {"uv": [0, 0, 16, 16], "rotation": 180, "texture": "#11"}
			}
		},
		{
			"from": [5, 23, 9],
			"to": [6, 23.2, 10],
			"faces": {
				"north": {"uv": [0, 0, 1, 0.2], "rotation": 180, "texture": "#11"},
				"east": {"uv": [0, 0, 16, 16], "rotation": 180, "texture": "#11"},
				"south": {"uv": [0, 0, 16, 16], "rotation": 180, "texture": "#11"},
				"west": {"uv": [0, 0, 16, 16], "rotation": 180, "texture": "#11"},
				"up": {"uv": [0, 0, 1, 1], "rotation": 180, "texture": "#11"},
				"down": {"uv": [0, 0, 16, 16], "rotation": 180, "texture": "#11"}
			}
		},
		{
			"from": [7, 23, 11],
			"to": [8, 23.2, 12],
			"faces": {
				"north": {"uv": [0, 0, 1, 0.2], "rotation": 180, "texture": "#11"},
				"east": {"uv": [0, 0, 16, 16], "rotation": 180, "texture": "#11"},
				"south": {"uv": [0, 0, 16, 16], "rotation": 180, "texture": "#11"},
				"west": {"uv": [0, 0, 16, 16], "rotation": 180, "texture": "#11"},
				"up": {"uv": [0, 0, 1, 1], "rotation": 180, "texture": "#11"},
				"down": {"uv": [0, 0, 16, 16], "rotation": 180, "texture": "#11"}
			}
		},
		{
			"from": [10, 23, 9],
			"to": [11, 23.2, 10],
			"faces": {
				"north": {"uv": [0, 0, 1, 0.2], "rotation": 180, "texture": "#11"},
				"east": {"uv": [0, 0, 16, 16], "rotation": 180, "texture": "#11"},
				"south": {"uv": [0, 0, 16, 16], "rotation": 180, "texture": "#11"},
				"west": {"uv": [0, 0, 16, 16], "rotation": 180, "texture": "#11"},
				"up": {"uv": [0, 0, 1, 1], "rotation": 180, "texture": "#11"},
				"down": {"uv": [0, 0, 16, 16], "rotation": 180, "texture": "#11"}
			}
		},
		{
			"from": [8, 25, 10],
			"to": [9, 25.3, 11],
			"faces": {
				"north": {"uv": [0, 0, 1, 0.3], "rotation": 180, "texture": "#11"},
				"east": {"uv": [0, 0, 16, 16], "rotation": 180, "texture": "#11"},
				"south": {"uv": [0, 0, 16, 16], "rotation": 180, "texture": "#11"},
				"west": {"uv": [0, 0, 16, 16], "rotation": 180, "texture": "#11"},
				"up": {"uv": [0, 0, 1, 1], "rotation": 180, "texture": "#11"},
				"down": {"uv": [0, 0, 16, 16], "rotation": 180, "texture": "#11"}
			}
		},
		{
			"from": [9, 25, 9],
			"to": [10, 25.2, 10],
			"faces": {
				"north": {"uv": [0, 0, 1, 0.2], "rotation": 180, "texture": "#11"},
				"east": {"uv": [0, 0, 16, 16], "rotation": 180, "texture": "#11"},
				"south": {"uv": [0, 0, 16, 16], "rotation": 180, "texture": "#11"},
				"west": {"uv": [0, 0, 16, 16], "rotation": 180, "texture": "#11"},
				"up": {"uv": [0, 0, 1, 1], "rotation": 180, "texture": "#11"},
				"down": {"uv": [0, 0, 16, 16], "rotation": 180, "texture": "#11"}
			}
		},
		{
			"from": [9, 25, 6],
			"to": [10, 25.3, 7],
			"faces": {
				"north": {"uv": [0, 0, 1, 0.3], "rotation": 180, "texture": "#11"},
				"east": {"uv": [0, 0, 16, 16], "rotation": 180, "texture": "#11"},
				"south": {"uv": [0, 0, 16, 16], "rotation": 180, "texture": "#11"},
				"west": {"uv": [0, 0, 16, 16], "rotation": 180, "texture": "#11"},
				"up": {"uv": [0, 0, 1, 1], "rotation": 180, "texture": "#11"},
				"down": {"uv": [0, 0, 16, 16], "rotation": 180, "texture": "#11"}
			}
		},
		{
			"from": [8, 25, 5],
			"to": [9, 25.2, 6],
			"faces": {
				"north": {"uv": [0, 0, 1, 0.2], "rotation": 180, "texture": "#11"},
				"east": {"uv": [0, 0, 16, 16], "rotation": 180, "texture": "#11"},
				"south": {"uv": [0, 0, 16, 16], "rotation": 180, "texture": "#11"},
				"west": {"uv": [0, 0, 16, 16], "rotation": 180, "texture": "#11"},
				"up": {"uv": [0, 0, 1, 1], "rotation": 180, "texture": "#11"},
				"down": {"uv": [0, 0, 16, 16], "rotation": 180, "texture": "#11"}
			}
		},
		{
			"from": [9, 23, 5],
			"to": [10, 23.2, 6],
			"faces": {
				"north": {"uv": [0, 0, 1, 0.2], "rotation": 180, "texture": "#11"},
				"east": {"uv": [0, 0, 16, 16], "rotation": 180, "texture": "#11"},
				"south": {"uv": [0, 0, 16, 16], "rotation": 180, "texture": "#11"},
				"west": {"uv": [0, 0, 16, 16], "rotation": 180, "texture": "#11"},
				"up": {"uv": [0, 0, 1, 1], "rotation": 180, "texture": "#11"},
				"down": {"uv": [0, 0, 16, 16], "rotation": 180, "texture": "#11"}
			}
		},
		{
			"from": [4, 21, 9],
			"to": [5, 21.2, 10],
			"faces": {
				"north": {"uv": [0, 0, 1, 0.2], "rotation": 180, "texture": "#11"},
				"east": {"uv": [0, 0, 16, 16], "rotation": 180, "texture": "#11"},
				"south": {"uv": [0, 0, 16, 16], "rotation": 180, "texture": "#11"},
				"west": {"uv": [0, 0, 16, 16], "rotation": 180, "texture": "#11"},
				"up": {"uv": [0, 0, 1, 1], "rotation": 180, "texture": "#11"},
				"down": {"uv": [0, 0, 16, 16], "rotation": 180, "texture": "#11"}
			}
		},
		{
			"from": [5, 21, 10],
			"to": [6, 21.2, 11],
			"faces": {
				"north": {"uv": [0, 0, 1, 0.2], "rotation": 180, "texture": "#11"},
				"east": {"uv": [0, 0, 16, 16], "rotation": 180, "texture": "#11"},
				"south": {"uv": [0, 0, 16, 16], "rotation": 180, "texture": "#11"},
				"west": {"uv": [0, 0, 16, 16], "rotation": 180, "texture": "#11"},
				"up": {"uv": [0, 0, 1, 1], "rotation": 180, "texture": "#11"},
				"down": {"uv": [0, 0, 16, 16], "rotation": 180, "texture": "#11"}
			}
		},
		{
			"from": [7, 21, 12],
			"to": [8, 21.2, 13],
			"faces": {
				"north": {"uv": [0, 0, 1, 0.2], "rotation": 180, "texture": "#11"},
				"east": {"uv": [0, 0, 16, 16], "rotation": 180, "texture": "#11"},
				"south": {"uv": [0, 0, 16, 16], "rotation": 180, "texture": "#11"},
				"west": {"uv": [0, 0, 16, 16], "rotation": 180, "texture": "#11"},
				"up": {"uv": [0, 0, 1, 1], "rotation": 180, "texture": "#11"},
				"down": {"uv": [0, 0, 16, 16], "rotation": 180, "texture": "#11"}
			}
		},
		{
			"from": [10, 21, 10],
			"to": [11, 21.2, 11],
			"faces": {
				"north": {"uv": [0, 0, 1, 0.2], "rotation": 180, "texture": "#11"},
				"east": {"uv": [0, 0, 16, 16], "rotation": 180, "texture": "#11"},
				"south": {"uv": [0, 0, 16, 16], "rotation": 180, "texture": "#11"},
				"west": {"uv": [0, 0, 16, 16], "rotation": 180, "texture": "#11"},
				"up": {"uv": [0, 0, 1, 1], "rotation": 180, "texture": "#11"},
				"down": {"uv": [0, 0, 16, 16], "rotation": 180, "texture": "#11"}
			}
		},
		{
			"from": [11, 21, 9],
			"to": [12, 21.2, 10],
			"faces": {
				"north": {"uv": [0, 0, 1, 0.2], "rotation": 180, "texture": "#11"},
				"east": {"uv": [0, 0, 16, 16], "rotation": 180, "texture": "#11"},
				"south": {"uv": [0, 0, 16, 16], "rotation": 180, "texture": "#11"},
				"west": {"uv": [0, 0, 16, 16], "rotation": 180, "texture": "#11"},
				"up": {"uv": [0, 0, 1, 1], "rotation": 180, "texture": "#11"},
				"down": {"uv": [0, 0, 16, 16], "rotation": 180, "texture": "#11"}
			}
		},
		{
			"from": [10, 21, 5],
			"to": [11, 21.2, 6],
			"faces": {
				"north": {"uv": [0, 0, 1, 0.2], "rotation": 180, "texture": "#11"},
				"east": {"uv": [0, 0, 16, 16], "rotation": 180, "texture": "#11"},
				"south": {"uv": [0, 0, 16, 16], "rotation": 180, "texture": "#11"},
				"west": {"uv": [0, 0, 16, 16], "rotation": 180, "texture": "#11"},
				"up": {"uv": [0, 0, 1, 1], "rotation": 180, "texture": "#11"},
				"down": {"uv": [0, 0, 16, 16], "rotation": 180, "texture": "#11"}
			}
		},
		{
			"from": [9, 21, 4],
			"to": [10, 21.2, 5],
			"faces": {
				"north": {"uv": [0, 0, 1, 0.2], "rotation": 180, "texture": "#11"},
				"east": {"uv": [0, 0, 16, 16], "rotation": 180, "texture": "#11"},
				"south": {"uv": [0, 0, 16, 16], "rotation": 180, "texture": "#11"},
				"west": {"uv": [0, 0, 16, 16], "rotation": 180, "texture": "#11"},
				"up": {"uv": [0, 0, 1, 1], "rotation": 180, "texture": "#11"},
				"down": {"uv": [0, 0, 16, 16], "rotation": 180, "texture": "#11"}
			}
		},
		{
			"from": [9, 21, 5],
			"to": [10, 21.4, 6],
			"faces": {
				"north": {"uv": [0, 0, 1, 0.4], "rotation": 180, "texture": "#11"},
				"east": {"uv": [0, 0, 16, 16], "rotation": 180, "texture": "#11"},
				"south": {"uv": [0, 0, 16, 16], "rotation": 180, "texture": "#11"},
				"west": {"uv": [0, 0, 16, 16], "rotation": 180, "texture": "#11"},
				"up": {"uv": [0, 0, 1, 1], "rotation": 180, "texture": "#11"},
				"down": {"uv": [0, 0, 16, 16], "rotation": 180, "texture": "#11"}
			}
		},
		{
			"from": [6, 21, 5],
			"to": [7, 21.4, 6],
			"faces": {
				"north": {"uv": [0, 0, 1, 0.4], "rotation": 180, "texture": "#11"},
				"east": {"uv": [0, 0, 16, 16], "rotation": 180, "texture": "#11"},
				"south": {"uv": [0, 0, 16, 16], "rotation": 180, "texture": "#11"},
				"west": {"uv": [0, 0, 16, 16], "rotation": 180, "texture": "#11"},
				"up": {"uv": [0, 0, 1, 1], "rotation": 180, "texture": "#11"},
				"down": {"uv": [0, 0, 16, 16], "rotation": 180, "texture": "#11"}
			}
		},
		{
			"from": [5, 21, 9],
			"to": [6, 21.3, 10],
			"faces": {
				"north": {"uv": [0, 0, 1, 0.3], "rotation": 180, "texture": "#11"},
				"east": {"uv": [0, 0, 16, 16], "rotation": 180, "texture": "#11"},
				"south": {"uv": [0, 0, 16, 16], "rotation": 180, "texture": "#11"},
				"west": {"uv": [0, 0, 16, 16], "rotation": 180, "texture": "#11"},
				"up": {"uv": [0, 0, 1, 1], "rotation": 180, "texture": "#11"},
				"down": {"uv": [0, 0, 16, 16], "rotation": 180, "texture": "#11"}
			}
		},
		{
			"from": [6, 25, 9],
			"to": [7, 25.3, 10],
			"faces": {
				"north": {"uv": [0, 0, 1, 0.3], "rotation": 180, "texture": "#11"},
				"east": {"uv": [0, 0, 16, 16], "rotation": 180, "texture": "#11"},
				"south": {"uv": [0, 0, 16, 16], "rotation": 180, "texture": "#11"},
				"west": {"uv": [0, 0, 16, 16], "rotation": 180, "texture": "#11"},
				"up": {"uv": [0, 0, 1, 1], "rotation": 180, "texture": "#11"},
				"down": {"uv": [0, 0, 16, 16], "rotation": 180, "texture": "#11"}
			}
		},
		{
			"from": [5, 25, 7],
			"to": [6, 25.3, 8],
			"faces": {
				"north": {"uv": [0, 0, 1, 0.3], "rotation": 180, "texture": "#11"},
				"east": {"uv": [0, 0, 16, 16], "rotation": 180, "texture": "#11"},
				"south": {"uv": [0, 0, 16, 16], "rotation": 180, "texture": "#11"},
				"west": {"uv": [0, 0, 16, 16], "rotation": 180, "texture": "#11"},
				"up": {"uv": [0, 0, 1, 1], "rotation": 180, "texture": "#11"},
				"down": {"uv": [0, 0, 16, 16], "rotation": 180, "texture": "#11"}
			}
		},
		{
			"from": [6, 21, 10],
			"to": [7, 21.3, 11],
			"faces": {
				"north": {"uv": [0, 0, 1, 0.3], "rotation": 180, "texture": "#11"},
				"east": {"uv": [0, 0, 16, 16], "rotation": 180, "texture": "#11"},
				"south": {"uv": [0, 0, 16, 16], "rotation": 180, "texture": "#11"},
				"west": {"uv": [0, 0, 16, 16], "rotation": 180, "texture": "#11"},
				"up": {"uv": [0, 0, 1, 1], "rotation": 180, "texture": "#11"},
				"down": {"uv": [0, 0, 16, 16], "rotation": 180, "texture": "#11"}
			}
		},
		{
			"from": [8, 21, 11],
			"to": [9, 21.3, 12],
			"faces": {
				"north": {"uv": [0, 0, 1, 0.3], "rotation": 180, "texture": "#11"},
				"east": {"uv": [0, 0, 16, 16], "rotation": 180, "texture": "#11"},
				"south": {"uv": [0, 0, 16, 16], "rotation": 180, "texture": "#11"},
				"west": {"uv": [0, 0, 16, 16], "rotation": 180, "texture": "#11"},
				"up": {"uv": [0, 0, 1, 1], "rotation": 180, "texture": "#11"},
				"down": {"uv": [0, 0, 16, 16], "rotation": 180, "texture": "#11"}
			}
		},
		{
			"from": [10, 21, 9],
			"to": [11, 21.3, 10],
			"faces": {
				"north": {"uv": [0, 0, 1, 0.3], "rotation": 180, "texture": "#11"},
				"east": {"uv": [0, 0, 16, 16], "rotation": 180, "texture": "#11"},
				"south": {"uv": [0, 0, 16, 16], "rotation": 180, "texture": "#11"},
				"west": {"uv": [0, 0, 16, 16], "rotation": 180, "texture": "#11"},
				"up": {"uv": [0, 0, 1, 1], "rotation": 180, "texture": "#11"},
				"down": {"uv": [0, 0, 16, 16], "rotation": 180, "texture": "#11"}
			}
		},
		{
			"from": [11, 21, 8],
			"to": [12, 21.3, 9],
			"faces": {
				"north": {"uv": [0, 0, 1, 0.3], "rotation": 180, "texture": "#11"},
				"east": {"uv": [0, 0, 16, 16], "rotation": 180, "texture": "#11"},
				"south": {"uv": [0, 0, 16, 16], "rotation": 180, "texture": "#11"},
				"west": {"uv": [0, 0, 16, 16], "rotation": 180, "texture": "#11"},
				"up": {"uv": [0, 0, 1, 1], "rotation": 180, "texture": "#11"},
				"down": {"uv": [0, 0, 16, 16], "rotation": 180, "texture": "#11"}
			}
		},
		{
			"from": [10, 21, 6],
			"to": [11, 21.3, 7],
			"faces": {
				"north": {"uv": [0, 0, 1, 0.3], "rotation": 180, "texture": "#11"},
				"east": {"uv": [0, 0, 16, 16], "rotation": 180, "texture": "#11"},
				"south": {"uv": [0, 0, 16, 16], "rotation": 180, "texture": "#11"},
				"west": {"uv": [0, 0, 16, 16], "rotation": 180, "texture": "#11"},
				"up": {"uv": [0, 0, 1, 1], "rotation": 180, "texture": "#11"},
				"down": {"uv": [0, 0, 16, 16], "rotation": 180, "texture": "#11"}
			}
		},
		{
			"from": [7, 21, 4],
			"to": [8, 21.3, 5],
			"faces": {
				"north": {"uv": [0, 0, 1, 0.3], "rotation": 180, "texture": "#11"},
				"east": {"uv": [0, 0, 16, 16], "rotation": 180, "texture": "#11"},
				"south": {"uv": [0, 0, 16, 16], "rotation": 180, "texture": "#11"},
				"west": {"uv": [0, 0, 16, 16], "rotation": 180, "texture": "#11"},
				"up": {"uv": [0, 0, 1, 1], "rotation": 180, "texture": "#11"},
				"down": {"uv": [0, 0, 16, 16], "rotation": 180, "texture": "#11"}
			}
		},
		{
			"from": [4, 21, 7],
			"to": [5, 21.3, 8],
			"faces": {
				"north": {"uv": [0, 0, 1, 0.3], "rotation": 180, "texture": "#11"},
				"east": {"uv": [0, 0, 16, 16], "rotation": 180, "texture": "#11"},
				"south": {"uv": [0, 0, 16, 16], "rotation": 180, "texture": "#11"},
				"west": {"uv": [0, 0, 16, 16], "rotation": 180, "texture": "#11"},
				"up": {"uv": [0, 0, 1, 1], "rotation": 180, "texture": "#11"},
				"down": {"uv": [0, 0, 16, 16], "rotation": 180, "texture": "#11"}
			}
		},
		{
			"from": [6, 16, 13],
			"to": [10, 17, 14],
			"faces": {
				"north": {"uv": [0, 15, 4, 16], "rotation": 180, "texture": "#11"},
				"east": {"uv": [0, 15, 4, 16], "rotation": 180, "texture": "#11"},
				"south": {"uv": [0, 15, 4, 16], "rotation": 180, "texture": "#11"},
				"west": {"uv": [0, 15, 4, 16], "rotation": 180, "texture": "#11"},
				"up": {"uv": [0, 15, 4, 16], "rotation": 180, "texture": "#11"},
				"down": {"uv": [0, 15, 4, 16], "rotation": 180, "texture": "#11"}
			}
		},
		{
			"from": [2, 16, 6],
			"to": [3, 17, 10],
			"faces": {
				"north": {"uv": [0, 15, 1, 16], "rotation": 180, "texture": "#11"},
				"east": {"uv": [0, 15, 4, 16], "rotation": 180, "texture": "#11"},
				"south": {"uv": [0, 15, 4, 16], "rotation": 180, "texture": "#11"},
				"west": {"uv": [0, 15, 4, 16], "rotation": 180, "texture": "#11"},
				"up": {"uv": [0, 12, 1, 16], "rotation": 180, "texture": "#11"},
				"down": {"uv": [0, 15, 4, 16], "rotation": 180, "texture": "#11"}
			}
		},
		{
			"from": [13, 16, 6],
			"to": [14, 17, 10],
			"faces": {
				"north": {"uv": [0, 0, 1, 1], "rotation": 90, "texture": "#11"},
				"east": {"uv": [0, 0, 16, 16], "rotation": 90, "texture": "#11"},
				"south": {"uv": [0, 0, 16, 16], "rotation": 90, "texture": "#11"},
				"west": {"uv": [0, 0, 16, 16], "rotation": 90, "texture": "#11"},
				"up": {"uv": [0, 0, 4, 1], "rotation": 90, "texture": "#11"},
				"down": {"uv": [0, 0, 16, 16], "rotation": 90, "texture": "#11"}
			}
		},
		{
			"from": [3, 16, 4],
			"to": [4, 17, 12],
			"faces": {
				"north": {"uv": [0, 15, 1, 16], "rotation": 180, "texture": "#11"},
				"east": {"uv": [0, 15, 8, 16], "rotation": 180, "texture": "#11"},
				"south": {"uv": [0, 15, 1, 16], "rotation": 180, "texture": "#11"},
				"west": {"uv": [0, 15, 8, 16], "rotation": 180, "texture": "#11"},
				"up": {"uv": [0, 1, 1, 9], "rotation": 180, "texture": "#11"},
				"down": {"uv": [0, 15, 8, 16], "rotation": 180, "texture": "#11"}
			}
		},
		{
			"from": [12, 16, 4],
			"to": [13, 17, 12],
			"faces": {
				"north": {"uv": [0, 15, 1, 16], "rotation": 180, "texture": "#11"},
				"east": {"uv": [0, 15, 8, 16], "rotation": 180, "texture": "#11"},
				"south": {"uv": [0, 15, 1, 16], "rotation": 180, "texture": "#11"},
				"west": {"uv": [0, 15, 8, 16], "rotation": 180, "texture": "#11"},
				"up": {"uv": [0, 1, 1, 9], "rotation": 180, "texture": "#11"},
				"down": {"uv": [0, 15, 8, 16], "rotation": 180, "texture": "#11"}
			}
		},
		{
			"from": [7, 17, 7],
			"to": [9, 30, 9],
			"faces": {
				"north": {"uv": [0, 0, 2.385, 16], "texture": "#3"},
				"east": {"uv": [0, 0, 2.385, 16], "texture": "#3"},
				"south": {"uv": [0, 0, 2.385, 16], "texture": "#3"},
				"west": {"uv": [0, 0, 2.385, 16], "texture": "#3"},
				"up": {"uv": [0, 0, 2.385, 16], "texture": "#3"},
				"down": {"uv": [0, 0, 2.385, 16], "texture": "#3"}
			}
		},
		{
			"from": [7, 30, 7],
			"to": [9, 32, 9],
			"faces": {
				"north": {"uv": [0, 0, 16, 16], "texture": "#4"},
				"east": {"uv": [0, 0, 16, 16], "texture": "#4"},
				"south": {"uv": [0, 0, 16, 16], "texture": "#4"},
				"west": {"uv": [0, 0, 16, 16], "texture": "#4"},
				"up": {"uv": [0, 0, 16, 16], "texture": "#4"},
				"down": {"uv": [0, 0, 16, 16], "texture": "#4"}
			}
		},
		{
			"from": [5, 19, 5],
			"to": [11, 21, 11],
			"faces": {
				"north": {"uv": [0, 0, 6, 2], "texture": "#5"},
				"east": {"uv": [0, 0, 6, 2], "texture": "#5"},
				"south": {"uv": [0, 0, 6, 2], "texture": "#5"},
				"west": {"uv": [0, 0, 6, 2], "texture": "#5"},
				"up": {"uv": [0, 0, 6, 6], "texture": "#5"},
				"down": {"uv": [0, 0, 6, 6], "texture": "#5"}
			}
		},
		{
			"from": [5, 22, 5],
			"to": [11, 23, 11],
			"faces": {
				"north": {"uv": [0, 0, 6, 1], "texture": "#5"},
				"east": {"uv": [0, 0, 6, 1], "texture": "#5"},
				"south": {"uv": [0, 0, 6, 1], "texture": "#5"},
				"west": {"uv": [0, 0, 6, 1], "texture": "#5"},
				"up": {"uv": [0, 0, 6, 6], "texture": "#5"},
				"down": {"uv": [0, 0, 6, 6], "texture": "#5"}
			}
		},
		{
			"from": [5, 24, 5],
			"to": [11, 25, 11],
			"faces": {
				"north": {"uv": [0, 0, 6, 1], "texture": "#5"},
				"east": {"uv": [0, 0, 6, 1], "texture": "#5"},
				"south": {"uv": [0, 0, 6, 1], "texture": "#5"},
				"west": {"uv": [0, 0, 6, 1], "texture": "#5"},
				"up": {"uv": [0, 0, 6, 6], "texture": "#5"},
				"down": {"uv": [0, 0, 6, 6], "texture": "#5"}
			}
		},
		{
			"from": [7, 19, 4],
			"to": [9, 20, 5],
			"faces": {
				"north": {"uv": [0, 0, 2, 1], "texture": "#5"},
				"east": {"uv": [0, 0, 1, 1], "texture": "#5"},
				"south": {"uv": [0, 0, 2, 1], "texture": "#5"},
				"west": {"uv": [0, 0, 1, 1], "texture": "#5"},
				"up": {"uv": [0, 0, 2, 1], "texture": "#5"},
				"down": {"uv": [0, 0, 2, 1], "texture": "#5"}
			}
		},
		{
			"from": [5, 20, 4],
			"to": [11, 21, 5],
			"faces": {
				"north": {"uv": [0, 0, 6, 1], "texture": "#5"},
				"east": {"uv": [0, 0, 1, 1], "texture": "#5"},
				"south": {"uv": [0, 0, 6, 1], "texture": "#5"},
				"west": {"uv": [0, 0, 1, 1], "texture": "#5"},
				"up": {"uv": [0, 0, 6, 1], "texture": "#5"},
				"down": {"uv": [0, 0, 6, 1], "texture": "#5"}
			}
		},
		{
			"from": [4, 20, 5],
			"to": [5, 21, 11],
			"faces": {
				"north": {"uv": [0, 0, 1, 1], "texture": "#5"},
				"east": {"uv": [0, 0, 6, 1], "texture": "#5"},
				"south": {"uv": [0, 0, 1, 1], "texture": "#5"},
				"west": {"uv": [0, 0, 6, 1], "texture": "#5"},
				"up": {"uv": [0, 0, 6, 1], "rotation": 270, "texture": "#5"},
				"down": {"uv": [0, 0, 6, 1], "rotation": 90, "texture": "#5"}
			}
		},
		{
			"from": [5, 20, 11],
			"to": [11, 21, 12],
			"faces": {
				"north": {"uv": [0, 0, 6, 1], "texture": "#5"},
				"east": {"uv": [0, 0, 1, 1], "texture": "#5"},
				"south": {"uv": [0, 0, 6, 1], "texture": "#5"},
				"west": {"uv": [0, 0, 1, 1], "texture": "#5"},
				"up": {"uv": [0, 0, 6, 1], "rotation": 180, "texture": "#5"},
				"down": {"uv": [0, 0, 6, 1], "rotation": 180, "texture": "#5"}
			}
		},
		{
			"from": [11, 20, 5],
			"to": [12, 21, 11],
			"faces": {
				"north": {"uv": [0, 0, 1, 1], "texture": "#5"},
				"east": {"uv": [0, 0, 6, 1], "texture": "#5"},
				"south": {"uv": [0, 0, 1, 1], "texture": "#5"},
				"west": {"uv": [0, 0, 6, 1], "texture": "#5"},
				"up": {"uv": [0, 0, 6, 1], "rotation": 90, "texture": "#5"},
				"down": {"uv": [0, 0, 6, 1], "rotation": 270, "texture": "#5"}
			}
		},
		{
			"from": [4, 19, 7],
			"to": [5, 20, 9],
			"faces": {
				"north": {"uv": [0, 0, 1, 1], "texture": "#5"},
				"east": {"uv": [0, 0, 2, 1], "texture": "#5"},
				"south": {"uv": [0, 0, 1, 1], "texture": "#5"},
				"west": {"uv": [0, 0, 2, 1], "texture": "#5"},
				"up": {"uv": [0, 0, 2, 1], "rotation": 270, "texture": "#5"},
				"down": {"uv": [0, 0, 2, 1], "rotation": 90, "texture": "#5"}
			}
		},
		{
			"from": [3, 20, 7],
			"to": [4, 21, 9],
			"faces": {
				"north": {"uv": [0, 0, 1, 1], "texture": "#5"},
				"east": {"uv": [0, 0, 2, 1], "texture": "#5"},
				"south": {"uv": [0, 0, 1, 1], "texture": "#5"},
				"west": {"uv": [0, 0, 2, 1], "texture": "#5"},
				"up": {"uv": [0, 0, 2, 1], "rotation": 270, "texture": "#5"},
				"down": {"uv": [0, 0, 2, 1], "rotation": 90, "texture": "#5"}
			}
		},
		{
			"from": [5, 21, 7],
			"to": [6, 22, 9],
			"faces": {
				"north": {"uv": [0, 0, 1, 1], "texture": "#5"},
				"east": {"uv": [0, 0, 2, 1], "texture": "#5"},
				"south": {"uv": [0, 0, 1, 1], "texture": "#5"},
				"west": {"uv": [0, 0, 2, 1], "texture": "#5"},
				"up": {"uv": [0, 0, 2, 1], "rotation": 270, "texture": "#5"},
				"down": {"uv": [0, 0, 2, 1], "rotation": 90, "texture": "#5"}
			}
		},
		{
			"from": [5, 23, 7],
			"to": [6, 24, 9],
			"faces": {
				"north": {"uv": [0, 0, 1, 1], "texture": "#5"},
				"east": {"uv": [0, 0, 2, 1], "texture": "#5"},
				"south": {"uv": [0, 0, 1, 1], "texture": "#5"},
				"west": {"uv": [0, 0, 2, 1], "texture": "#5"},
				"up": {"uv": [0, 0, 2, 1], "rotation": 270, "texture": "#5"},
				"down": {"uv": [0, 0, 2, 1], "rotation": 90, "texture": "#5"}
			}
		},
		{
			"from": [5, 26, 7],
			"to": [6, 27, 9],
			"faces": {
				"north": {"uv": [0, 0, 1, 1], "texture": "#5"},
				"east": {"uv": [0, 0, 2, 1], "texture": "#5"},
				"south": {"uv": [0, 0, 1, 1], "texture": "#5"},
				"west": {"uv": [0, 0, 2, 1], "texture": "#5"},
				"up": {"uv": [0, 0, 2, 1], "rotation": 270, "texture": "#5"},
				"down": {"uv": [0, 0, 2, 1], "rotation": 90, "texture": "#5"}
			}
		},
		{
			"from": [6, 26, 7],
			"to": [7, 27, 9],
			"faces": {
				"north": {"uv": [0, 0, 1, 1], "texture": "#5"},
				"east": {"uv": [0, 0, 2, 1], "texture": "#5"},
				"south": {"uv": [0, 0, 1, 1], "texture": "#5"},
				"west": {"uv": [0, 0, 2, 1], "texture": "#5"},
				"up": {"uv": [0, 0, 2, 1], "rotation": 270, "texture": "#5"},
				"down": {"uv": [0, 0, 2, 1], "rotation": 90, "texture": "#5"}
			}
		},
		{
			"from": [5, 26, 7],
			"to": [6, 27, 9],
			"faces": {
				"north": {"uv": [0, 0, 1, 1], "texture": "#5"},
				"east": {"uv": [0, 0, 2, 1], "texture": "#5"},
				"south": {"uv": [0, 0, 1, 1], "texture": "#5"},
				"west": {"uv": [0, 0, 2, 1], "texture": "#5"},
				"up": {"uv": [0, 0, 2, 1], "rotation": 270, "texture": "#5"},
				"down": {"uv": [0, 0, 2, 1], "rotation": 90, "texture": "#5"}
			}
		},
		{
			"from": [5, 28, 7],
			"to": [6, 29, 9],
			"faces": {
				"north": {"uv": [0, 0, 1, 1], "texture": "#5"},
				"east": {"uv": [0, 0, 2, 1], "texture": "#5"},
				"south": {"uv": [0, 0, 1, 1], "texture": "#5"},
				"west": {"uv": [0, 0, 2, 1], "texture": "#5"},
				"up": {"uv": [0, 0, 2, 1], "rotation": 270, "texture": "#5"},
				"down": {"uv": [0, 0, 2, 1], "rotation": 90, "texture": "#5"}
			}
		},
		{
			"from": [7, 29, 9],
			"to": [9, 31, 10],
			"faces": {
				"north": {"uv": [0, 0, 2, 2], "texture": "#5"},
				"east": {"uv": [0, 0, 1, 2], "texture": "#5"},
				"south": {"uv": [0, 0, 2, 2], "texture": "#5"},
				"west": {"uv": [0, 0, 1, 2], "texture": "#5"},
				"up": {"uv": [0, 0, 2, 1], "rotation": 180, "texture": "#5"},
				"down": {"uv": [0, 0, 2, 1], "rotation": 180, "texture": "#5"}
			}
		},
		{
			"from": [6, 29, 7],
			"to": [7, 30, 9],
			"faces": {
				"north": {"uv": [0, 0, 1, 1], "texture": "#5"},
				"east": {"uv": [0, 0, 2, 1], "texture": "#5"},
				"south": {"uv": [0, 0, 1, 1], "texture": "#5"},
				"west": {"uv": [0, 0, 2, 1], "texture": "#5"},
				"up": {"uv": [0, 0, 2, 1], "rotation": 270, "texture": "#5"},
				"down": {"uv": [0, 0, 2, 1], "rotation": 90, "texture": "#5"}
			}
		},
		{
			"from": [6, 30, 7],
			"to": [7, 31, 8],
			"faces": {
				"north": {"uv": [0, 0, 1, 1], "texture": "#5"},
				"east": {"uv": [0, 0, 1, 1], "texture": "#5"},
				"south": {"uv": [0, 0, 1, 1], "texture": "#5"},
				"west": {"uv": [0, 0, 1, 1], "texture": "#5"},
				"up": {"uv": [0, 0, 1, 1], "rotation": 270, "texture": "#5"},
				"down": {"uv": [0, 0, 1, 1], "rotation": 90, "texture": "#5"}
			}
		},
		{
			"from": [7, 29, 6],
			"to": [9, 31, 7],
			"faces": {
				"north": {"uv": [0, 0, 2, 2], "texture": "#5"},
				"east": {"uv": [0, 0, 1, 2], "texture": "#5"},
				"south": {"uv": [0, 0, 2, 2], "texture": "#5"},
				"west": {"uv": [0, 0, 1, 2], "texture": "#5"},
				"up": {"uv": [0, 0, 2, 1], "rotation": 180, "texture": "#5"},
				"down": {"uv": [0, 0, 2, 1], "rotation": 180, "texture": "#5"}
			}
		},
		{
			"from": [9, 29, 7],
			"to": [10, 30, 9],
			"faces": {
				"north": {"uv": [0, 0, 1, 1], "texture": "#5"},
				"east": {"uv": [0, 0, 2, 1], "texture": "#5"},
				"south": {"uv": [0, 0, 1, 1], "texture": "#5"},
				"west": {"uv": [0, 0, 2, 1], "texture": "#5"},
				"up": {"uv": [0, 0, 2, 1], "rotation": 270, "texture": "#5"},
				"down": {"uv": [0, 0, 2, 1], "rotation": 90, "texture": "#5"}
			}
		},
		{
			"from": [9, 30, 7],
			"to": [10, 31, 8],
			"faces": {
				"north": {"uv": [0, 0, 1, 1], "texture": "#5"},
				"east": {"uv": [0, 0, 1, 1], "texture": "#5"},
				"south": {"uv": [0, 0, 1, 1], "texture": "#5"},
				"west": {"uv": [0, 0, 1, 1], "texture": "#5"},
				"up": {"uv": [0, 0, 1, 1], "rotation": 270, "texture": "#5"},
				"down": {"uv": [0, 0, 1, 1], "rotation": 90, "texture": "#5"}
			}
		},
		{
			"from": [7, 22, 11],
			"to": [9, 23, 12],
			"faces": {
				"north": {"uv": [0, 0, 2, 1], "texture": "#5"},
				"east": {"uv": [0, 0, 1, 1], "texture": "#5"},
				"south": {"uv": [0, 0, 2, 1], "texture": "#5"},
				"west": {"uv": [0, 0, 1, 1], "texture": "#5"},
				"up": {"uv": [0, 0, 2, 1], "rotation": 180, "texture": "#5"},
				"down": {"uv": [0, 0, 2, 1], "rotation": 180, "texture": "#5"}
			}
		},
		{
			"from": [7, 24, 11],
			"to": [9, 25, 12],
			"faces": {
				"north": {"uv": [0, 0, 2, 1], "texture": "#5"},
				"east": {"uv": [0, 0, 1, 1], "texture": "#5"},
				"south": {"uv": [0, 0, 2, 1], "texture": "#5"},
				"west": {"uv": [0, 0, 1, 1], "texture": "#5"},
				"up": {"uv": [0, 0, 2, 1], "rotation": 180, "texture": "#5"},
				"down": {"uv": [0, 0, 2, 1], "rotation": 180, "texture": "#5"}
			}
		},
		{
			"from": [11, 22, 7],
			"to": [12, 23, 9],
			"faces": {
				"north": {"uv": [0, 0, 1, 1], "texture": "#5"},
				"east": {"uv": [0, 0, 2, 1], "texture": "#5"},
				"south": {"uv": [0, 0, 1, 1], "texture": "#5"},
				"west": {"uv": [0, 0, 2, 1], "texture": "#5"},
				"up": {"uv": [0, 0, 2, 1], "rotation": 90, "texture": "#5"},
				"down": {"uv": [0, 0, 2, 1], "rotation": 270, "texture": "#5"}
			}
		},
		{
			"from": [11, 24, 7],
			"to": [12, 25, 9],
			"faces": {
				"north": {"uv": [0, 0, 1, 1], "texture": "#5"},
				"east": {"uv": [0, 0, 2, 1], "texture": "#5"},
				"south": {"uv": [0, 0, 1, 1], "texture": "#5"},
				"west": {"uv": [0, 0, 2, 1], "texture": "#5"},
				"up": {"uv": [0, 0, 2, 1], "rotation": 90, "texture": "#5"},
				"down": {"uv": [0, 0, 2, 1], "rotation": 270, "texture": "#5"}
			}
		},
		{
			"from": [7, 22, 4],
			"to": [9, 23, 5],
			"faces": {
				"north": {"uv": [0, 0, 2, 1], "texture": "#5"},
				"east": {"uv": [0, 0, 1, 1], "texture": "#5"},
				"south": {"uv": [0, 0, 2, 1], "texture": "#5"},
				"west": {"uv": [0, 0, 1, 1], "texture": "#5"},
				"up": {"uv": [0, 0, 2, 1], "rotation": 180, "texture": "#5"},
				"down": {"uv": [0, 0, 2, 1], "rotation": 180, "texture": "#5"}
			}
		},
		{
			"from": [8, 24, 4],
			"to": [9, 25, 5],
			"faces": {
				"north": {"uv": [0, 0, 1, 1], "texture": "#5"},
				"east": {"uv": [0, 0, 1, 1], "texture": "#5"},
				"south": {"uv": [0, 0, 1, 1], "texture": "#5"},
				"west": {"uv": [0, 0, 1, 1], "texture": "#5"},
				"up": {"uv": [0, 0, 1, 1], "texture": "#5"},
				"down": {"uv": [0, 0, 1, 1], "texture": "#5"}
			}
		},
		{
			"from": [4, 22, 7],
			"to": [5, 23, 9],
			"faces": {
				"north": {"uv": [0, 0, 1, 1], "texture": "#5"},
				"east": {"uv": [0, 0, 2, 1], "texture": "#5"},
				"south": {"uv": [0, 0, 1, 1], "texture": "#5"},
				"west": {"uv": [0, 0, 2, 1], "texture": "#5"},
				"up": {"uv": [0, 0, 2, 1], "rotation": 90, "texture": "#5"},
				"down": {"uv": [0, 0, 2, 1], "rotation": 270, "texture": "#5"}
			}
		},
		{
			"from": [4, 24, 7],
			"to": [5, 25, 9],
			"faces": {
				"north": {"uv": [0, 0, 1, 1], "texture": "#5"},
				"east": {"uv": [0, 0, 2, 1], "texture": "#5"},
				"south": {"uv": [0, 0, 1, 1], "texture": "#5"},
				"west": {"uv": [0, 0, 2, 1], "texture": "#5"},
				"up": {"uv": [0, 0, 2, 1], "rotation": 90, "texture": "#5"},
				"down": {"uv": [0, 0, 2, 1], "rotation": 270, "texture": "#5"}
			}
		},
		{
			"from": [6, 23, 6],
			"to": [10, 24, 10],
			"faces": {
				"north": {"uv": [0, 0, 4, 1], "texture": "#5"},
				"east": {"uv": [0, 0, 4, 1], "texture": "#5"},
				"south": {"uv": [0, 0, 4, 1], "texture": "#5"},
				"west": {"uv": [0, 0, 4, 1], "texture": "#5"},
				"up": {"uv": [0, 0, 4, 4], "rotation": 90, "texture": "#5"},
				"down": {"uv": [0, 0, 4, 4], "rotation": 270, "texture": "#5"}
			}
		},
		{
			"from": [8, 26, 6],
			"to": [10, 27, 10],
			"faces": {
				"north": {"uv": [0, 0, 2, 1], "texture": "#5"},
				"east": {"uv": [0, 0, 4, 1], "texture": "#5"},
				"south": {"uv": [0, 0, 2, 1], "texture": "#5"},
				"west": {"uv": [0, 0, 4, 1], "texture": "#5"},
				"up": {"uv": [0, 0, 4, 2], "rotation": 90, "texture": "#5"},
				"down": {"uv": [0, 0, 4, 2], "rotation": 270, "texture": "#5"}
			}
		},
		{
			"from": [6, 28, 6],
			"to": [10, 29, 10],
			"faces": {
				"north": {"uv": [0, 0, 4, 1], "texture": "#5"},
				"east": {"uv": [0, 0, 4, 1], "texture": "#5"},
				"south": {"uv": [0, 0, 4, 1], "texture": "#5"},
				"west": {"uv": [0, 0, 4, 1], "texture": "#5"},
				"up": {"uv": [0, 0, 4, 4], "rotation": 90, "texture": "#5"},
				"down": {"uv": [0, 0, 4, 4], "rotation": 270, "texture": "#5"}
			}
		},
		{
			"from": [7, 21, 10],
			"to": [9, 22, 11],
			"faces": {
				"north": {"uv": [0, 0, 2, 1], "texture": "#5"},
				"east": {"uv": [0, 0, 1, 1], "texture": "#5"},
				"south": {"uv": [0, 0, 2, 1], "texture": "#5"},
				"west": {"uv": [0, 0, 1, 1], "texture": "#5"},
				"up": {"uv": [0, 0, 2, 1], "rotation": 180, "texture": "#5"},
				"down": {"uv": [0, 0, 2, 1], "rotation": 180, "texture": "#5"}
			}
		},
		{
			"from": [7, 23, 10],
			"to": [9, 24, 11],
			"faces": {
				"north": {"uv": [0, 0, 2, 1], "texture": "#5"},
				"east": {"uv": [0, 0, 1, 1], "texture": "#5"},
				"south": {"uv": [0, 0, 2, 1], "texture": "#5"},
				"west": {"uv": [0, 0, 1, 1], "texture": "#5"},
				"up": {"uv": [0, 0, 2, 1], "rotation": 180, "texture": "#5"},
				"down": {"uv": [0, 0, 2, 1], "rotation": 180, "texture": "#5"}
			}
		},
		{
			"from": [7, 26, 10],
			"to": [9, 27, 11],
			"faces": {
				"north": {"uv": [0, 0, 2, 1], "texture": "#5"},
				"east": {"uv": [0, 0, 1, 1], "texture": "#5"},
				"south": {"uv": [0, 0, 2, 1], "texture": "#5"},
				"west": {"uv": [0, 0, 1, 1], "texture": "#5"},
				"up": {"uv": [0, 0, 2, 1], "rotation": 180, "texture": "#5"},
				"down": {"uv": [0, 0, 2, 1], "rotation": 180, "texture": "#5"}
			}
		},
		{
			"from": [6, 26, 9],
			"to": [9, 27, 10],
			"faces": {
				"north": {"uv": [0, 0, 3, 1], "texture": "#5"},
				"east": {"uv": [0, 0, 1, 1], "texture": "#5"},
				"south": {"uv": [0, 0, 3, 1], "texture": "#5"},
				"west": {"uv": [0, 0, 1, 1], "texture": "#5"},
				"up": {"uv": [0, 0, 3, 1], "rotation": 180, "texture": "#5"},
				"down": {"uv": [0, 0, 3, 1], "rotation": 180, "texture": "#5"}
			}
		},
		{
			"from": [7, 28, 10],
			"to": [9, 29, 11],
			"faces": {
				"north": {"uv": [0, 0, 2, 1], "texture": "#5"},
				"east": {"uv": [0, 0, 1, 1], "texture": "#5"},
				"south": {"uv": [0, 0, 2, 1], "texture": "#5"},
				"west": {"uv": [0, 0, 1, 1], "texture": "#5"},
				"up": {"uv": [0, 0, 2, 1], "rotation": 180, "texture": "#5"},
				"down": {"uv": [0, 0, 2, 1], "rotation": 180, "texture": "#5"}
			}
		},
		{
			"from": [9, 25, 7],
			"to": [10, 26, 9],
			"faces": {
				"north": {"uv": [0, 0, 1, 1], "texture": "#5"},
				"east": {"uv": [0, 0, 2, 1], "texture": "#5"},
				"south": {"uv": [0, 0, 1, 1], "texture": "#5"},
				"west": {"uv": [0, 0, 2, 1], "texture": "#5"},
				"up": {"uv": [0, 0, 2, 1], "rotation": 90, "texture": "#5"},
				"down": {"uv": [0, 0, 2, 1], "rotation": 270, "texture": "#5"}
			}
		},
		{
			"from": [9, 27, 7],
			"to": [10, 28, 9],
			"faces": {
				"north": {"uv": [0, 0, 1, 1], "texture": "#5"},
				"east": {"uv": [0, 0, 2, 1], "texture": "#5"},
				"south": {"uv": [0, 0, 1, 1], "texture": "#5"},
				"west": {"uv": [0, 0, 2, 1], "texture": "#5"},
				"up": {"uv": [0, 0, 2, 1], "rotation": 90, "texture": "#5"},
				"down": {"uv": [0, 0, 2, 1], "rotation": 270, "texture": "#5"}
			}
		},
		{
			"from": [7, 25, 6],
			"to": [9, 26, 7],
			"faces": {
				"north": {"uv": [0, 0, 2, 1], "texture": "#5"},
				"east": {"uv": [0, 0, 1, 1], "texture": "#5"},
				"south": {"uv": [0, 0, 2, 1], "texture": "#5"},
				"west": {"uv": [0, 0, 1, 1], "texture": "#5"},
				"up": {"uv": [0, 0, 2, 1], "texture": "#5"},
				"down": {"uv": [0, 0, 2, 1], "texture": "#5"}
			}
		},
		{
			"from": [7, 27, 6],
			"to": [9, 28, 7],
			"faces": {
				"north": {"uv": [0, 0, 2, 1], "texture": "#5"},
				"east": {"uv": [0, 0, 1, 1], "texture": "#5"},
				"south": {"uv": [0, 0, 2, 1], "texture": "#5"},
				"west": {"uv": [0, 0, 1, 1], "texture": "#5"},
				"up": {"uv": [0, 0, 2, 1], "texture": "#5"},
				"down": {"uv": [0, 0, 2, 1], "texture": "#5"}
			}
		},
		{
			"from": [6, 25, 7],
			"to": [7, 26, 9],
			"faces": {
				"north": {"uv": [0, 0, 1, 1], "texture": "#5"},
				"east": {"uv": [0, 0, 2, 1], "texture": "#5"},
				"south": {"uv": [0, 0, 1, 1], "texture": "#5"},
				"west": {"uv": [0, 0, 2, 1], "texture": "#5"},
				"up": {"uv": [0, 0, 2, 1], "rotation": 90, "texture": "#5"},
				"down": {"uv": [0, 0, 2, 1], "rotation": 270, "texture": "#5"}
			}
		},
		{
			"from": [6, 27, 7],
			"to": [7, 28, 9],
			"faces": {
				"north": {"uv": [0, 0, 1, 1], "texture": "#5"},
				"east": {"uv": [0, 0, 2, 1], "texture": "#5"},
				"south": {"uv": [0, 0, 1, 1], "texture": "#5"},
				"west": {"uv": [0, 0, 2, 1], "texture": "#5"},
				"up": {"uv": [0, 0, 2, 1], "rotation": 90, "texture": "#5"},
				"down": {"uv": [0, 0, 2, 1], "rotation": 270, "texture": "#5"}
			}
		},
		{
			"from": [7, 25, 9],
			"to": [9, 26, 10],
			"faces": {
				"north": {"uv": [0, 0, 2, 1], "texture": "#5"},
				"east": {"uv": [0, 0, 1, 1], "texture": "#5"},
				"south": {"uv": [0, 0, 2, 1], "texture": "#5"},
				"west": {"uv": [0, 0, 1, 1], "texture": "#5"},
				"up": {"uv": [0, 0, 2, 1], "texture": "#5"},
				"down": {"uv": [0, 0, 2, 1], "texture": "#5"}
			}
		},
		{
			"from": [7, 27, 9],
			"to": [9, 28, 10],
			"faces": {
				"north": {"uv": [0, 0, 2, 1], "texture": "#5"},
				"east": {"uv": [0, 0, 1, 1], "texture": "#5"},
				"south": {"uv": [0, 0, 2, 1], "texture": "#5"},
				"west": {"uv": [0, 0, 1, 1], "texture": "#5"},
				"up": {"uv": [0, 0, 2, 1], "texture": "#5"},
				"down": {"uv": [0, 0, 2, 1], "texture": "#5"}
			}
		},
		{
			"from": [10, 21, 7],
			"to": [11, 22, 9],
			"faces": {
				"north": {"uv": [0, 0, 1, 1], "texture": "#5"},
				"east": {"uv": [0, 0, 2, 1], "texture": "#5"},
				"south": {"uv": [0, 0, 1, 1], "texture": "#5"},
				"west": {"uv": [0, 0, 2, 1], "texture": "#5"},
				"up": {"uv": [0, 0, 2, 1], "rotation": 270, "texture": "#5"},
				"down": {"uv": [0, 0, 2, 1], "rotation": 90, "texture": "#5"}
			}
		},
		{
			"from": [10, 23, 7],
			"to": [11, 24, 9],
			"faces": {
				"north": {"uv": [0, 0, 1, 1], "texture": "#5"},
				"east": {"uv": [0, 0, 2, 1], "texture": "#5"},
				"south": {"uv": [0, 0, 1, 1], "texture": "#5"},
				"west": {"uv": [0, 0, 2, 1], "texture": "#5"},
				"up": {"uv": [0, 0, 2, 1], "rotation": 270, "texture": "#5"},
				"down": {"uv": [0, 0, 2, 1], "rotation": 90, "texture": "#5"}
			}
		},
		{
			"from": [10, 26, 7],
			"to": [11, 27, 9],
			"faces": {
				"north": {"uv": [0, 0, 1, 1], "texture": "#5"},
				"east": {"uv": [0, 0, 2, 1], "texture": "#5"},
				"south": {"uv": [0, 0, 1, 1], "texture": "#5"},
				"west": {"uv": [0, 0, 2, 1], "texture": "#5"},
				"up": {"uv": [0, 0, 2, 1], "rotation": 270, "texture": "#5"},
				"down": {"uv": [0, 0, 2, 1], "rotation": 90, "texture": "#5"}
			}
		},
		{
			"from": [10, 28, 7],
			"to": [11, 29, 9],
			"faces": {
				"north": {"uv": [0, 0, 1, 1], "texture": "#5"},
				"east": {"uv": [0, 0, 2, 1], "texture": "#5"},
				"south": {"uv": [0, 0, 1, 1], "texture": "#5"},
				"west": {"uv": [0, 0, 2, 1], "texture": "#5"},
				"up": {"uv": [0, 0, 2, 1], "rotation": 270, "texture": "#5"},
				"down": {"uv": [0, 0, 2, 1], "rotation": 90, "texture": "#5"}
			}
		},
		{
			"from": [7, 21, 5],
			"to": [9, 22, 6],
			"faces": {
				"north": {"uv": [0, 0, 2, 1], "texture": "#5"},
				"east": {"uv": [0, 0, 1, 1], "texture": "#5"},
				"south": {"uv": [0, 0, 2, 1], "texture": "#5"},
				"west": {"uv": [0, 0, 1, 1], "texture": "#5"},
				"up": {"uv": [0, 0, 2, 1], "rotation": 180, "texture": "#5"},
				"down": {"uv": [0, 0, 2, 1], "rotation": 180, "texture": "#5"}
			}
		},
		{
			"from": [7, 23, 5],
			"to": [9, 24, 6],
			"faces": {
				"north": {"uv": [0, 0, 2, 1], "texture": "#5"},
				"east": {"uv": [0, 0, 1, 1], "texture": "#5"},
				"south": {"uv": [0, 0, 2, 1], "texture": "#5"},
				"west": {"uv": [0, 0, 1, 1], "texture": "#5"},
				"up": {"uv": [0, 0, 2, 1], "rotation": 180, "texture": "#5"},
				"down": {"uv": [0, 0, 2, 1], "rotation": 180, "texture": "#5"}
			}
		},
		{
			"from": [7, 26, 5],
			"to": [9, 27, 6],
			"faces": {
				"north": {"uv": [0, 0, 2, 1], "texture": "#5"},
				"east": {"uv": [0, 0, 1, 1], "texture": "#5"},
				"south": {"uv": [0, 0, 2, 1], "texture": "#5"},
				"west": {"uv": [0, 0, 1, 1], "texture": "#5"},
				"up": {"uv": [0, 0, 2, 1], "rotation": 180, "texture": "#5"},
				"down": {"uv": [0, 0, 2, 1], "rotation": 180, "texture": "#5"}
			}
		},
		{
			"from": [7, 26, 6],
			"to": [9, 27, 7],
			"faces": {
				"north": {"uv": [0, 0, 2, 1], "texture": "#5"},
				"east": {"uv": [0, 0, 1, 1], "texture": "#5"},
				"south": {"uv": [0, 0, 2, 1], "texture": "#5"},
				"west": {"uv": [0, 0, 1, 1], "texture": "#5"},
				"up": {"uv": [0, 0, 2, 1], "rotation": 180, "texture": "#5"},
				"down": {"uv": [0, 0, 2, 1], "rotation": 180, "texture": "#5"}
			}
		},
		{
			"from": [7, 28, 5],
			"to": [9, 29, 6],
			"faces": {
				"north": {"uv": [0, 0, 2, 1], "texture": "#5"},
				"east": {"uv": [0, 0, 1, 1], "texture": "#5"},
				"south": {"uv": [0, 0, 2, 1], "texture": "#5"},
				"west": {"uv": [0, 0, 1, 1], "texture": "#5"},
				"up": {"uv": [0, 0, 2, 1], "rotation": 180, "texture": "#5"},
				"down": {"uv": [0, 0, 2, 1], "rotation": 180, "texture": "#5"}
			}
		},
		{
			"from": [6, 21, 6],
			"to": [10, 22, 10],
			"faces": {
				"north": {"uv": [0, 0, 4, 1], "texture": "#5"},
				"east": {"uv": [0, 0, 4, 1], "texture": "#5"},
				"south": {"uv": [0, 0, 4, 1], "texture": "#5"},
				"west": {"uv": [0, 0, 4, 1], "texture": "#5"},
				"up": {"uv": [0, 0, 4, 4], "rotation": 270, "texture": "#5"},
				"down": {"uv": [0, 0, 4, 4], "rotation": 90, "texture": "#5"}
			}
		},
		{
			"from": [7, 20, 12],
			"to": [9, 21, 13],
			"faces": {
				"north": {"uv": [0, 0, 2, 1], "texture": "#5"},
				"east": {"uv": [0, 0, 1, 1], "texture": "#5"},
				"south": {"uv": [0, 0, 2, 1], "texture": "#5"},
				"west": {"uv": [0, 0, 1, 1], "texture": "#5"},
				"up": {"uv": [0, 0, 2, 1], "rotation": 180, "texture": "#5"},
				"down": {"uv": [0, 0, 2, 1], "rotation": 180, "texture": "#5"}
			}
		},
		{
			"from": [12, 20, 7],
			"to": [13, 21, 9],
			"faces": {
				"north": {"uv": [0, 0, 1, 1], "texture": "#5"},
				"east": {"uv": [0, 0, 2, 1], "texture": "#5"},
				"south": {"uv": [0, 0, 1, 1], "texture": "#5"},
				"west": {"uv": [0, 0, 2, 1], "texture": "#5"},
				"up": {"uv": [0, 0, 2, 1], "rotation": 270, "texture": "#5"},
				"down": {"uv": [0, 0, 2, 1], "rotation": 90, "texture": "#5"}
			}
		},
		{
			"from": [7, 20, 3],
			"to": [9, 21, 4],
			"faces": {
				"north": {"uv": [0, 0, 2, 1], "texture": "#5"},
				"east": {"uv": [0, 0, 1, 1], "texture": "#5"},
				"south": {"uv": [0, 0, 2, 1], "texture": "#5"},
				"west": {"uv": [0, 0, 1, 1], "texture": "#5"},
				"up": {"uv": [0, 0, 2, 1], "rotation": 180, "texture": "#5"},
				"down": {"uv": [0, 0, 2, 1], "rotation": 180, "texture": "#5"}
			}
		},
		{
			"from": [7, 19, 11],
			"to": [9, 20, 12],
			"faces": {
				"north": {"uv": [0, 0, 2, 1], "texture": "#5"},
				"east": {"uv": [0, 0, 1, 1], "texture": "#5"},
				"south": {"uv": [0, 0, 2, 1], "texture": "#5"},
				"west": {"uv": [0, 0, 1, 1], "texture": "#5"},
				"up": {"uv": [0, 0, 2, 1], "texture": "#5"},
				"down": {"uv": [0, 0, 2, 1], "texture": "#5"}
			}
		},
		{
			"from": [11, 19, 7],
			"to": [12, 20, 9],
			"faces": {
				"north": {"uv": [0, 0, 1, 1], "texture": "#5"},
				"east": {"uv": [0, 0, 2, 1], "texture": "#5"},
				"south": {"uv": [0, 0, 1, 1], "texture": "#5"},
				"west": {"uv": [0, 0, 2, 1], "texture": "#5"},
				"up": {"uv": [0, 0, 2, 1], "rotation": 270, "texture": "#5"},
				"down": {"uv": [0, 0, 2, 1], "rotation": 90, "texture": "#5"}
			}
		},
		{
			"from": [8, 21, 4],
			"to": [9, 22, 5],
			"faces": {
				"north": {"uv": [0, 0, 1, 1], "texture": "#7"},
				"east": {"uv": [0, 0, 16, 16], "texture": "#7"},
				"south": {"uv": [0, 0, 16, 16], "texture": "#7"},
				"west": {"uv": [0, 0, 1, 1], "texture": "#7"},
				"up": {"uv": [0, 0, 1, 1], "texture": "#7"},
				"down": {"uv": [0, 0, 16, 16], "texture": "#7"}
			}
		},
		{
			"from": [10, 23, 5],
			"to": [11, 24, 6],
			"faces": {
				"north": {"uv": [0, 0, 1, 1], "texture": "#8"},
				"east": {"uv": [0, 0, 16, 16], "texture": "#8"},
				"south": {"uv": [0, 0, 16, 16], "texture": "#8"},
				"west": {"uv": [0, 0, 1, 1], "texture": "#8"},
				"up": {"uv": [0, 0, 1, 1], "texture": "#8"},
				"down": {"uv": [0, 0, 16, 16], "texture": "#8"}
			}
		},
		{
			"from": [9, 27, 6],
			"to": [10, 28, 7],
			"faces": {
				"north": {"uv": [0, 0, 1, 1], "texture": "#8"},
				"east": {"uv": [0, 0, 16, 16], "texture": "#8"},
				"south": {"uv": [0, 0, 16, 16], "texture": "#8"},
				"west": {"uv": [0, 0, 1, 1], "texture": "#8"},
				"up": {"uv": [0, 0, 1, 1], "texture": "#8"},
				"down": {"uv": [0, 0, 16, 16], "texture": "#8"}
			}
		},
		{
			"from": [4, 24, 6],
			"to": [5, 25, 7],
			"faces": {
				"north": {"uv": [0, 0, 1, 1], "texture": "#8"},
				"east": {"uv": [0, 0, 16, 16], "texture": "#8"},
				"south": {"uv": [0, 0, 16, 16], "texture": "#8"},
				"west": {"uv": [0, 0, 1, 1], "texture": "#8"},
				"up": {"uv": [0, 0, 1, 1], "texture": "#8"},
				"down": {"uv": [0, 0, 16, 16], "texture": "#8"}
			}
		},
		{
			"from": [9, 24, 11],
			"to": [10, 25, 12],
			"faces": {
				"north": {"uv": [0, 0, 1, 1], "texture": "#8"},
				"east": {"uv": [0, 0, 16, 16], "texture": "#8"},
				"south": {"uv": [0, 0, 16, 16], "texture": "#8"},
				"west": {"uv": [0, 0, 1, 1], "texture": "#8"},
				"up": {"uv": [0, 0, 1, 1], "texture": "#8"},
				"down": {"uv": [0, 0, 16, 16], "texture": "#8"}
			}
		},
		{
			"from": [9, 21, 10],
			"to": [10, 22, 11],
			"faces": {
				"north": {"uv": [0, 0, 1, 1], "texture": "#7"},
				"east": {"uv": [0, 0, 16, 16], "texture": "#7"},
				"south": {"uv": [0, 0, 16, 16], "texture": "#7"},
				"west": {"uv": [0, 0, 1, 1], "texture": "#7"},
				"up": {"uv": [0, 0, 1, 1], "texture": "#7"},
				"down": {"uv": [0, 0, 16, 16], "texture": "#7"}
			}
		},
		{
			"from": [4, 21, 8],
			"to": [5, 22, 9],
			"faces": {
				"north": {"uv": [0, 0, 1, 1], "texture": "#7"},
				"east": {"uv": [0, 0, 16, 16], "texture": "#7"},
				"south": {"uv": [0, 0, 16, 16], "texture": "#7"},
				"west": {"uv": [0, 0, 1, 1], "texture": "#7"},
				"up": {"uv": [0, 0, 1, 1], "texture": "#7"},
				"down": {"uv": [0, 0, 16, 16], "texture": "#7"}
			}
		},
		{
			"from": [5, 21, 6],
			"to": [6, 22, 7],
			"faces": {
				"north": {"uv": [0, 0, 1, 1], "texture": "#9"},
				"east": {"uv": [0, 0, 16, 16], "texture": "#9"},
				"south": {"uv": [0, 0, 16, 16], "texture": "#9"},
				"west": {"uv": [0, 0, 1, 1], "texture": "#9"},
				"up": {"uv": [0, 0, 1, 1], "texture": "#9"},
				"down": {"uv": [0, 0, 16, 16], "texture": "#9"}
			}
		},
		{
			"from": [6, 26, 6],
			"to": [7, 27, 7],
			"faces": {
				"north": {"uv": [0, 0, 1, 1], "texture": "#9"},
				"east": {"uv": [0, 0, 16, 16], "texture": "#9"},
				"south": {"uv": [0, 0, 16, 16], "texture": "#9"},
				"west": {"uv": [0, 0, 1, 1], "texture": "#9"},
				"up": {"uv": [0, 0, 1, 1], "texture": "#9"},
				"down": {"uv": [0, 0, 16, 16], "texture": "#9"}
			}
		},
		{
			"from": [7, 24, 4],
			"to": [8, 25, 5],
			"faces": {
				"north": {"uv": [0, 0, 1, 1], "texture": "#6"},
				"east": {"uv": [0, 0, 16, 16], "texture": "#6"},
				"south": {"uv": [0, 0, 16, 16], "texture": "#6"},
				"west": {"uv": [0, 0, 1, 1], "texture": "#6"},
				"up": {"uv": [0, 0, 1, 1], "texture": "#6"},
				"down": {"uv": [0, 0, 16, 16], "texture": "#6"}
			}
		},
		{
			"from": [8, 29, 5],
			"to": [9, 30, 6],
			"faces": {
				"north": {"uv": [0, 0, 1, 1], "texture": "#6"},
				"east": {"uv": [0, 0, 16, 16], "texture": "#6"},
				"south": {"uv": [0, 0, 16, 16], "texture": "#6"},
				"west": {"uv": [0, 0, 1, 1], "texture": "#6"},
				"up": {"uv": [0, 0, 1, 1], "texture": "#6"},
				"down": {"uv": [0, 0, 16, 16], "texture": "#6"}
			}
		},
		{
			"from": [5, 27, 8],
			"to": [6, 28, 9],
			"faces": {
				"north": {"uv": [0, 0, 1, 1], "texture": "#6"},
				"east": {"uv": [0, 0, 16, 16], "texture": "#6"},
				"south": {"uv": [0, 0, 16, 16], "texture": "#6"},
				"west": {"uv": [0, 0, 1, 1], "texture": "#6"},
				"up": {"uv": [0, 0, 1, 1], "texture": "#6"},
				"down": {"uv": [0, 0, 16, 16], "texture": "#6"}
			}
		},
		{
			"from": [10, 25, 7],
			"to": [11, 26, 8],
			"faces": {
				"north": {"uv": [0, 0, 1, 1], "texture": "#6"},
				"east": {"uv": [0, 0, 16, 16], "texture": "#6"},
				"south": {"uv": [0, 0, 16, 16], "texture": "#6"},
				"west": {"uv": [0, 0, 1, 1], "texture": "#6"},
				"up": {"uv": [0, 0, 1, 1], "texture": "#6"},
				"down": {"uv": [0, 0, 16, 16], "texture": "#6"}
			}
		},
		{
			"from": [11, 19, 9],
			"to": [12, 20, 10],
			"faces": {
				"north": {"uv": [0, 0, 1, 1], "texture": "#6"},
				"east": {"uv": [0, 0, 16, 16], "texture": "#6"},
				"south": {"uv": [0, 0, 16, 16], "texture": "#6"},
				"west": {"uv": [0, 0, 1, 1], "texture": "#6"},
				"up": {"uv": [0, 0, 1, 1], "texture": "#6"},
				"down": {"uv": [0, 0, 16, 16], "texture": "#6"}
			}
		},
		{
			"from": [11, 21, 7],
			"to": [12, 22, 8],
			"faces": {
				"north": {"uv": [0, 0, 1, 1], "texture": "#10"},
				"east": {"uv": [0, 0, 16, 16], "texture": "#10"},
				"south": {"uv": [0, 0, 16, 16], "texture": "#10"},
				"west": {"uv": [0, 0, 1, 1], "texture": "#10"},
				"up": {"uv": [0, 0, 1, 1], "texture": "#10"},
				"down": {"uv": [0, 0, 16, 16], "texture": "#10"}
			}
		},
		{
			"from": [9, 30, 8],
			"to": [10, 31, 9],
			"faces": {
				"north": {"uv": [0, 0, 1, 1], "texture": "#10"},
				"east": {"uv": [0, 0, 16, 16], "texture": "#10"},
				"south": {"uv": [0, 0, 16, 16], "texture": "#10"},
				"west": {"uv": [0, 0, 1, 1], "texture": "#10"},
				"up": {"uv": [0, 0, 1, 1], "texture": "#10"},
				"down": {"uv": [0, 0, 16, 16], "texture": "#10"}
			}
		},
		{
			"from": [7, 25, 5],
			"to": [8, 26, 6],
			"faces": {
				"north": {"uv": [0, 0, 1, 1], "texture": "#10"},
				"east": {"uv": [0, 0, 16, 16], "texture": "#10"},
				"south": {"uv": [0, 0, 16, 16], "texture": "#10"},
				"west": {"uv": [0, 0, 1, 1], "texture": "#10"},
				"up": {"uv": [0, 0, 1, 1], "texture": "#10"},
				"down": {"uv": [0, 0, 16, 16], "texture": "#10"}
			}
		},
		{
			"from": [7, 21, 11],
			"to": [8, 22, 12],
			"faces": {
				"north": {"uv": [0, 0, 1, 1], "texture": "#10"},
				"east": {"uv": [0, 0, 16, 16], "texture": "#10"},
				"south": {"uv": [0, 0, 16, 16], "texture": "#10"},
				"west": {"uv": [0, 0, 1, 1], "texture": "#10"},
				"up": {"uv": [0, 0, 1, 1], "texture": "#10"},
				"down": {"uv": [0, 0, 16, 16], "texture": "#10"}
			}
		},
		{
			"from": [4, 19, 9],
			"to": [5, 20, 10],
			"faces": {
				"north": {"uv": [0, 0, 1, 1], "texture": "#10"},
				"east": {"uv": [0, 0, 16, 16], "texture": "#10"},
				"south": {"uv": [0, 0, 16, 16], "texture": "#10"},
				"west": {"uv": [0, 0, 1, 1], "texture": "#10"},
				"up": {"uv": [0, 0, 1, 1], "texture": "#10"},
				"down": {"uv": [0, 0, 16, 16], "texture": "#10"}
			}
		},
		{
			"from": [6, 30, 8],
			"to": [7, 31, 9],
			"faces": {
				"north": {"uv": [0, 0, 1, 1], "texture": "#9"},
				"east": {"uv": [0, 0, 16, 16], "texture": "#9"},
				"south": {"uv": [0, 0, 16, 16], "texture": "#9"},
				"west": {"uv": [0, 0, 1, 1], "texture": "#9"},
				"up": {"uv": [0, 0, 1, 1], "texture": "#9"},
				"down": {"uv": [0, 0, 16, 16], "texture": "#9"}
			}
		},
		{
			"from": [7, 25, 10],
			"to": [8, 26, 11],
			"faces": {
				"north": {"uv": [0, 0, 1, 1], "texture": "#9"},
				"east": {"uv": [0, 0, 16, 16], "texture": "#9"},
				"south": {"uv": [0, 0, 16, 16], "texture": "#9"},
				"west": {"uv": [0, 0, 1, 1], "texture": "#9"},
				"up": {"uv": [0, 0, 1, 1], "texture": "#9"},
				"down": {"uv": [0, 0, 16, 16], "texture": "#9"}
			}
		},
		{
			"from": [9, 19, 11],
			"to": [10, 20, 12],
			"faces": {
				"north": {"uv": [0, 0, 1, 1], "texture": "#9"},
				"east": {"uv": [0, 0, 16, 16], "texture": "#9"},
				"south": {"uv": [0, 0, 16, 16], "texture": "#9"},
				"west": {"uv": [0, 0, 1, 1], "texture": "#9"},
				"up": {"uv": [0, 0, 1, 1], "texture": "#9"},
				"down": {"uv": [0, 0, 16, 16], "texture": "#9"}
			}
		},
		{
			"from": [11, 23, 7],
			"to": [12, 24, 8],
			"faces": {
				"north": {"uv": [0, 0, 1, 1], "texture": "#7"},
				"east": {"uv": [0, 0, 16, 16], "texture": "#7"},
				"south": {"uv": [0, 0, 16, 16], "texture": "#7"},
				"west": {"uv": [0, 0, 1, 1], "texture": "#7"},
				"up": {"uv": [0, 0, 1, 1], "texture": "#7"},
				"down": {"uv": [0, 0, 16, 16], "texture": "#7"}
			}
		},
		{
			"from": [10, 27, 8],
			"to": [11, 28, 9],
			"faces": {
				"north": {"uv": [0, 0, 1, 1], "texture": "#7"},
				"east": {"uv": [0, 0, 16, 16], "texture": "#7"},
				"south": {"uv": [0, 0, 16, 16], "texture": "#7"},
				"west": {"uv": [0, 0, 1, 1], "texture": "#7"},
				"up": {"uv": [0, 0, 1, 1], "texture": "#7"},
				"down": {"uv": [0, 0, 16, 16], "texture": "#7"}
			}
		}
	],
	"display": {
		"thirdperson_righthand": {
			"translation": [0, -3, 0],
			"scale": [0.5, 0.5, 0.5]
		},
		"thirdperson_lefthand": {
			"translation": [0, -3, 0],
			"scale": [0.5, 0.5, 0.5]
		},
		"ground": {
			"translation": [0, -6.5, 0],
			"scale": [0.5, 0.5, 0.5]
		},
		"gui": {
			"rotation": [18, -150, 0],
			"translation": [0, -9.75, 0],
			"scale": [0.75, 0.75, 0.75]
		},
		"fixed": {
			"translation": [0, -14.75, 0]
		}
	}
}