{
	"credit": "Made with Blockbench",
	"texture_size": [32, 16],
	"textures": {
		"2": "hats/hat/cowboywhite"
	},
	"elements": [
		{
			"from": [10.55, 17.5, 2.5],
			"to": [11.8, 20, 13.5],
			"rotation": {"angle": -22.5, "axis": "z", "origin": [6, 8, 15]},
			"faces": {
				"north": {"uv": [0, 12, 0.5, 15], "texture": "#2"},
				"east": {"uv": [0, 12, 4, 15], "texture": "#2"},
				"south": {"uv": [3.5, 12, 4, 15], "texture": "#2"},
				"west": {"uv": [0, 12, 4, 15], "texture": "#2"},
				"up": {"uv": [10, 0, 10.5, 8], "texture": "#2"},
				"down": {"uv": [0, 9, 0.5, 10], "texture": "#2"}
			}
		},
		{
			"from": [1, 14, 2],
			"to": [15, 15.25, 14],
			"rotation": {"angle": 0, "axis": "y", "origin": [10, 8, 9]},
			"faces": {
				"north": {"uv": [4.5, 9, 7.5, 10], "texture": "#2"},
				"east": {"uv": [4, 9, 8, 8], "texture": "#2"},
				"south": {"uv": [4.5, 9, 7.5, 10], "texture": "#2"},
				"west": {"uv": [4, 9, 8, 8], "texture": "#2"},
				"up": {"uv": [4, 0, 8, 8], "texture": "#2"},
				"down": {"uv": [4, 0, 8, 8], "texture": "#2"}
			}
		},
		{
			"from": [2, 14, 1],
			"to": [14, 15.25, 2],
			"rotation": {"angle": 0, "axis": "y", "origin": [12, 8, 7]},
			"faces": {
				"north": {"uv": [4, 8, 8, 9], "texture": "#2"},
				"east": {"uv": [4, 8, 4.5, 9], "texture": "#2"},
				"south": {"uv": [4, 8, 8, 9], "texture": "#2"},
				"west": {"uv": [7.5, 8, 8, 9], "texture": "#2"},
				"up": {"uv": [4, 8, 8, 9], "texture": "#2"},
				"down": {"uv": [4, 8, 8, 9], "texture": "#2"}
			}
		},
		{
			"from": [2, 14, 14],
			"to": [14, 15.25, 15],
			"rotation": {"angle": 0, "axis": "y", "origin": [12, 8, 7]},
			"faces": {
				"north": {"uv": [4, 8, 8, 9], "texture": "#2"},
				"east": {"uv": [4, 8, 4.5, 9], "texture": "#2"},
				"south": {"uv": [4, 8, 8, 9], "texture": "#2"},
				"west": {"uv": [4, 8, 4.5, 9], "texture": "#2"},
				"up": {"uv": [4, 8, 8, 9], "texture": "#2"},
				"down": {"uv": [4, 8, 8, 9], "texture": "#2"}
			}
		},
		{
			"from": [3.91, 16, 2.5],
			"to": [5.16, 18.5, 13.5],
			"rotation": {"angle": 22.5, "axis": "z", "origin": [6, 8, 15]},
			"faces": {
				"north": {"uv": [0, 12, 0.5, 15], "texture": "#2"},
				"east": {"uv": [0, 12, 4, 15], "texture": "#2"},
				"south": {"uv": [3.5, 12, 4, 15], "texture": "#2"},
				"west": {"uv": [0, 12, 4, 15], "texture": "#2"},
				"up": {"uv": [10, 0, 10.5, 8], "texture": "#2"},
				"down": {"uv": [0, 9, 0.5, 10], "texture": "#2"}
			}
		},
		{
			"from": [3.5, 16, 3.5],
			"to": [12.5, 17, 12.5],
			"rotation": {"angle": 0, "axis": "y", "origin": [12, 9, 12]},
			"faces": {
				"north": {"uv": [11.5, 13, 16, 14], "texture": "#2"},
				"east": {"uv": [11.5, 13, 16, 14], "texture": "#2"},
				"south": {"uv": [11.5, 13, 16, 14], "texture": "#2"},
				"west": {"uv": [11.5, 13, 16, 14], "texture": "#2"},
				"up": {"uv": [11.5, 13, 16, 14], "texture": "#2"},
				"down": {"uv": [11.5, 13, 16, 14], "texture": "#2"}
			}
		},
		{
			"from": [4, 18, 4],
			"to": [12, 19, 12],
			"rotation": {"angle": 0, "axis": "y", "origin": [12, 10, 12]},
			"faces": {
				"north": {"uv": [4, 7, 8, 8], "texture": "#2"},
				"east": {"uv": [4, 7, 8, 8], "texture": "#2"},
				"south": {"uv": [4, 7, 8, 8], "texture": "#2"},
				"west": {"uv": [4, 7, 8, 8], "texture": "#2"},
				"up": {"uv": [4.5, 1, 7.5, 7], "texture": "#2"},
				"down": {"uv": [4.5, 1, 7.5, 7], "texture": "#2"}
			}
		},
		{
			"from": [3.5, 17, 3.5],
			"to": [12.5, 18, 12.5],
			"rotation": {"angle": 0, "axis": "y", "origin": [12, 10, 12]},
			"faces": {
				"north": {"uv": [4, 8, 8, 9], "texture": "#2"},
				"east": {"uv": [4, 8, 8, 9], "texture": "#2"},
				"south": {"uv": [4, 8, 8, 9], "texture": "#2"},
				"west": {"uv": [4, 8, 8, 9], "texture": "#2"},
				"up": {"uv": [4, 0, 8, 8], "texture": "#2"},
				"down": {"uv": [4, 0, 8, 8], "texture": "#2"}
			}
		},
		{
			"from": [9, 19, 5],
			"to": [11, 19.95, 11],
			"rotation": {"angle": 0, "axis": "y", "origin": [13, 12, 13]},
			"faces": {
				"north": {"uv": [5.5, 7, 4.5, 8], "texture": "#2"},
				"east": {"uv": [7.5, 8, 4.5, 9], "texture": "#2"},
				"south": {"uv": [7.5, 7, 6.5, 8], "texture": "#2"},
				"west": {"uv": [7.5, 8, 4.5, 9], "texture": "#2"},
				"up": {"uv": [5.5, 1, 4.5, 7], "texture": "#2"},
				"down": {"uv": [0, 0, 1, 1], "texture": "#missing"}
			}
		},
		{
			"from": [8.75, 19.75, 5],
			"to": [9, 19.875, 11],
			"rotation": {"angle": 0, "axis": "y", "origin": [13, 12, 13]},
			"faces": {
				"north": {"uv": [5.5, 6, 5.625, 7], "texture": "#2"},
				"east": {"uv": [5.5, 2, 5.625, 6], "texture": "#2"},
				"south": {"uv": [5.5, 6, 5.625, 7], "texture": "#2"},
				"west": {"uv": [5.5, 2, 5.625, 6], "texture": "#2"},
				"up": {"uv": [5.5, 2, 5.625, 6], "texture": "#2"},
				"down": {"uv": [0, 0, 1, 1], "texture": "#missing"}
			}
		},
		{
			"from": [7, 19.75, 5],
			"to": [7.25, 19.875, 11],
			"rotation": {"angle": 0, "axis": "y", "origin": [13, 12, 13]},
			"faces": {
				"north": {"uv": [5.5, 5, 5.625, 6], "texture": "#2"},
				"east": {"uv": [5.5, 2, 5.625, 6], "texture": "#2"},
				"south": {"uv": [5.5, 5, 5.625, 6], "texture": "#2"},
				"west": {"uv": [5.5, 2, 5.625, 6], "texture": "#2"},
				"up": {"uv": [5.5, 2, 5.625, 6], "texture": "#2"},
				"down": {"uv": [0, 0, 1, 1], "texture": "#missing"}
			}
		},
		{
			"from": [7.25, 19.75, 5],
			"to": [8.75, 19.8125, 5.75],
			"rotation": {"angle": 0, "axis": "y", "origin": [13, 12, 13]},
			"faces": {
				"north": {"uv": [5, 6, 7, 7], "texture": "#2"},
				"east": {"uv": [5, 6, 7, 7], "texture": "#2"},
				"south": {"uv": [5, 6, 7, 7], "texture": "#2"},
				"west": {"uv": [5, 6, 7, 7], "texture": "#2"},
				"up": {"uv": [5, 6, 7, 7], "texture": "#2"},
				"down": {"uv": [0, 0, 1, 1], "texture": "#missing"}
			}
		},
		{
			"from": [7.25, 19.75, 10.25],
			"to": [8.75, 19.8125, 11],
			"rotation": {"angle": 0, "axis": "y", "origin": [13, 12, 13]},
			"faces": {
				"north": {"uv": [5, 1, 7, 2], "texture": "#2"},
				"east": {"uv": [5, 1, 7, 2], "texture": "#2"},
				"south": {"uv": [5, 1, 7, 2], "texture": "#2"},
				"west": {"uv": [5, 1, 7, 2], "texture": "#2"},
				"up": {"uv": [5, 1, 7, 2], "texture": "#2"},
				"down": {"uv": [5, 1, 7, 2], "texture": "#2"}
			}
		},
		{
			"from": [7, 19, 5],
			"to": [9, 19.75, 11],
			"rotation": {"angle": 0, "axis": "y", "origin": [13, 12, 13]},
			"faces": {
				"north": {"uv": [5.5, 9, 6.5, 9.75], "texture": "#2"},
				"east": {"uv": [0, 0, 1, 1], "texture": "#missing"},
				"south": {"uv": [5.5, 9, 6.5, 9.75], "texture": "#2"},
				"west": {"uv": [0, 0, 1, 1], "texture": "#missing"},
				"up": {"uv": [5.5, 1, 6.5, 7], "texture": "#2"},
				"down": {"uv": [0, 0, 1, 1], "texture": "#missing"}
			}
		},
		{
			"from": [5, 19, 5],
			"to": [7, 19.95, 11],
			"rotation": {"angle": 0, "axis": "y", "origin": [13, 12, 13]},
			"faces": {
				"north": {"uv": [7.5, 7, 6.5, 8], "texture": "#2"},
				"east": {"uv": [7.5, 8, 4.5, 9], "texture": "#2"},
				"south": {"uv": [5.5, 7, 4.5, 8], "texture": "#2"},
				"west": {"uv": [7.5, 8, 4.5, 9], "texture": "#2"},
				"up": {"uv": [7.5, 1, 6.5, 7], "texture": "#2"},
				"down": {"uv": [0, 0, 1, 1], "texture": "#missing"}
			}
		},
		{
			"from": [3.5, 15, 3.5],
			"to": [12.5, 16, 12.5],
			"rotation": {"angle": 0, "axis": "y", "origin": [12, 9, 12]},
			"faces": {
				"north": {"uv": [4.5, 9, 7.5, 10], "texture": "#2"},
				"east": {"uv": [4.5, 9, 7.5, 10], "texture": "#2"},
				"south": {"uv": [4.5, 9, 7.5, 10], "texture": "#2"},
				"west": {"uv": [4.5, 9, 7.5, 10], "texture": "#2"},
				"up": {"uv": [4, 0, 8, 8], "texture": "#2"},
				"down": {"uv": [4, 0, 8, 8], "texture": "#2"}
			}
		}
	],
	"display": {
		"thirdperson_righthand": {
			"translation": [0, -3, 0],
			"scale": [0.45, 0.5, 0.5]
		},
		"thirdperson_lefthand": {
			"translation": [0, -3, 0],
			"scale": [0.45, 0.5, 0.5]
		},
		"firstperson_righthand": {
			"translation": [0, 0, 3],
			"scale": [0.45, 0.5, 0.5]
		},
		"firstperson_lefthand": {
			"translation": [0, 0, 3],
			"scale": [0.45, 0.5, 0.5]
		},
		"ground": {
			"translation": [0, -5, 0],
			"scale": [0.45, 0.5, 0.5]
		},
		"gui": {
			"rotation": [18, -150, 0],
			"translation": [0, -5.75, 0],
			"scale": [0.7, 0.7, 0.7]
		},
		"head": {
			"translation": [0.25, -4.25, 0],
			"scale": [1.45, 1.6, 1.45]
		},
		"fixed": {
			"translation": [0, -8, 0],
			"scale": [0.9, 1, 1]
		}
	},
	"groups": [
		{
			"name": "hat",
			"origin": [8, 8, 8],
			"color": 0,
			"children": [0, 1, 2, 3, 4]
		},
		{
			"name": "Rim",
			"origin": [12, 9, 12],
			"color": 0,
			"children": [5]
		},
		{
			"name": "top",
			"origin": [8, 8, 8],
			"color": 0,
			"children": [6, 7, 8, 9, 10, 11, 12, 13, 14]
		},
		{
			"name": "BottomRim",
			"origin": [12, 9, 12],
			"color": 0,
			"children": [15]
		}
	]
}