{
	"credit": "Made with Blockbench",
	"textures": {
		"1": "block/brown_wool",
		"2": "block/light_gray_concrete_powder",
		"particle": "block/brown_wool",
		"grey": "block/black_wool"
	},
	"elements": [
		{
			"from": [-1, 14, -1],
			"to": [17, 15.21, 17],
			"faces": {
				"north": {"uv": [0, 0, 16, 1], "texture": "#1", "cullface": "north"},
				"east": {"uv": [0, 0, 16, 1], "texture": "#1", "cullface": "north"},
				"south": {"uv": [0, 0, 16, 1], "texture": "#1", "cullface": "north"},
				"west": {"uv": [0, 0, 16, 1], "texture": "#1", "cullface": "north"},
				"up": {"uv": [0, 0, 16, 16], "texture": "#1", "cullface": "north"},
				"down": {"uv": [0, 0, 16, 16], "texture": "#1", "cullface": "north"}
			}
		},
		{
			"from": [2, 15, 2],
			"to": [14, 17, 14],
			"faces": {
				"north": {"uv": [0, 0, 12, 2], "texture": "#grey", "cullface": "north"},
				"east": {"uv": [0, 0, 12, 2], "texture": "#grey", "cullface": "east"},
				"south": {"uv": [0, 0, 12, 2], "texture": "#grey", "cullface": "south"},
				"west": {"uv": [0, 0, 12, 2], "texture": "#grey", "cullface": "west"}
			}
		},
		{
			"from": [2, 17, 2],
			"to": [14, 21, 14],
			"faces": {
				"north": {"uv": [0, 0, 12, 4], "texture": "#1", "cullface": "up"},
				"east": {"uv": [0, 0, 12, 7], "texture": "#1", "cullface": "up"},
				"south": {"uv": [0, 0, 12, 7], "texture": "#1", "cullface": "up"},
				"west": {"uv": [0, 0, 12, 7], "texture": "#1", "cullface": "up"},
				"up": {"uv": [0, 0, 13, 12], "texture": "#1", "cullface": "up"},
				"down": {"uv": [0, 0, 12, 7], "texture": "#1", "cullface": "up"}
			}
		},
		{
			"from": [7.3, 3.3, -3],
			"to": [8.7, 4.7, 3],
			"rotation": {"angle": 0, "axis": "y", "origin": [7.975, 4.655, 1.55]},
			"faces": {
				"north": {"uv": [0, 0, 6, 2], "texture": "#2"},
				"east": {"uv": [0, 0, 6, 2], "texture": "#2"},
				"south": {"uv": [0, 0, 6, 2], "texture": "#2"},
				"west": {"uv": [0, 0, 6, 2], "texture": "#2"},
				"up": {"uv": [0, 0, 6, 2], "texture": "#2"},
				"down": {"uv": [0, 0, 6, 2], "texture": "#2"}
			}
		},
		{
			"from": [7, 3.1, -6],
			"to": [8.9, 4.9, -3],
			"rotation": {"angle": 0, "axis": "y", "origin": [7.975, 4.655, 1.55]},
			"faces": {
				"north": {"uv": [0, 0, 3, 2.2], "texture": "#1"},
				"east": {"uv": [0, 0, 3, 2.2], "texture": "#1"},
				"south": {"uv": [0, 0, 3, 2.2], "texture": "#1"},
				"west": {"uv": [0, 0, 3, 2.2], "texture": "#1"},
				"up": {"uv": [0, 0, 3, 2.2], "texture": "#1"},
				"down": {"uv": [0, 0, 3, 2.2], "texture": "#1"}
			}
		},
		{
			"from": [7.2, 3.2, -3],
			"to": [8.8, 4.8, 0],
			"rotation": {"angle": 0, "axis": "y", "origin": [7.975, 4.655, 1.55]},
			"faces": {
				"north": {"uv": [0, 0, 3, 2.2], "texture": "#1"},
				"east": {"uv": [0, 0, 3, 2.2], "texture": "#1"},
				"south": {"uv": [0, 0, 3, 2.2], "texture": "#1"},
				"west": {"uv": [0, 0, 3, 2.2], "texture": "#1"},
				"up": {"uv": [0, 0, 3, 2.2], "texture": "#1"},
				"down": {"uv": [0, 0, 3, 2.2], "texture": "#1"}
			}
		},
		{
			"from": [6.9, 3.9, -5.9],
			"to": [9, 6.1, -3.9],
			"rotation": {"angle": 0, "axis": "y", "origin": [7.975, 4.655, 1.55]},
			"faces": {
				"north": {"uv": [0, 0, 2.5, 2.2], "texture": "#1"},
				"east": {"uv": [0, 0, 2.5, 2.2], "texture": "#1"},
				"south": {"uv": [0, 0, 2.5, 2.2], "texture": "#1"},
				"west": {"uv": [0, 0, 2.5, 2.2], "texture": "#1"},
				"up": {"uv": [0, 0, 2.5, 2.2], "texture": "#1"},
				"down": {"uv": [0, 0, 2.5, 2.2], "texture": "#1"}
			}
		},
		{
			"from": [7, 4.51, -5.8],
			"to": [8.9, 6.11, -4],
			"rotation": {"angle": 0, "axis": "y", "origin": [7.975, 4.655, 1.55]},
			"faces": {
				"north": {"uv": [0, 0, 2.5, 2.2], "texture": "#grey"},
				"east": {"uv": [0, 0, 2.5, 2.2], "texture": "#grey"},
				"south": {"uv": [0, 0, 2.5, 2.2], "texture": "#grey"},
				"west": {"uv": [0, 0, 2.5, 2.2], "texture": "#grey"},
				"up": {"uv": [0, 0, 2.5, 2.2], "texture": "#grey"},
				"down": {"uv": [0, 0, 2.5, 2.2], "texture": "#grey"}
			}
		}
	],
	"display": {
		"thirdperson_righthand": {
			"translation": [0, -3, 0],
			"scale": [0.5, 0.5, 0.5]
		},
		"thirdperson_lefthand": {
			"translation": [0, -3, 0],
			"scale": [0.5, 0.5, 0.5]
		},
		"firstperson_righthand": {
			"scale": [0.5, 0.5, 0.5]
		},
		"firstperson_lefthand": {
			"scale": [0.5, 0.5, 0.5]
		},
		"ground": {
			"translation": [0, -6.5, 0],
			"scale": [0.5, 0.5, 0.5]
		},
		"gui": {
			"rotation": [18, -150, 0],
			"translation": [0, -5.75, 0],
			"scale": [0.65, 0.65, 0.65]
		},
		"fixed": {
			"translation": [0, -8.75, 0]
		}
	}
}