{
	"credit": "Made with Blockbench",
	"textures": {
		"black": "block/diamond_block",
		"grey": "block/gold_block"
	},
	"elements": [
		{
			"from": [-1, 14, -1],
			"to": [17, 15.21, 17],
			"faces": {
				"north": {"uv": [0, 0, 16, 1], "texture": "#black", "cullface": "north"},
				"east": {"uv": [0, 0, 16, 1], "texture": "#black", "cullface": "east"},
				"south": {"uv": [0, 0, 16, 1], "texture": "#black", "cullface": "south"},
				"west": {"uv": [0, 0, 16, 1], "texture": "#black", "cullface": "west"},
				"up": {"uv": [0, 0, 16, 16], "texture": "#black", "cullface": "north"},
				"down": {"uv": [0, 0, 16, 16], "texture": "#black", "cullface": "north"}
			}
		},
		{
			"from": [2, 15, 2],
			"to": [14, 17, 14],
			"faces": {
				"north": {"uv": [0, 0, 12, 2], "texture": "#grey", "cullface": "north"},
				"east": {"uv": [0, 0, 12, 2], "texture": "#grey", "cullface": "east"},
				"south": {"uv": [0, 0, 12, 2], "texture": "#grey", "cullface": "south"},
				"west": {"uv": [0, 0, 12, 2], "texture": "#grey", "cullface": "west"}
			}
		},
		{
			"from": [2, 17, 2],
			"to": [14, 22, 14],
			"faces": {
				"north": {"uv": [0, 0, 16, 5], "texture": "#black", "cullface": "north"},
				"east": {"uv": [0, 0, 16, 5], "texture": "#black", "cullface": "north"},
				"south": {"uv": [0, 0, 16, 5], "texture": "#black", "cullface": "north"},
				"west": {"uv": [0, 0, 16, 5], "texture": "#black", "cullface": "north"},
				"up": {"uv": [0, 0, 16, 16], "texture": "#black", "cullface": "north"}
			}
		}
	],
	"display": {
		"thirdperson_righthand": {
			"translation": [0, -3.25, 0],
			"scale": [0.5, 0.5, 0.5]
		},
		"thirdperson_lefthand": {
			"translation": [0, -3.25, 0],
			"scale": [0.5, 0.5, 0.5]
		},
		"firstperson_righthand": {
			"scale": [0.5, 0.5, 0.5]
		},
		"firstperson_lefthand": {
			"scale": [0.5, 0.5, 0.5]
		},
		"ground": {
			"scale": [0.5, 0.5, 0.5]
		},
		"gui": {
			"rotation": [13, -158, 0],
			"translation": [0, -3.5, 0],
			"scale": [0.5, 0.5, 0.5]
		},
		"fixed": {
			"translation": [0, -3, 1.25],
			"scale": [0.5, 0.5, 0.5]
		}
	}
}