{
	"credit": "Made with Blockbench",
	"textures": {
		"2": "block/diamond_block",
		"3": "block/emerald_block",
		"particle": "block/emerald_block"
	},
	"elements": [
		{
			"from": [-1, 14, -1],
			"to": [17, 15.21, 17],
			"faces": {
				"north": {"uv": [0, 9, 16, 11], "texture": "#3", "cullface": "north"},
				"east": {"uv": [0, 9, 16, 11], "texture": "#3", "cullface": "north"},
				"south": {"uv": [0, 9, 16, 11], "texture": "#3", "cullface": "north"},
				"west": {"uv": [0, 9, 16, 11], "texture": "#3", "cullface": "north"},
				"up": {"uv": [0, 0, 16, 16], "texture": "#3", "cullface": "north"},
				"down": {"uv": [0, 0, 16, 16], "texture": "#3", "cullface": "north"}
			}
		},
		{
			"from": [2, 15.2, 2],
			"to": [14, 17.2, 14],
			"faces": {
				"north": {"uv": [0, 9, 16, 12], "texture": "#2", "cullface": "north"},
				"east": {"uv": [0, 9, 16, 12], "texture": "#2", "cullface": "north"},
				"south": {"uv": [0, 9, 16, 12], "texture": "#2", "cullface": "north"},
				"west": {"uv": [0, 9, 16, 12], "texture": "#2", "cullface": "north"},
				"up": {"uv": [0, 9, 16, 12], "texture": "#2", "cullface": "north"},
				"down": {"uv": [0, 9, 16, 12], "texture": "#2", "cullface": "north"}
			}
		},
		{
			"from": [2, 17.2, 2],
			"to": [14, 21.2, 14],
			"faces": {
				"north": {"uv": [0, 0, 16, 8], "texture": "#3", "cullface": "north"},
				"east": {"uv": [0, 0, 16, 16], "texture": "#3", "cullface": "north"},
				"south": {"uv": [0, 0, 16, 16], "texture": "#3", "cullface": "north"},
				"west": {"uv": [0, 0, 16, 8], "texture": "#3", "cullface": "north"},
				"up": {"uv": [0, 0, 16, 16], "texture": "#3", "cullface": "north"}
			}
		}
	],
	"display": {}
}