{
	"credit": "Made with Blockbench",
	"textures": {
		"1": "block/black_wool",
		"2": "block/gray_wool",
		"particle": "entity/steve"
	},
	"elements": [
		{
			"from": [8.6, 5.4, 0.6],
			"to": [13.8, 9, 1.6],
			"rotation": {"angle": 0, "axis": "z", "origin": [8, 8, 8]},
			"faces": {
				"north": {"uv": [0, 0, 8, 6], "rotation": 90, "texture": "#1"},
				"east": {"uv": [0, 0, 3.6, 1], "rotation": 90, "texture": "#1"},
				"south": {"uv": [0, 0, 8, 6], "rotation": 90, "texture": "#1"},
				"west": {"uv": [0, 0, 3.6, 1], "rotation": 90, "texture": "#1"},
				"up": {"uv": [0, 0, 1, 5.2], "rotation": 90, "texture": "#1"},
				"down": {"uv": [0, 0, 1, 5.2], "rotation": 90, "texture": "#1"}
			}
		},
		{
			"from": [0.5, 6.4, 1.1],
			"to": [14.9, 8, 1.6],
			"rotation": {"angle": 22.5, "axis": "z", "origin": [11.2, 7.2, 1.1]},
			"faces": {
				"north": {"uv": [9, 0, 12, 14], "rotation": 90, "texture": "#2"},
				"east": {"uv": [0, 0, 1.6, 0.5], "rotation": 90, "texture": "#2"},
				"south": {"uv": [0, 0, 1.6, 14.4], "rotation": 90, "texture": "#2"},
				"west": {"uv": [0, 0, 1.6, 0.5], "rotation": 90, "texture": "#2"},
				"up": {"uv": [0, 0, 1.6, 14.4], "rotation": 90, "texture": "#2"},
				"down": {"uv": [0, 0, 1.6, 14.4], "rotation": 90, "texture": "#2"}
			}
		},
		{
			"from": [0.5, 6.4, 14.4],
			"to": [14.9, 8, 14.9],
			"rotation": {"angle": 22.5, "axis": "z", "origin": [11.2, 7.2, 1.1]},
			"faces": {
				"north": {"uv": [9, 0, 12, 14], "rotation": 90, "texture": "#2"},
				"east": {"uv": [1, 1, 3, 3], "rotation": 90, "texture": "#2"},
				"south": {"uv": [0, 0, 3, 14], "rotation": 90, "texture": "#2"},
				"west": {"uv": [0, 0, 1, 1], "rotation": 90, "texture": "#2"},
				"up": {"uv": [0, 0, 1, 14], "rotation": 90, "texture": "#2"},
				"down": {"uv": [0, 0, 1, 14], "rotation": 90, "texture": "#2"}
			}
		},
		{
			"from": [14.4, 7.74708, 1.21596],
			"to": [14.9, 9.34708, 14.81596],
			"rotation": {"angle": 0, "axis": "x", "origin": [14.65, 11.14708, 8.01596]},
			"faces": {
				"north": {"uv": [9, 0, 12, 2], "rotation": 90, "texture": "#2"},
				"east": {"uv": [0, 0, 3, 14], "rotation": 90, "texture": "#2"},
				"south": {"uv": [0, 13, 2, 14], "texture": "#2"},
				"west": {"uv": [0, 0, 3, 14], "rotation": 90, "texture": "#2"},
				"up": {"uv": [0, 0, 1.6, 14.4], "texture": "#2"},
				"down": {"uv": [0, 0, 1.6, 14.4], "texture": "#2"}
			}
		},
		{
			"from": [1.1, 2.34708, 1.21596],
			"to": [1.6, 3.94708, 14.81596],
			"rotation": {"angle": 0, "axis": "x", "origin": [14.65, 11.14708, 8.01596]},
			"faces": {
				"north": {"uv": [9, 0, 12, 2], "rotation": 90, "texture": "#2"},
				"east": {"uv": [0, 0, 3, 14], "rotation": 90, "texture": "#2"},
				"south": {"uv": [9, 0, 12, 2], "rotation": 90, "texture": "#2"},
				"west": {"uv": [0, 0, 3, 14], "rotation": 90, "texture": "#2"},
				"up": {"uv": [0, 0, 16, 1], "rotation": 90, "texture": "#2"},
				"down": {"uv": [0, 0, 16, 1], "rotation": 90, "texture": "#2"}
			}
		}
	],
	"display": {
		"thirdperson_righthand": {
			"scale": [0.5, 0.5, 0.5]
		},
		"thirdperson_lefthand": {
			"scale": [0.5, 0.5, 0.5]
		},
		"firstperson_righthand": {
			"translation": [1.75, 2.5, 0],
			"scale": [0.5, 0.5, 0.5]
		},
		"firstperson_lefthand": {
			"translation": [1.75, 2.5, 0],
			"scale": [0.5, 0.5, 0.5]
		},
		"ground": {
			"scale": [0.5, 0.5, 0.5]
		},
		"gui": {
			"rotation": [-155.45, 4.17, -167.57],
			"translation": [0, 1.75, 0]
		},
		"fixed": {
			"rotation": [89.67, -68.2, 155.96],
			"translation": [0, 1.5, -2.75],
			"scale": [0.5, 0.5, 0.5]
		}
	}
}