{
	"credit": "Made with Blockbench",
	"texture_size": [128, 128],
	"textures": {
		"1": "hats/hat/football"
	},
	"elements": [
		{
			"from": [4, 14, 2],
			"to": [5, 15, 14],
			"faces": {
				"north": {"uv": [8, 9.25, 8.125, 9.375], "texture": "#1"},
				"east": {"uv": [6.5, 9.25, 8, 9.375], "texture": "#1"},
				"south": {"uv": [9.625, 9.25, 9.75, 9.375], "texture": "#1"},
				"west": {"uv": [8.125, 9.25, 9.625, 9.375], "texture": "#1"},
				"up": {"uv": [8.125, 9.25, 8, 7.75], "texture": "#1"},
				"down": {"uv": [8.25, 7.75, 8.125, 9.25], "texture": "#1"}
			}
		},
		{
			"from": [4, 9, 6],
			"to": [5, 10, 10],
			"faces": {
				"north": {"uv": [3, 3.5, 3.125, 3.625], "texture": "#1"},
				"east": {"uv": [2.5, 3.5, 3, 3.625], "texture": "#1"},
				"south": {"uv": [3.625, 3.5, 3.75, 3.625], "texture": "#1"},
				"west": {"uv": [3.125, 3.5, 3.625, 3.625], "texture": "#1"},
				"up": {"uv": [3.125, 3.5, 3, 3], "texture": "#1"},
				"down": {"uv": [3.25, 3, 3.125, 3.5], "texture": "#1"}
			}
		},
		{
			"from": [4, 10, 9],
			"to": [5, 11, 14],
			"faces": {
				"north": {"uv": [0.625, 4, 0.75, 4.125], "texture": "#1"},
				"east": {"uv": [0, 4, 0.625, 4.125], "texture": "#1"},
				"south": {"uv": [1.375, 4, 1.5, 4.125], "texture": "#1"},
				"west": {"uv": [0.75, 4, 1.375, 4.125], "texture": "#1"},
				"up": {"uv": [0.75, 4, 0.625, 3.375], "texture": "#1"},
				"down": {"uv": [0.875, 3.375, 0.75, 4], "texture": "#1"}
			}
		},
		{
			"from": [4, 10, 2],
			"to": [5, 11, 7],
			"faces": {
				"north": {"uv": [0.625, 3.25, 0.75, 3.375], "texture": "#1"},
				"east": {"uv": [0, 3.25, 0.625, 3.375], "texture": "#1"},
				"south": {"uv": [1.375, 3.25, 1.5, 3.375], "texture": "#1"},
				"west": {"uv": [0.75, 3.25, 1.375, 3.375], "texture": "#1"},
				"up": {"uv": [0.75, 3.25, 0.625, 2.625], "texture": "#1"},
				"down": {"uv": [0.875, 2.625, 0.75, 3.25], "texture": "#1"}
			}
		},
		{
			"from": [4, 11, 10],
			"to": [5, 14, 11],
			"faces": {
				"north": {"uv": [2.375, 5.875, 2.5, 6.25], "texture": "#1"},
				"east": {"uv": [2.25, 5.875, 2.375, 6.25], "texture": "#1"},
				"south": {"uv": [2.625, 5.875, 2.75, 6.25], "texture": "#1"},
				"west": {"uv": [2.5, 5.875, 2.625, 6.25], "texture": "#1"},
				"up": {"uv": [2.5, 5.875, 2.375, 5.75], "texture": "#1"},
				"down": {"uv": [2.625, 5.75, 2.5, 5.875], "texture": "#1"}
			}
		},
		{
			"from": [4, 11, 5],
			"to": [5, 14, 6],
			"faces": {
				"north": {"uv": [1, 3.5, 1.125, 3.875], "texture": "#1"},
				"east": {"uv": [0.875, 3.5, 1, 3.875], "texture": "#1"},
				"south": {"uv": [1.25, 3.5, 1.375, 3.875], "texture": "#1"},
				"west": {"uv": [1.125, 3.5, 1.25, 3.875], "texture": "#1"},
				"up": {"uv": [1.125, 3.5, 1, 3.375], "texture": "#1"},
				"down": {"uv": [1.25, 3.375, 1.125, 3.5], "texture": "#1"}
			}
		},
		{
			"from": [4, 10, 14],
			"to": [5, 16, 15],
			"faces": {
				"north": {"uv": [0.625, 5.625, 0.75, 6.375], "texture": "#1"},
				"east": {"uv": [0.5, 5.625, 0.625, 6.375], "texture": "#1"},
				"south": {"uv": [0.875, 5.625, 1, 6.375], "texture": "#1"},
				"west": {"uv": [0.75, 5.625, 0.875, 6.375], "texture": "#1"},
				"up": {"uv": [0.75, 5.625, 0.625, 5.5], "texture": "#1"},
				"down": {"uv": [0.875, 5.5, 0.75, 5.625], "texture": "#1"}
			}
		},
		{
			"from": [4, 10, 1],
			"to": [5, 16, 2],
			"faces": {
				"north": {"uv": [0.125, 5.625, 0.25, 6.375], "texture": "#1"},
				"east": {"uv": [0, 5.625, 0.125, 6.375], "texture": "#1"},
				"south": {"uv": [0.375, 5.625, 0.5, 6.375], "texture": "#1"},
				"west": {"uv": [0.25, 5.625, 0.375, 6.375], "texture": "#1"},
				"up": {"uv": [0.25, 5.625, 0.125, 5.5], "texture": "#1"},
				"down": {"uv": [0.375, 5.5, 0.25, 5.625], "texture": "#1"}
			}
		},
		{
			"from": [4, 11, -1],
			"to": [5, 12, 1],
			"faces": {
				"north": {"uv": [5.75, 1.75, 5.875, 1.875], "texture": "#1"},
				"east": {"uv": [5.5, 1.75, 5.75, 1.875], "texture": "#1"},
				"south": {"uv": [6.125, 1.75, 6.25, 1.875], "texture": "#1"},
				"west": {"uv": [5.875, 1.75, 6.125, 1.875], "texture": "#1"},
				"up": {"uv": [5.875, 1.75, 5.75, 1.5], "texture": "#1"},
				"down": {"uv": [6, 1.5, 5.875, 1.75], "texture": "#1"}
			}
		},
		{
			"from": [4, 11, 15],
			"to": [5, 12, 17],
			"faces": {
				"north": {"uv": [1.25, 5.75, 1.375, 5.875], "texture": "#1"},
				"east": {"uv": [1, 5.75, 1.25, 5.875], "texture": "#1"},
				"south": {"uv": [1.625, 5.75, 1.75, 5.875], "texture": "#1"},
				"west": {"uv": [1.375, 5.75, 1.625, 5.875], "texture": "#1"},
				"up": {"uv": [1.375, 5.75, 1.25, 5.5], "texture": "#1"},
				"down": {"uv": [1.5, 5.5, 1.375, 5.75], "texture": "#1"}
			}
		},
		{
			"from": [5, 11, -2],
			"to": [6, 12, 0],
			"faces": {
				"north": {"uv": [5.5, 4, 5.625, 4.125], "texture": "#1"},
				"east": {"uv": [5.25, 4, 5.5, 4.125], "texture": "#1"},
				"south": {"uv": [5.875, 4, 6, 4.125], "texture": "#1"},
				"west": {"uv": [5.625, 4, 5.875, 4.125], "texture": "#1"},
				"up": {"uv": [5.625, 4, 5.5, 3.75], "texture": "#1"},
				"down": {"uv": [5.75, 3.75, 5.625, 4], "texture": "#1"}
			}
		},
		{
			"from": [5, 11, 16],
			"to": [6, 12, 18],
			"faces": {
				"north": {"uv": [3.5, 3.25, 3.625, 3.375], "texture": "#1"},
				"east": {"uv": [3.25, 3.25, 3.5, 3.375], "texture": "#1"},
				"south": {"uv": [3.875, 3.25, 4, 3.375], "texture": "#1"},
				"west": {"uv": [3.625, 3.25, 3.875, 3.375], "texture": "#1"},
				"up": {"uv": [3.625, 3.25, 3.5, 3], "texture": "#1"},
				"down": {"uv": [3.75, 3, 3.625, 3.25], "texture": "#1"}
			}
		},
		{
			"from": [6, 11, -2],
			"to": [10, 12, -1],
			"faces": {
				"north": {"uv": [5.375, 5.375, 5.875, 5.5], "texture": "#1"},
				"east": {"uv": [5.25, 5.375, 5.375, 5.5], "texture": "#1"},
				"south": {"uv": [6, 5.375, 6.5, 5.5], "texture": "#1"},
				"west": {"uv": [5.875, 5.375, 6, 5.5], "texture": "#1"},
				"up": {"uv": [5.875, 5.375, 5.375, 5.25], "texture": "#1"},
				"down": {"uv": [6.375, 5.25, 5.875, 5.375], "texture": "#1"}
			}
		},
		{
			"from": [9, 12, -2],
			"to": [10, 15, -1],
			"faces": {
				"north": {"uv": [0.125, 3.5, 0.25, 3.875], "texture": "#1"},
				"east": {"uv": [0, 3.5, 0.125, 3.875], "texture": "#1"},
				"south": {"uv": [0.375, 3.5, 0.5, 3.875], "texture": "#1"},
				"west": {"uv": [0.25, 3.5, 0.375, 3.875], "texture": "#1"},
				"up": {"uv": [0.25, 3.5, 0.125, 3.375], "texture": "#1"},
				"down": {"uv": [0.375, 3.375, 0.25, 3.5], "texture": "#1"}
			}
		},
		{
			"from": [6, 11, 17],
			"to": [10, 12, 18],
			"faces": {
				"north": {"uv": [0.125, 4.25, 0.625, 4.375], "texture": "#1"},
				"east": {"uv": [0, 4.25, 0.125, 4.375], "texture": "#1"},
				"south": {"uv": [0.75, 4.25, 1.25, 4.375], "texture": "#1"},
				"west": {"uv": [0.625, 4.25, 0.75, 4.375], "texture": "#1"},
				"up": {"uv": [0.625, 4.25, 0.125, 4.125], "texture": "#1"},
				"down": {"uv": [1.125, 4.125, 0.625, 4.25], "texture": "#1"}
			}
		},
		{
			"from": [9, 12, 17],
			"to": [10, 15, 18],
			"faces": {
				"north": {"uv": [2.625, 3.125, 2.75, 3.5], "texture": "#1"},
				"east": {"uv": [2.5, 3.125, 2.625, 3.5], "texture": "#1"},
				"south": {"uv": [2.875, 3.125, 3, 3.5], "texture": "#1"},
				"west": {"uv": [2.75, 3.125, 2.875, 3.5], "texture": "#1"},
				"up": {"uv": [2.75, 3.125, 2.625, 3], "texture": "#1"},
				"down": {"uv": [2.875, 3, 2.75, 3.125], "texture": "#1"}
			}
		},
		{
			"from": [5, 15, -2],
			"to": [13, 16, -1],
			"faces": {
				"north": {"uv": [0.125, 2.5, 1.125, 2.625], "texture": "#1"},
				"east": {"uv": [0, 2.5, 0.125, 2.625], "texture": "#1"},
				"south": {"uv": [1.25, 2.5, 2.25, 2.625], "texture": "#1"},
				"west": {"uv": [1.125, 2.5, 1.25, 2.625], "texture": "#1"},
				"up": {"uv": [1.125, 2.5, 0.125, 2.375], "texture": "#1"},
				"down": {"uv": [2.125, 2.375, 1.125, 2.5], "texture": "#1"}
			}
		},
		{
			"from": [5, 15, 17],
			"to": [13, 16, 18],
			"faces": {
				"north": {"uv": [0.125, 2.25, 1.125, 2.375], "texture": "#1"},
				"east": {"uv": [0, 2.25, 0.125, 2.375], "texture": "#1"},
				"south": {"uv": [1.25, 2.25, 2.25, 2.375], "texture": "#1"},
				"west": {"uv": [1.125, 2.25, 1.25, 2.375], "texture": "#1"},
				"up": {"uv": [1.125, 2.25, 0.125, 2.125], "texture": "#1"},
				"down": {"uv": [2.125, 2.125, 1.125, 2.25], "texture": "#1"}
			}
		},
		{
			"from": [4, 15, -1],
			"to": [6, 16, 0],
			"faces": {
				"north": {"uv": [2.375, 5.625, 2.625, 5.75], "texture": "#1"},
				"east": {"uv": [2.25, 5.625, 2.375, 5.75], "texture": "#1"},
				"south": {"uv": [2.75, 5.625, 3, 5.75], "texture": "#1"},
				"west": {"uv": [2.625, 5.625, 2.75, 5.75], "texture": "#1"},
				"up": {"uv": [2.625, 5.625, 2.375, 5.5], "texture": "#1"},
				"down": {"uv": [2.875, 5.5, 2.625, 5.625], "texture": "#1"}
			}
		},
		{
			"from": [4, 15, 16],
			"to": [6, 16, 17],
			"faces": {
				"north": {"uv": [5.375, 4.25, 5.625, 4.375], "texture": "#1"},
				"east": {"uv": [5.25, 4.25, 5.375, 4.375], "texture": "#1"},
				"south": {"uv": [5.75, 4.25, 6, 4.375], "texture": "#1"},
				"west": {"uv": [5.625, 4.25, 5.75, 4.375], "texture": "#1"},
				"up": {"uv": [5.625, 4.25, 5.375, 4.125], "texture": "#1"},
				"down": {"uv": [5.875, 4.125, 5.625, 4.25], "texture": "#1"}
			}
		},
		{
			"from": [4, 15, 0],
			"to": [5, 16, 1],
			"faces": {
				"north": {"uv": [6.25, 1.875, 6.375, 2], "texture": "#1"},
				"east": {"uv": [6.125, 1.875, 6.25, 2], "texture": "#1"},
				"south": {"uv": [6.5, 1.875, 6.625, 2], "texture": "#1"},
				"west": {"uv": [6.375, 1.875, 6.5, 2], "texture": "#1"},
				"up": {"uv": [6.375, 1.875, 6.25, 1.75], "texture": "#1"},
				"down": {"uv": [6.5, 1.75, 6.375, 1.875], "texture": "#1"}
			}
		},
		{
			"from": [4, 15, 15],
			"to": [5, 16, 16],
			"faces": {
				"north": {"uv": [6.125, 1.625, 6.25, 1.75], "texture": "#1"},
				"east": {"uv": [6, 1.625, 6.125, 1.75], "texture": "#1"},
				"south": {"uv": [6.375, 1.625, 6.5, 1.75], "texture": "#1"},
				"west": {"uv": [6.25, 1.625, 6.375, 1.75], "texture": "#1"},
				"up": {"uv": [6.25, 1.625, 6.125, 1.5], "texture": "#1"},
				"down": {"uv": [6.375, 1.5, 6.25, 1.625], "texture": "#1"}
			}
		},
		{
			"from": [5, 15, 14],
			"to": [6, 19, 15],
			"faces": {
				"north": {"uv": [1, 2.75, 1.125, 3.25], "texture": "#1"},
				"east": {"uv": [0.875, 2.75, 1, 3.25], "texture": "#1"},
				"south": {"uv": [1.25, 2.75, 1.375, 3.25], "texture": "#1"},
				"west": {"uv": [1.125, 2.75, 1.25, 3.25], "texture": "#1"},
				"up": {"uv": [1.125, 2.75, 1, 2.625], "texture": "#1"},
				"down": {"uv": [1.25, 2.625, 1.125, 2.75], "texture": "#1"}
			}
		},
		{
			"from": [5, 15, 1],
			"to": [6, 19, 2],
			"faces": {
				"north": {"uv": [0.125, 2.75, 0.25, 3.25], "texture": "#1"},
				"east": {"uv": [0, 2.75, 0.125, 3.25], "texture": "#1"},
				"south": {"uv": [0.375, 2.75, 0.5, 3.25], "texture": "#1"},
				"west": {"uv": [0.25, 2.75, 0.375, 3.25], "texture": "#1"},
				"up": {"uv": [0.25, 2.75, 0.125, 2.625], "texture": "#1"},
				"down": {"uv": [0.375, 2.625, 0.25, 2.75], "texture": "#1"}
			}
		},
		{
			"from": [5, 18, 13],
			"to": [6, 20, 14],
			"faces": {
				"north": {"uv": [1.125, 6, 1.25, 6.25], "texture": "#1"},
				"east": {"uv": [1, 6, 1.125, 6.25], "texture": "#1"},
				"south": {"uv": [1.375, 6, 1.5, 6.25], "texture": "#1"},
				"west": {"uv": [1.25, 6, 1.375, 6.25], "texture": "#1"},
				"up": {"uv": [1.25, 6, 1.125, 5.875], "texture": "#1"},
				"down": {"uv": [1.375, 5.875, 1.25, 6], "texture": "#1"}
			}
		},
		{
			"from": [5, 18, 2],
			"to": [6, 20, 3],
			"faces": {
				"north": {"uv": [1.625, 1.75, 1.75, 2], "texture": "#1"},
				"east": {"uv": [1.5, 1.75, 1.625, 2], "texture": "#1"},
				"south": {"uv": [1.875, 1.75, 2, 2], "texture": "#1"},
				"west": {"uv": [1.75, 1.75, 1.875, 2], "texture": "#1"},
				"up": {"uv": [1.75, 1.75, 1.625, 1.625], "texture": "#1"},
				"down": {"uv": [1.875, 1.625, 1.75, 1.75], "texture": "#1"}
			}
		},
		{
			"from": [5, 19, 3],
			"to": [6, 20, 13],
			"faces": {
				"north": {"uv": [9.5, 3.625, 9.625, 3.75], "texture": "#1"},
				"east": {"uv": [8.25, 3.625, 9.5, 3.75], "texture": "#1"},
				"south": {"uv": [10.875, 3.625, 11, 3.75], "texture": "#1"},
				"west": {"uv": [9.625, 3.625, 10.875, 3.75], "texture": "#1"},
				"up": {"uv": [9.625, 3.625, 9.5, 2.375], "texture": "#1"},
				"down": {"uv": [9.75, 2.375, 9.625, 3.625], "texture": "#1"}
			}
		},
		{
			"from": [13, 10, -2],
			"to": [23, 19, 1],
			"faces": {
				"north": {"uv": [8.625, 8.125, 9.875, 9.25], "texture": "#1"},
				"east": {"uv": [8.25, 8.125, 8.625, 9.25], "texture": "#1"},
				"south": {"uv": [10.25, 8.125, 11.5, 9.25], "texture": "#1"},
				"west": {"uv": [9.875, 8.125, 10.25, 9.25], "texture": "#1"},
				"up": {"uv": [9.875, 8.125, 8.625, 7.75], "texture": "#1"},
				"down": {"uv": [11.125, 7.75, 9.875, 8.125], "texture": "#1"}
			}
		},
		{
			"from": [10, 10, -2],
			"to": [13, 15, 1],
			"faces": {
				"north": {"uv": [0.375, 1.375, 0.75, 2], "texture": "#1"},
				"east": {"uv": [0, 1.375, 0.375, 2], "texture": "#1"},
				"south": {"uv": [1.125, 1.375, 1.5, 2], "texture": "#1"},
				"west": {"uv": [0.75, 1.375, 1.125, 2], "texture": "#1"},
				"up": {"uv": [0.75, 1.375, 0.375, 1], "texture": "#1"},
				"down": {"uv": [1.125, 1, 0.75, 1.375], "texture": "#1"}
			}
		},
		{
			"from": [10, 19, -2],
			"to": [13, 23, -1],
			"faces": {
				"north": {"uv": [3.625, 3.875, 4, 4.375], "texture": "#1"},
				"east": {"uv": [3.5, 3.875, 3.625, 4.375], "texture": "#1"},
				"south": {"uv": [4.125, 3.875, 4.5, 4.375], "texture": "#1"},
				"west": {"uv": [4, 3.875, 4.125, 4.375], "texture": "#1"},
				"up": {"uv": [4, 3.875, 3.625, 3.75], "texture": "#1"},
				"down": {"uv": [9.75, 0.125, 9.25, 0.25], "texture": "#1"}
			}
		},
		{
			"from": [9, 19, -1],
			"to": [24, 24, 1],
			"faces": {
				"north": {"uv": [5.75, 0.25, 7.625, 0.875], "texture": "#1"},
				"east": {"uv": [5.5, 0.25, 5.75, 0.875], "texture": "#1"},
				"south": {"uv": [7.875, 0.25, 9.75, 0.875], "texture": "#1"},
				"west": {"uv": [7.625, 0.25, 7.875, 0.875], "texture": "#1"},
				"up": {"uv": [7.625, 0.25, 5.75, 0], "texture": "#1"},
				"down": {"uv": [9.75, 0, 7.875, 0.25], "texture": "#1"}
			}
		},
		{
			"from": [7, 19, 0],
			"to": [9, 23, 16],
			"faces": {
				"north": {"uv": [7, 7.25, 7.25, 7.75], "texture": "#1"},
				"east": {"uv": [5, 7.25, 7, 7.75], "texture": "#1"},
				"south": {"uv": [9.25, 7.25, 9.5, 7.75], "texture": "#1"},
				"west": {"uv": [7.25, 7.25, 9.25, 7.75], "texture": "#1"},
				"up": {"uv": [7.25, 7.25, 7, 5.25], "texture": "#1"},
				"down": {"uv": [7.5, 5.25, 7.25, 7.25], "texture": "#1"}
			}
		},
		{
			"from": [13, 19, -2],
			"to": [23, 23, -1],
			"faces": {
				"north": {"uv": [7.625, 6.5, 8.875, 7], "texture": "#1"},
				"east": {"uv": [7.5, 6.5, 7.625, 7], "texture": "#1"},
				"south": {"uv": [9, 6.5, 10.25, 7], "texture": "#1"},
				"west": {"uv": [8.875, 6.5, 9, 7], "texture": "#1"},
				"up": {"uv": [8.875, 6.5, 7.625, 6.375], "texture": "#1"},
				"down": {"uv": [10.125, 6.375, 8.875, 6.5], "texture": "#1"}
			}
		},
		{
			"from": [8, 23, 0],
			"to": [9, 24, 16],
			"faces": {
				"north": {"uv": [4, 9.25, 4.125, 9.375], "texture": "#1"},
				"east": {"uv": [2, 9.25, 4, 9.375], "texture": "#1"},
				"south": {"uv": [6.125, 9.25, 6.25, 9.375], "texture": "#1"},
				"west": {"uv": [4.125, 9.25, 6.125, 9.375], "texture": "#1"},
				"up": {"uv": [4.125, 9.25, 4, 7.25], "texture": "#1"},
				"down": {"uv": [4.25, 7.25, 4.125, 9.25], "texture": "#1"}
			}
		},
		{
			"from": [9, 24, 0],
			"to": [23, 25, 16],
			"faces": {
				"north": {"uv": [2, 2, 3.75, 2.125], "texture": "#1"},
				"east": {"uv": [7.5625, 6.25, 9.1875, 6.375], "texture": "#1"},
				"south": {"uv": [5.75, 2, 7.5, 2.125], "texture": "#1"},
				"west": {"uv": [3.75, 2, 5.75, 2.125], "texture": "#1"},
				"up": {"uv": [3.75, 1.84375, 2, 0.15625], "texture": "#1"},
				"down": {"uv": [5.5, 0, 3.75, 2], "texture": "#1"}
			}
		},
		{
			"from": [11, 25, 2],
			"to": [21, 26, 14],
			"faces": {
				"north": {"uv": [4, 3.625, 5.25, 3.75], "texture": "#1"},
				"east": {"uv": [2.625, 3.625, 3.875, 3.75], "texture": "#1"},
				"south": {"uv": [6.75, 3.625, 8, 3.75], "texture": "#1"},
				"west": {"uv": [5.375, 3.625, 6.625, 3.75], "texture": "#1"},
				"up": {"uv": [5.25, 3.5, 4, 2.25], "texture": "#1"},
				"down": {"uv": [6.5, 2.125, 5.25, 3.625], "texture": "#1"}
			}
		},
		{
			"from": [23, 10, -1],
			"to": [24, 19, 17],
			"faces": {
				"north": {"uv": [0, 7.25, 0.375, 8.375], "texture": "#1"},
				"east": {"uv": [0, 7.25, 1.75, 8.375], "texture": "#1"},
				"south": {"uv": [0, 7.25, 0.375, 8.375], "texture": "#1"},
				"west": {"uv": [0, 7.25, 1.75, 8.375], "texture": "#1"},
				"up": {"uv": [0, 8, 1.75, 8.375], "rotation": 90, "texture": "#1"},
				"down": {"uv": [0, 8, 1.75, 8.375], "rotation": 90, "texture": "#1"}
			}
		},
		{
			"from": [23, 19, 1],
			"to": [24, 24, 15],
			"faces": {
				"north": {"uv": [8, 3.75, 8.125, 4.375], "texture": "#1"},
				"east": {"uv": [6.4375, 3.75, 7.8125, 4.25], "texture": "#1"},
				"south": {"uv": [10.125, 3.75, 10.25, 4.375], "texture": "#1"},
				"west": {"uv": [8.125, 3.75, 10.125, 4.375], "texture": "#1"},
				"up": {"uv": [7.6875, 6.25, 9.0625, 6.375], "rotation": 90, "texture": "#1"},
				"down": {"uv": [8.25, 1.75, 8.125, 3.75], "texture": "#1"}
			}
		},
		{
			"from": [13, 10, 15],
			"to": [23, 19, 18],
			"faces": {
				"north": {"uv": [8.625, 1.25, 9.875, 2.375], "texture": "#1"},
				"east": {"uv": [8.25, 1.25, 8.625, 2.375], "texture": "#1"},
				"south": {"uv": [10.25, 1.25, 11.5, 2.375], "texture": "#1"},
				"west": {"uv": [9.875, 1.25, 10.25, 2.375], "texture": "#1"},
				"up": {"uv": [9.875, 1.25, 8.625, 0.875], "texture": "#1"},
				"down": {"uv": [11.125, 0.875, 9.875, 1.25], "texture": "#1"}
			}
		},
		{
			"from": [13, 19, 15],
			"to": [24, 24, 17],
			"faces": {
				"north": {"uv": [5.5, 4.625, 6.75, 5.25], "texture": "#1"},
				"east": {"uv": [5.75, 0.25, 5.5, 0.875], "texture": "#1"},
				"south": {"uv": [7, 1, 8.25, 1.625], "texture": "#1"},
				"west": {"uv": [6.75, 4.625, 7, 5.25], "texture": "#1"},
				"up": {"uv": [6.75, 4.5, 5.5, 4.375], "texture": "#1"},
				"down": {"uv": [8, 4.375, 6.75, 4.625], "texture": "#1"}
			}
		},
		{
			"from": [10, 10, 15],
			"to": [13, 15, 18],
			"faces": {
				"north": {"uv": [0.375, 0.375, 0.75, 1], "texture": "#1"},
				"east": {"uv": [0, 0.375, 0.375, 1], "texture": "#1"},
				"south": {"uv": [1.125, 0.375, 1.5, 1], "texture": "#1"},
				"west": {"uv": [0.75, 0.375, 1.125, 1], "texture": "#1"},
				"up": {"uv": [0.75, 0.375, 0.375, 0], "texture": "#1"},
				"down": {"uv": [1.125, 0, 0.75, 0.375], "texture": "#1"}
			}
		},
		{
			"from": [10, 19, 17],
			"to": [13, 23, 18],
			"faces": {
				"north": {"uv": [2.625, 3.875, 3, 4.375], "texture": "#1"},
				"east": {"uv": [2.5, 3.875, 2.625, 4.375], "texture": "#1"},
				"south": {"uv": [3.125, 3.875, 3.5, 4.375], "texture": "#1"},
				"west": {"uv": [3, 3.875, 3.125, 4.375], "texture": "#1"},
				"up": {"uv": [3, 3.875, 2.625, 3.75], "texture": "#1"},
				"down": {"uv": [9.75, 0.125, 9.25, 0.25], "texture": "#1"}
			}
		},
		{
			"from": [13, 19, 17],
			"to": [23, 23, 18],
			"faces": {
				"north": {"uv": [5.625, 1, 6.875, 1.5], "texture": "#1"},
				"east": {"uv": [5.5, 1, 5.625, 1.5], "texture": "#1"},
				"south": {"uv": [7, 1, 8.25, 1.5], "texture": "#1"},
				"west": {"uv": [6.875, 1, 7, 1.5], "texture": "#1"},
				"up": {"uv": [6.875, 1, 5.625, 0.875], "texture": "#1"},
				"down": {"uv": [8.125, 0.875, 6.875, 1], "texture": "#1"}
			}
		},
		{
			"from": [21, 10, 1],
			"to": [23, 24, 15],
			"faces": {
				"north": {"uv": [4.75, 5.5, 5, 7.25], "texture": "#1"},
				"east": {"uv": [3, 5.5, 4.75, 7.25], "texture": "#1"},
				"south": {"uv": [6.75, 5.5, 7, 7.25], "texture": "#1"},
				"west": {"uv": [5, 5.5, 6.75, 7.25], "texture": "#1"},
				"up": {"uv": [5, 5.5, 4.75, 3.75], "texture": "#1"},
				"down": {"uv": [5.25, 3.75, 5, 5.5], "texture": "#1"}
			}
		},
		{
			"from": [9, 19, 15],
			"to": [13, 24, 17],
			"faces": {
				"north": {"uv": [2.75, 2.375, 3.25, 3], "texture": "#1"},
				"east": {"uv": [2.5, 2.375, 2.75, 3], "texture": "#1"},
				"south": {"uv": [3.5, 2.375, 4, 3], "texture": "#1"},
				"west": {"uv": [3.25, 2.375, 3.5, 3], "texture": "#1"},
				"up": {"uv": [3.25, 2.375, 2.75, 2.125], "texture": "#1"},
				"down": {"uv": [9.75, 0, 9, 0.25], "texture": "#1"}
			}
		}
	],
	"display": {
		"thirdperson_righthand": {
			"translation": [-2.75, -0.5, -1.5],
			"scale": [0.35, 0.35, 0.35]
		},
		"thirdperson_lefthand": {
			"rotation": [0, -180, 0],
			"translation": [-2.5, -0.5, -1.5],
			"scale": [0.35, 0.35, 0.35]
		},
		"firstperson_righthand": {
			"translation": [-2.75, -0.5, -1.5],
			"scale": [0.35, 0.35, 0.35]
		},
		"firstperson_lefthand": {
			"rotation": [0, -180, 0],
			"translation": [-2.75, -0.5, -1.5],
			"scale": [0.35, 0.35, 0.35]
		},
		"ground": {
			"scale": [0.55, 0.55, 0.55]
		},
		"gui": {
			"rotation": [20, 115, 0],
			"translation": [1.5, -5, 0],
			"scale": [0.5, 0.5, 0.5]
		},
		"head": {
			"rotation": [0, -90, 0],
			"translation": [0, -9, -7],
			"scale": [0.99, 1.08, 0.96]
		},
		"fixed": {
			"rotation": [0, -90.5, 0],
			"translation": [0, -6.5, -4],
			"scale": [0.75, 0.75, 0.75]
		}
	}
}