{
	"credit": "Made with Blockbench",
	"texture_size": [64, 64],
	"textures": {
		"0": "hats/hat/frog",
		"particle": "hats/hat/frog"
	},
	"elements": [
		{
			"from": [1, 18, 2.5],
			"to": [14, 19, 16.5],
			"faces": {
				"north": {"uv": [2.25, 10, 5.5, 10.25], "texture": "#0"},
				"east": {"uv": [9.5, 8, 13, 8.25], "texture": "#0"},
				"south": {"uv": [10, 8.5, 13.25, 8.75], "texture": "#0"},
				"west": {"uv": [9.5, 8.25, 13, 8.5], "texture": "#0"},
				"up": {"uv": [3.25, 3.5, 0, 0], "texture": "#0"},
				"down": {"uv": [6.5, 0, 3.25, 3.5], "texture": "#0"}
			}
		},
		{
			"from": [0, 12, 1.5],
			"to": [1, 19, 16.5],
			"faces": {
				"north": {"uv": [3.5, 10.25, 3.75, 12], "texture": "#0"},
				"east": {"uv": [0, 6, 3.75, 7.75], "texture": "#0"},
				"south": {"uv": [3.75, 10.25, 4, 12], "texture": "#0"},
				"west": {"uv": [3.75, 6, 7.5, 7.75], "texture": "#0"},
				"up": {"uv": [1.5, 13.75, 1.25, 10], "texture": "#0"},
				"down": {"uv": [1.75, 10, 1.5, 13.75], "texture": "#0"}
			}
		},
		{
			"from": [14, 12, 1.5],
			"to": [15, 19, 16.5],
			"faces": {
				"north": {"uv": [4, 10.25, 4.25, 12], "texture": "#0"},
				"east": {"uv": [6.5, 0, 10.25, 1.75], "texture": "#0"},
				"south": {"uv": [4.25, 10.25, 4.5, 12], "texture": "#0"},
				"west": {"uv": [6.5, 1.75, 10.25, 3.5], "texture": "#0"},
				"up": {"uv": [2, 13.75, 1.75, 10], "texture": "#0"},
				"down": {"uv": [2.25, 10, 2, 13.75], "texture": "#0"}
			}
		},
		{
			"from": [1, 8, 15.5],
			"to": [14, 18, 16.5],
			"faces": {
				"north": {"uv": [0, 3.5, 3.25, 6], "texture": "#0"},
				"east": {"uv": [10.25, 0, 10.5, 2.5], "texture": "#0"},
				"south": {"uv": [3.25, 3.5, 6.5, 6], "texture": "#0"},
				"west": {"uv": [2.25, 10.25, 2.5, 12.75], "texture": "#0"},
				"up": {"uv": [13.25, 9, 10, 8.75], "texture": "#0"},
				"down": {"uv": [13.25, 9, 10, 9.25], "texture": "#0"}
			}
		},
		{
			"from": [14, 10, 4],
			"to": [15, 12, 16.5],
			"faces": {
				"north": {"uv": [10.75, 1.25, 11, 1.75], "texture": "#0"},
				"east": {"uv": [0, 9, 3.25, 9.5], "texture": "#0"},
				"south": {"uv": [10.75, 1.75, 11, 2.25], "texture": "#0"},
				"west": {"uv": [3.25, 9, 6.5, 9.5], "texture": "#0"},
				"up": {"uv": [5.75, 13.25, 5.5, 10], "texture": "#0"},
				"down": {"uv": [6, 10, 5.75, 13.25], "texture": "#0"}
			}
		},
		{
			"from": [14, 5.5, 6],
			"to": [15, 10, 13.5],
			"faces": {
				"north": {"uv": [10.5, 0, 10.75, 1.25], "texture": "#0"},
				"east": {"uv": [7.5, 6, 9.5, 7.25], "texture": "#0"},
				"south": {"uv": [10.5, 1.25, 10.75, 2.5], "texture": "#0"},
				"west": {"uv": [7.5, 7.25, 9.5, 8.5], "texture": "#0"},
				"up": {"uv": [2.75, 12.25, 2.5, 10.25], "texture": "#0"},
				"down": {"uv": [3, 10.25, 2.75, 12.25], "texture": "#0"}
			}
		},
		{
			"from": [0, 10, 4],
			"to": [1, 12, 16.5],
			"faces": {
				"north": {"uv": [4.5, 10.75, 4.75, 11.25], "texture": "#0"},
				"east": {"uv": [0, 9.5, 3.25, 10], "texture": "#0"},
				"south": {"uv": [4.75, 10.75, 5, 11.25], "texture": "#0"},
				"west": {"uv": [3.25, 9.5, 6.5, 10], "texture": "#0"},
				"up": {"uv": [6.25, 13.25, 6, 10], "texture": "#0"},
				"down": {"uv": [6.5, 10, 6.25, 13.25], "texture": "#0"}
			}
		},
		{
			"from": [0, 5.25, 6],
			"to": [1, 10, 13.5],
			"faces": {
				"north": {"uv": [10.5, 9.75, 10.75, 11], "texture": "#0"},
				"east": {"uv": [0, 7.75, 2, 9], "texture": "#0"},
				"south": {"uv": [10.75, 0, 11, 1.25], "texture": "#0"},
				"west": {"uv": [2, 7.75, 4, 9], "texture": "#0"},
				"up": {"uv": [3.25, 12.25, 3, 10.25], "texture": "#0"},
				"down": {"uv": [3.5, 10.25, 3.25, 12.25], "texture": "#0"}
			}
		},
		{
			"from": [1, 13, 1.5],
			"to": [2, 14, 2.5],
			"faces": {
				"north": {"uv": [10.75, 2.25, 11, 2.5], "texture": "#0"},
				"east": {"uv": [7.25, 10.75, 7.5, 11], "texture": "#0"},
				"south": {"uv": [7.5, 10.75, 7.75, 11], "texture": "#0"},
				"west": {"uv": [7.75, 10.75, 8, 11], "texture": "#0"},
				"up": {"uv": [8.25, 11, 8, 10.75], "texture": "#0"},
				"down": {"uv": [8.5, 10.75, 8.25, 11], "texture": "#0"}
			}
		},
		{
			"from": [13, 13, 1.5],
			"to": [14, 14, 2.5],
			"faces": {
				"north": {"uv": [8.5, 10.75, 8.75, 11], "texture": "#0"},
				"east": {"uv": [8.75, 10.75, 9, 11], "texture": "#0"},
				"south": {"uv": [9, 10.75, 9.25, 11], "texture": "#0"},
				"west": {"uv": [9.25, 10.75, 9.5, 11], "texture": "#0"},
				"up": {"uv": [11, 9.5, 10.75, 9.25], "texture": "#0"},
				"down": {"uv": [9.75, 10.75, 9.5, 11], "texture": "#0"}
			}
		},
		{
			"from": [14, 8, 13.5],
			"to": [15, 10, 16.5],
			"faces": {
				"north": {"uv": [5, 10.75, 5.25, 11.25], "texture": "#0"},
				"east": {"uv": [10, 9.25, 10.75, 9.75], "texture": "#0"},
				"south": {"uv": [6.5, 10.75, 6.75, 11.25], "texture": "#0"},
				"west": {"uv": [10.25, 2.5, 11, 3], "texture": "#0"},
				"up": {"uv": [7.25, 8.5, 7, 7.75], "texture": "#0"},
				"down": {"uv": [7.5, 7.75, 7.25, 8.5], "texture": "#0"}
			}
		},
		{
			"from": [0, 8, 13.5],
			"to": [1, 10, 16.5],
			"faces": {
				"north": {"uv": [6.75, 10.75, 7, 11.25], "texture": "#0"},
				"east": {"uv": [10.25, 3, 11, 3.5], "texture": "#0"},
				"south": {"uv": [7, 10.75, 7.25, 11.25], "texture": "#0"},
				"west": {"uv": [4.5, 10.25, 5.25, 10.75], "texture": "#0"},
				"up": {"uv": [6.75, 9.75, 6.5, 9], "texture": "#0"},
				"down": {"uv": [7, 9, 6.75, 9.75], "texture": "#0"}
			}
		},
		{
			"from": [0, 19, 4],
			"to": [6, 23, 9],
			"faces": {
				"north": {"uv": [9.5, 6, 11, 7], "texture": "#0"},
				"east": {"uv": [6.5, 9.75, 7.75, 10.75], "texture": "#0"},
				"south": {"uv": [9.5, 7, 11, 8], "texture": "#0"},
				"west": {"uv": [7.75, 9.75, 9, 10.75], "texture": "#0"},
				"up": {"uv": [5.5, 9, 4, 7.75], "texture": "#0"},
				"down": {"uv": [7, 7.75, 5.5, 9], "texture": "#0"}
			}
		},
		{
			"from": [9, 19, 4],
			"to": [15, 23, 9],
			"faces": {
				"north": {"uv": [9.75, 3.5, 11.25, 4.5], "texture": "#0"},
				"east": {"uv": [9, 9.75, 10.25, 10.75], "texture": "#0"},
				"south": {"uv": [9.75, 4.5, 11.25, 5.5], "texture": "#0"},
				"west": {"uv": [0, 10, 1.25, 11], "texture": "#0"},
				"up": {"uv": [8.5, 9.75, 7, 8.5], "texture": "#0"},
				"down": {"uv": [10, 8.5, 8.5, 9.75], "texture": "#0"}
			}
		},
		{
			"from": [1, 14, 1.5],
			"to": [14, 19, 2.5],
			"faces": {
				"north": {"uv": [6.5, 3.5, 9.75, 4.75], "texture": "#0"},
				"east": {"uv": [5.25, 10.25, 5.5, 11.5], "texture": "#0"},
				"south": {"uv": [6.5, 4.75, 9.75, 6], "texture": "#0"},
				"west": {"uv": [10.25, 9.75, 10.5, 11], "texture": "#0"},
				"up": {"uv": [13, 5.75, 9.75, 5.5], "texture": "#0"},
				"down": {"uv": [13, 5.75, 9.75, 6], "texture": "#0"}
			}
		}
	],
	"display": {
		"thirdperson_righthand": {
			"scale": [0.5, 0.5, 0.5]
		},
		"thirdperson_lefthand": {
			"scale": [0.5, 0.5, 0.5]
		},
		"firstperson_righthand": {
			"translation": [0, -1.75, 0],
			"scale": [0.5, 0.5, 0.5]
		},
		"firstperson_lefthand": {
			"translation": [0, -1.75, 0],
			"scale": [0.5, 0.5, 0.5]
		},
		"ground": {
			"translation": [0, -2.25, 0],
			"scale": [0.5, 0.5, 0.5]
		},
		"gui": {
			"rotation": [13, -165, 0],
			"translation": [0, -4.75, 0],
			"scale": [0.75, 0.75, 0.75]
		},
		"head": {
			"translation": [0.75, -3.75, -1.25]
		},
		"fixed": {
			"translation": [0, -5.75, 0]
		}
	}
}