{
	"credit": "Made with Blockbench",
	"textures": {
		"1": "block/black_concrete",
		"2": "block/gray_concrete",
		"particle": "entity/steve"
	},
	"elements": [
		{
			"from": [14, 10, 7],
			"to": [16, 16, 9],
			"faces": {
				"north": {"uv": [0, 0, 16, 6], "texture": "#2"},
				"east": {"uv": [0, 0, 16, 6], "texture": "#2"},
				"south": {"uv": [0, 0, 16, 6], "texture": "#2"},
				"west": {"uv": [0, 0, 16, 6], "texture": "#2"},
				"up": {"uv": [0, 0, 16, 6], "texture": "#2"},
				"down": {"uv": [0, 0, 16, 6], "texture": "#2"}
			}
		},
		{
			"from": [0, 10, 7],
			"to": [2, 16, 9],
			"faces": {
				"north": {"uv": [0, 0, 16, 6], "texture": "#2"},
				"east": {"uv": [0, 0, 16, 6], "texture": "#2"},
				"south": {"uv": [0, 0, 16, 6], "texture": "#2"},
				"west": {"uv": [0, 0, 16, 6], "texture": "#2"},
				"up": {"uv": [0, 0, 16, 6], "texture": "#2"},
				"down": {"uv": [0, 0, 16, 6], "texture": "#2"}
			}
		},
		{
			"from": [1, 14, 7.001],
			"to": [15, 15.998, 8.999],
			"faces": {
				"north": {"uv": [0, 0, 16, 6], "texture": "#2"},
				"east": {"uv": [0, 0, 16, 6], "texture": "#2"},
				"south": {"uv": [0, 0, 16, 6], "texture": "#2"},
				"west": {"uv": [0, 0, 16, 6], "texture": "#2"},
				"up": {"uv": [0, 0, 16, 6], "texture": "#2"},
				"down": {"uv": [0, 0, 16, 6], "texture": "#2"}
			}
		},
		{
			"from": [13.2, 5, 5],
			"to": [16.8, 11, 11],
			"faces": {
				"north": {"uv": [0, 0, 16, 16], "texture": "#1"},
				"east": {"uv": [0, 0, 6, 6], "texture": "#1"},
				"south": {"uv": [0, 0, 16, 6], "texture": "#1"},
				"west": {"uv": [0, 0, 6, 6], "texture": "#1"},
				"up": {"uv": [0, 0, 16, 6], "texture": "#1"},
				"down": {"uv": [0, 0, 16, 6], "texture": "#1"}
			}
		},
		{
			"from": [-0.8, 5, 5],
			"to": [2.8, 11, 11],
			"faces": {
				"north": {"uv": [0, 0, 16, 16], "texture": "#1"},
				"east": {"uv": [0, 0, 6, 6], "texture": "#1"},
				"south": {"uv": [0, 0, 16, 6], "texture": "#1"},
				"west": {"uv": [0, 0, 6, 6], "texture": "#1"},
				"up": {"uv": [0, 0, 16, 6], "texture": "#1"},
				"down": {"uv": [0, 0, 16, 6], "texture": "#1"}
			}
		},
		{
			"from": [-0.5, 3, -1],
			"to": [0.5, 4, 8],
			"rotation": {"angle": -22.5, "axis": "x", "origin": [0, 0, 0]},
			"faces": {
				"north": {"uv": [0, 0, 1, 1], "texture": "#2"},
				"east": {"uv": [0, 0, 1, 1], "texture": "#2"},
				"south": {"uv": [0, 0, 1, 1], "texture": "#2"},
				"west": {"uv": [0, 0, 1, 1], "texture": "#2"},
				"up": {"uv": [0, 0, 1, 1], "texture": "#2"},
				"down": {"uv": [0, 0, 1, 1], "texture": "#2"}
			}
		},
		{
			"from": [0.5, 3, -1],
			"to": [2.5, 4, 0],
			"rotation": {"angle": -22.5, "axis": "x", "origin": [0, 0, 0]},
			"faces": {
				"north": {"uv": [0, 0, 1, 1], "texture": "#2"},
				"east": {"uv": [0, 0, 1, 1], "texture": "#2"},
				"south": {"uv": [0, 0, 1, 1], "texture": "#2"},
				"west": {"uv": [0, 0, 1, 1], "texture": "#2"},
				"up": {"uv": [0, 0, 1, 1], "texture": "#2"},
				"down": {"uv": [0, 0, 1, 1], "texture": "#2"}
			}
		},
		{
			"from": [1.5, 2.4, -1.5],
			"to": [6, 4.5, 0.5],
			"rotation": {"angle": -22.5, "axis": "x", "origin": [0, 0, 0]},
			"faces": {
				"north": {"uv": [0, 0, 1, 1], "texture": "#1"},
				"east": {"uv": [0, 0, 1, 1], "texture": "#1"},
				"south": {"uv": [0, 0, 1, 1], "texture": "#1"},
				"west": {"uv": [0, 0, 1, 1], "texture": "#1"},
				"up": {"uv": [0, 0, 1, 1], "texture": "#1"},
				"down": {"uv": [0, 0, 1, 1], "texture": "#1"}
			}
		}
	],
	"display": {
		"thirdperson_righthand": {
			"translation": [0, -4, 0],
			"scale": [-0.5, 0.5, 0.5]
		},
		"thirdperson_lefthand": {
			"translation": [0, -4, 0],
			"scale": [0.5, 0.5, 0.5]
		},
		"firstperson_righthand": {
			"translation": [0, 2, 2.25],
			"scale": [0.5, 0.5, 0.5]
		},
		"firstperson_lefthand": {
			"translation": [0, 2, 2.25],
			"scale": [0.5, 0.5, 0.5]
		},
		"ground": {
			"scale": [0.5, 0.5, 0.5]
		},
		"gui": {
			"rotation": [23, 36, 0],
			"translation": [0, 0.25, 0],
			"scale": [0.75, 0.75, -0.75]
		}
	}
}