{
	"credit": "Made with Blockbench",
	"textures": {
		"3": "block/gold_block"
	},
	"elements": [
		{
			"from": [-1, 14, -1],
			"to": [17, 15.21, 17],
			"faces": {
				"north": {"uv": [0, 8, 16, 12], "texture": "#3", "cullface": "north"},
				"east": {"uv": [0, 8, 16, 12], "texture": "#3", "cullface": "north"},
				"south": {"uv": [0, 8, 16, 12], "texture": "#3", "cullface": "north"},
				"west": {"uv": [0, 8, 16, 12], "texture": "#3", "cullface": "north"},
				"up": {"uv": [0, 0, 16, 16], "texture": "#3", "cullface": "north"},
				"down": {"uv": [0, 0, 16, 16], "texture": "#3", "cullface": "north"}
			}
		},
		{
			"from": [2, 15.2, 2],
			"to": [14, 22, 14],
			"faces": {
				"north": {"uv": [0, 0, 16, 7], "texture": "#3", "cullface": "north"},
				"east": {"uv": [0, 0, 16, 7], "texture": "#3", "cullface": "north"},
				"south": {"uv": [0, 0, 16, 7], "texture": "#3", "cullface": "north"},
				"west": {"uv": [0, 0, 16, 7], "texture": "#3", "cullface": "north"},
				"up": {"uv": [0, 0, 16, 16], "texture": "#3", "cullface": "north"},
				"down": {"uv": [0, 0, 16, 7], "texture": "#3", "cullface": "north"}
			}
		}
	],
	"display": {
		"thirdperson_righthand": {
			"translation": [0, -3, 0],
			"scale": [0.5, 0.5, 0.5]
		},
		"thirdperson_lefthand": {
			"translation": [0, -3, 0],
			"scale": [0.5, 0.5, 0.5]
		},
		"firstperson_righthand": {
			"scale": [0.5, 0.5, 0.5]
		},
		"firstperson_lefthand": {
			"scale": [0.5, 0.5, 0.5]
		},
		"ground": {
			"translation": [0, -6.25, 0],
			"scale": [0.5, 0.5, 0.5]
		},
		"gui": {
			"rotation": [18, -150, 0],
			"translation": [0, -5.75, 0],
			"scale": [0.65, 0.65, 0.65]
		},
		"fixed": {
			"translation": [0, -9.25, 0]
		}
	}
}