{
	"credit": "Made with Blockbench",
	"texture_size": [32, 32],
	"textures": {
		"0": "hats/hat/Hermes",
		"particle": "hats/hat/Hermes"
	},
	"elements": [
		{
			"from": [5, 12, 6],
			"to": [11, 13, 10],
			"rotation": {"angle": 0, "axis": "y", "origin": [-1, 0, 0]},
			"faces": {
				"north": {"uv": [2, 2, 5, 2.5], "texture": "#0"},
				"east": {"uv": [0, 2, 2, 2.5], "texture": "#0"},
				"south": {"uv": [7, 2, 10, 2.5], "texture": "#0"},
				"west": {"uv": [5, 2, 7, 2.5], "texture": "#0"},
				"up": {"uv": [5, 2, 2, 0], "texture": "#0"},
				"down": {"uv": [8, 0, 5, 2], "texture": "#0"}
			}
		},
		{
			"from": [4, 8, 5],
			"to": [12, 13, 6],
			"rotation": {"angle": 0, "axis": "y", "origin": [-1, 0, 0]},
			"faces": {
				"north": {"uv": [0.5, 3.5, 4.5, 6], "texture": "#0"},
				"east": {"uv": [0, 3.5, 0.5, 6], "texture": "#0"},
				"south": {"uv": [5, 3.5, 9, 6], "texture": "#0"},
				"west": {"uv": [4.5, 3.5, 5, 6], "texture": "#0"},
				"up": {"uv": [4.5, 3.5, 0.5, 3], "texture": "#0"},
				"down": {"uv": [8.5, 3, 4.5, 3.5], "texture": "#0"}
			}
		},
		{
			"from": [4, 8, 6],
			"to": [5, 13, 10],
			"rotation": {"angle": 0, "axis": "y", "origin": [-1, 0, 0]},
			"faces": {
				"north": {"uv": [7.5, 8.5, 8, 11], "texture": "#0"},
				"east": {"uv": [5.5, 8.5, 7.5, 11], "texture": "#0"},
				"south": {"uv": [10, 8.5, 10.5, 11], "texture": "#0"},
				"west": {"uv": [8, 8.5, 10, 11], "texture": "#0"},
				"up": {"uv": [8, 8.5, 7.5, 6.5], "texture": "#0"},
				"down": {"uv": [8.5, 6.5, 8, 8.5], "texture": "#0"}
			}
		},
		{
			"from": [11, 8, 6],
			"to": [12, 13, 10],
			"rotation": {"angle": 0, "axis": "y", "origin": [-1, 0, 0]},
			"faces": {
				"north": {"uv": [2, 8.5, 2.5, 11], "texture": "#0"},
				"east": {"uv": [0, 8.5, 2, 11], "texture": "#0"},
				"south": {"uv": [4.5, 8.5, 5, 11], "texture": "#0"},
				"west": {"uv": [2.5, 8.5, 4.5, 11], "texture": "#0"},
				"up": {"uv": [2.5, 8.5, 2, 6.5], "texture": "#0"},
				"down": {"uv": [3, 6.5, 2.5, 8.5], "texture": "#0"}
			}
		},
		{
			"from": [12, 11, 9],
			"to": [13, 16, 12],
			"rotation": {"angle": 22.5, "axis": "y", "origin": [12.5, 13.5, 8]},
			"faces": {
				"north": {"uv": [6, 13, 6.5, 15.5], "texture": "#0"},
				"east": {"uv": [4.5, 13, 6, 15.5], "texture": "#0"},
				"south": {"uv": [8, 13, 8.5, 15.5], "texture": "#0"},
				"west": {"uv": [6.5, 13, 8, 15.5], "texture": "#0"},
				"up": {"uv": [6.5, 13, 6, 11.5], "texture": "#0"},
				"down": {"uv": [7, 11.5, 6.5, 13], "texture": "#0"}
			}
		},
		{
			"from": [12, 10, 6],
			"to": [13, 15, 9],
			"rotation": {"angle": 22.5, "axis": "y", "origin": [12.5, 13.5, 8]},
			"faces": {
				"north": {"uv": [1.5, 13, 2, 15.5], "texture": "#0"},
				"east": {"uv": [0, 13, 1.5, 15.5], "texture": "#0"},
				"south": {"uv": [3.5, 13, 4, 15.5], "texture": "#0"},
				"west": {"uv": [2, 13, 3.5, 15.5], "texture": "#0"},
				"up": {"uv": [2, 13, 1.5, 11.5], "texture": "#0"},
				"down": {"uv": [2.5, 11.5, 2, 13], "texture": "#0"}
			}
		},
		{
			"from": [1.31777, 11, 9.61803],
			"to": [2.31777, 16, 12.61803],
			"rotation": {"angle": -22.5, "axis": "y", "origin": [4.56777, 13, 12.36803]},
			"faces": {
				"north": {"uv": [11, 11.5, 11.5, 14], "texture": "#0"},
				"east": {"uv": [9.5, 11.5, 11, 14], "texture": "#0"},
				"south": {"uv": [13, 11.5, 13.5, 14], "texture": "#0"},
				"west": {"uv": [11.5, 11.5, 13, 14], "texture": "#0"},
				"up": {"uv": [11.5, 11.5, 11, 10], "texture": "#0"},
				"down": {"uv": [12, 10, 11.5, 11.5], "texture": "#0"}
			}
		},
		{
			"from": [1.31777, 10, 6.61803],
			"to": [2.31777, 15, 9.61803],
			"rotation": {"angle": -22.5, "axis": "y", "origin": [4.56777, 13, 12.36803]},
			"faces": {
				"north": {"uv": [11, 3, 11.5, 5.5], "texture": "#0"},
				"east": {"uv": [9.5, 3, 11, 5.5], "texture": "#0"},
				"south": {"uv": [13, 3, 13.5, 5.5], "texture": "#0"},
				"west": {"uv": [11.5, 3, 13, 5.5], "texture": "#0"},
				"up": {"uv": [11.5, 3, 11, 1.5], "texture": "#0"},
				"down": {"uv": [12, 1.5, 11.5, 3], "texture": "#0"}
			}
		}
	],
	"display": {
		"ground": {
			"translation": [0, -4, 0]
		},
		"gui": {
			"rotation": [24, 134, 0],
			"translation": [-0.25, -3.5, 0]
		},
		"head": {
			"translation": [0, 0, -1.75],
			"scale": [1.93945, 1.48047, 1.9375]
		},
		"fixed": {
			"rotation": [-26, -17, 36],
			"translation": [3.25, -4.75, -2.25],
			"scale": [2, 2, 2]
		}
	},
	"groups": [
		{
			"name": "group",
			"origin": [8, 8, 8],
			"color": 0,
			"children": [
				{
					"name": "head",
					"origin": [0, 0, 0],
					"color": 0,
					"children": [0, 1, 2, 3]
				},
				{
					"name": "rightwing",
					"origin": [13.5, 13.5, 8],
					"color": 0,
					"children": [4, 5]
				},
				{
					"name": "leftwing",
					"origin": [13.5, 13.5, 8],
					"color": 0,
					"children": [6, 7]
				}
			]
		}
	]
}