{
	"credit": "Made with Blockbench",
	"textures": {
		"0": "block/black_concrete",
		"particle": "block/black_concrete"
	},
	"elements": [
		{
			"from": [1, 15, 11],
			"to": [2, 16, 18],
			"rotation": {"angle": 0, "axis": "y", "origin": [-6, 7, 6]},
			"faces": {
				"north": {"uv": [0, 0, 16, 16], "texture": "#0"},
				"east": {"uv": [0, 0, 1, 1], "texture": "#0"},
				"south": {"uv": [0, 0, 1, 1], "texture": "#0"},
				"west": {"uv": [0, 0, 1, 1], "texture": "#0"},
				"up": {"uv": [0, 0, 1, 1], "texture": "#0"},
				"down": {"uv": [0, 0, 1, 1], "texture": "#0"}
			}
		},
		{
			"from": [14, 15, 11],
			"to": [15, 16, 18],
			"rotation": {"angle": 0, "axis": "y", "origin": [22, 7, 6]},
			"faces": {
				"north": {"uv": [16, 0, 0, 16], "texture": "#0"},
				"east": {"uv": [1, 0, 0, 1], "texture": "#0"},
				"south": {"uv": [1, 0, 0, 1], "texture": "#0"},
				"west": {"uv": [1, 0, 0, 1], "texture": "#0"},
				"up": {"uv": [1, 0, 0, 1], "texture": "#0"},
				"down": {"uv": [1, 0, 0, 1], "texture": "#0"}
			}
		},
		{
			"from": [1, 14, 10],
			"to": [2, 15, 12],
			"rotation": {"angle": 0, "axis": "y", "origin": [-6, 7, 6]},
			"faces": {
				"north": {"uv": [0, 0, 16, 16], "texture": "#0"},
				"east": {"uv": [0, 0, 1, 1], "texture": "#0"},
				"south": {"uv": [0, 0, 1, 1], "texture": "#0"},
				"west": {"uv": [0, 0, 1, 1], "texture": "#0"},
				"up": {"uv": [0, 0, 1, 1], "texture": "#0"},
				"down": {"uv": [0, 0, 1, 1], "texture": "#0"}
			}
		},
		{
			"from": [14, 14, 10],
			"to": [15, 15, 12],
			"rotation": {"angle": 0, "axis": "y", "origin": [22, 7, 6]},
			"faces": {
				"north": {"uv": [16, 0, 0, 16], "texture": "#0"},
				"east": {"uv": [1, 0, 0, 1], "texture": "#0"},
				"south": {"uv": [1, 0, 0, 1], "texture": "#0"},
				"west": {"uv": [1, 0, 0, 1], "texture": "#0"},
				"up": {"uv": [1, 0, 0, 1], "texture": "#0"},
				"down": {"uv": [1, 0, 0, 1], "texture": "#0"}
			}
		},
		{
			"from": [1, 16, 12],
			"to": [2, 17, 14],
			"rotation": {"angle": 0, "axis": "y", "origin": [-6, 7, 6]},
			"faces": {
				"north": {"uv": [0, 0, 16, 16], "texture": "#0"},
				"east": {"uv": [0, 0, 1, 1], "texture": "#0"},
				"south": {"uv": [0, 0, 1, 1], "texture": "#0"},
				"west": {"uv": [0, 0, 1, 1], "texture": "#0"},
				"up": {"uv": [0, 0, 1, 1], "texture": "#0"},
				"down": {"uv": [0, 0, 1, 1], "texture": "#0"}
			}
		},
		{
			"from": [14, 16, 12],
			"to": [15, 17, 14],
			"rotation": {"angle": 0, "axis": "y", "origin": [22, 7, 6]},
			"faces": {
				"north": {"uv": [16, 0, 0, 16], "texture": "#0"},
				"east": {"uv": [1, 0, 0, 1], "texture": "#0"},
				"south": {"uv": [1, 0, 0, 1], "texture": "#0"},
				"west": {"uv": [1, 0, 0, 1], "texture": "#0"},
				"up": {"uv": [1, 0, 0, 1], "texture": "#0"},
				"down": {"uv": [1, 0, 0, 1], "texture": "#0"}
			}
		},
		{
			"from": [1, 17, 14],
			"to": [2, 18, 17],
			"rotation": {"angle": 0, "axis": "y", "origin": [-6, 7, 6]},
			"faces": {
				"north": {"uv": [0, 0, 16, 16], "texture": "#0"},
				"east": {"uv": [0, 0, 1, 1], "texture": "#0"},
				"south": {"uv": [0, 0, 1, 1], "texture": "#0"},
				"west": {"uv": [0, 0, 1, 1], "texture": "#0"},
				"up": {"uv": [0, 0, 1, 1], "texture": "#0"},
				"down": {"uv": [0, 0, 1, 1], "texture": "#0"}
			}
		},
		{
			"from": [14, 17, 14],
			"to": [15, 18, 17],
			"rotation": {"angle": 0, "axis": "y", "origin": [22, 7, 6]},
			"faces": {
				"north": {"uv": [16, 0, 0, 16], "texture": "#0"},
				"east": {"uv": [1, 0, 0, 1], "texture": "#0"},
				"south": {"uv": [1, 0, 0, 1], "texture": "#0"},
				"west": {"uv": [1, 0, 0, 1], "texture": "#0"},
				"up": {"uv": [1, 0, 0, 1], "texture": "#0"},
				"down": {"uv": [1, 0, 0, 1], "texture": "#0"}
			}
		},
		{
			"from": [2, 14, 11],
			"to": [3, 15, 12],
			"rotation": {"angle": 0, "axis": "y", "origin": [-4, 7, 6]},
			"faces": {
				"north": {"uv": [0, 0, 16, 16], "texture": "#0"},
				"east": {"uv": [0, 0, 1, 1], "texture": "#0"},
				"south": {"uv": [0, 0, 1, 1], "texture": "#0"},
				"west": {"uv": [0, 0, 1, 1], "texture": "#0"},
				"up": {"uv": [0, 0, 1, 1], "texture": "#0"},
				"down": {"uv": [0, 0, 1, 1], "texture": "#0"}
			}
		},
		{
			"from": [13, 14, 11],
			"to": [14, 15, 12],
			"rotation": {"angle": 0, "axis": "y", "origin": [20, 7, 6]},
			"faces": {
				"north": {"uv": [16, 0, 0, 16], "texture": "#0"},
				"east": {"uv": [1, 0, 0, 1], "texture": "#0"},
				"south": {"uv": [1, 0, 0, 1], "texture": "#0"},
				"west": {"uv": [1, 0, 0, 1], "texture": "#0"},
				"up": {"uv": [1, 0, 0, 1], "texture": "#0"},
				"down": {"uv": [1, 0, 0, 1], "texture": "#0"}
			}
		},
		{
			"from": [2, 15, 12],
			"to": [3, 16, 14],
			"rotation": {"angle": 0, "axis": "y", "origin": [-4, 7, 6]},
			"faces": {
				"north": {"uv": [0, 0, 16, 16], "texture": "#0"},
				"east": {"uv": [0, 0, 1, 1], "texture": "#0"},
				"south": {"uv": [0, 0, 1, 1], "texture": "#0"},
				"west": {"uv": [0, 0, 1, 1], "texture": "#0"},
				"up": {"uv": [0, 0, 1, 1], "texture": "#0"},
				"down": {"uv": [0, 0, 1, 1], "texture": "#0"}
			}
		},
		{
			"from": [13, 15, 12],
			"to": [14, 16, 14],
			"rotation": {"angle": 0, "axis": "y", "origin": [20, 7, 6]},
			"faces": {
				"north": {"uv": [16, 0, 0, 16], "texture": "#0"},
				"east": {"uv": [1, 0, 0, 1], "texture": "#0"},
				"south": {"uv": [1, 0, 0, 1], "texture": "#0"},
				"west": {"uv": [1, 0, 0, 1], "texture": "#0"},
				"up": {"uv": [1, 0, 0, 1], "texture": "#0"},
				"down": {"uv": [1, 0, 0, 1], "texture": "#0"}
			}
		},
		{
			"from": [2, 16, 14],
			"to": [3, 17, 18],
			"rotation": {"angle": 0, "axis": "y", "origin": [-4, 7, 6]},
			"faces": {
				"north": {"uv": [0, 0, 16, 16], "texture": "#0"},
				"east": {"uv": [0, 0, 1, 1], "texture": "#0"},
				"south": {"uv": [0, 0, 1, 1], "texture": "#0"},
				"west": {"uv": [0, 0, 1, 1], "texture": "#0"},
				"up": {"uv": [0, 0, 1, 1], "texture": "#0"},
				"down": {"uv": [0, 0, 1, 1], "texture": "#0"}
			}
		},
		{
			"from": [13, 16, 14],
			"to": [14, 17, 18],
			"rotation": {"angle": 0, "axis": "y", "origin": [20, 7, 6]},
			"faces": {
				"north": {"uv": [16, 0, 0, 16], "texture": "#0"},
				"east": {"uv": [1, 0, 0, 1], "texture": "#0"},
				"south": {"uv": [1, 0, 0, 1], "texture": "#0"},
				"west": {"uv": [1, 0, 0, 1], "texture": "#0"},
				"up": {"uv": [1, 0, 0, 1], "texture": "#0"},
				"down": {"uv": [1, 0, 0, 1], "texture": "#0"}
			}
		},
		{
			"from": [-1, 17, 17],
			"to": [3, 18, 19],
			"rotation": {"angle": 0, "axis": "y", "origin": [-4, 7, 6]},
			"faces": {
				"north": {"uv": [0, 0, 16, 16], "texture": "#0"},
				"east": {"uv": [0, 0, 1, 1], "texture": "#0"},
				"south": {"uv": [0, 0, 1, 1], "texture": "#0"},
				"west": {"uv": [0, 0, 1, 1], "texture": "#0"},
				"up": {"uv": [0, 0, 1, 1], "texture": "#0"},
				"down": {"uv": [0, 0, 1, 1], "texture": "#0"}
			}
		},
		{
			"from": [13, 17, 17],
			"to": [17, 18, 19],
			"rotation": {"angle": 0, "axis": "y", "origin": [20, 7, 6]},
			"faces": {
				"north": {"uv": [16, 0, 0, 16], "texture": "#0"},
				"east": {"uv": [1, 0, 0, 1], "texture": "#0"},
				"south": {"uv": [1, 0, 0, 1], "texture": "#0"},
				"west": {"uv": [1, 0, 0, 1], "texture": "#0"},
				"up": {"uv": [1, 0, 0, 1], "texture": "#0"},
				"down": {"uv": [1, 0, 0, 1], "texture": "#0"}
			}
		},
		{
			"from": [1, 16, 18],
			"to": [2, 17, 19],
			"rotation": {"angle": 0, "axis": "y", "origin": [-6, 7, 6]},
			"faces": {
				"north": {"uv": [0, 0, 16, 16], "texture": "#0"},
				"east": {"uv": [0, 0, 1, 1], "texture": "#0"},
				"south": {"uv": [0, 0, 1, 1], "texture": "#0"},
				"west": {"uv": [0, 0, 1, 1], "texture": "#0"},
				"up": {"uv": [0, 0, 1, 1], "texture": "#0"},
				"down": {"uv": [0, 0, 1, 1], "texture": "#0"}
			}
		},
		{
			"from": [14, 16, 18],
			"to": [15, 17, 19],
			"rotation": {"angle": 0, "axis": "y", "origin": [22, 7, 6]},
			"faces": {
				"north": {"uv": [16, 0, 0, 16], "texture": "#0"},
				"east": {"uv": [1, 0, 0, 1], "texture": "#0"},
				"south": {"uv": [1, 0, 0, 1], "texture": "#0"},
				"west": {"uv": [1, 0, 0, 1], "texture": "#0"},
				"up": {"uv": [1, 0, 0, 1], "texture": "#0"},
				"down": {"uv": [1, 0, 0, 1], "texture": "#0"}
			}
		},
		{
			"from": [1, 17, 19],
			"to": [2, 18, 21],
			"rotation": {"angle": 0, "axis": "y", "origin": [-6, 7, 6]},
			"faces": {
				"north": {"uv": [0, 0, 16, 16], "texture": "#0"},
				"east": {"uv": [0, 0, 1, 1], "texture": "#0"},
				"south": {"uv": [0, 0, 1, 1], "texture": "#0"},
				"west": {"uv": [0, 0, 1, 1], "texture": "#0"},
				"up": {"uv": [0, 0, 1, 1], "texture": "#0"},
				"down": {"uv": [0, 0, 1, 1], "texture": "#0"}
			}
		},
		{
			"from": [14, 17, 19],
			"to": [15, 18, 21],
			"rotation": {"angle": 0, "axis": "y", "origin": [22, 7, 6]},
			"faces": {
				"north": {"uv": [16, 0, 0, 16], "texture": "#0"},
				"east": {"uv": [1, 0, 0, 1], "texture": "#0"},
				"south": {"uv": [1, 0, 0, 1], "texture": "#0"},
				"west": {"uv": [1, 0, 0, 1], "texture": "#0"},
				"up": {"uv": [1, 0, 0, 1], "texture": "#0"},
				"down": {"uv": [1, 0, 0, 1], "texture": "#0"}
			}
		},
		{
			"from": [0, 17, 21],
			"to": [1, 18, 22],
			"rotation": {"angle": 0, "axis": "y", "origin": [-8, 7, 6]},
			"faces": {
				"north": {"uv": [0, 0, 16, 16], "texture": "#0"},
				"east": {"uv": [0, 0, 1, 1], "texture": "#0"},
				"south": {"uv": [0, 0, 1, 1], "texture": "#0"},
				"west": {"uv": [0, 0, 1, 1], "texture": "#0"},
				"up": {"uv": [0, 0, 1, 1], "texture": "#0"},
				"down": {"uv": [0, 0, 1, 1], "texture": "#0"}
			}
		},
		{
			"from": [15, 17, 21],
			"to": [16, 18, 22],
			"rotation": {"angle": 0, "axis": "y", "origin": [24, 7, 6]},
			"faces": {
				"north": {"uv": [16, 0, 0, 16], "texture": "#0"},
				"east": {"uv": [1, 0, 0, 1], "texture": "#0"},
				"south": {"uv": [1, 0, 0, 1], "texture": "#0"},
				"west": {"uv": [1, 0, 0, 1], "texture": "#0"},
				"up": {"uv": [1, 0, 0, 1], "texture": "#0"},
				"down": {"uv": [1, 0, 0, 1], "texture": "#0"}
			}
		},
		{
			"from": [-3, 18, 21],
			"to": [-2, 19, 24],
			"rotation": {"angle": 0, "axis": "y", "origin": [-14, 7, 6]},
			"faces": {
				"north": {"uv": [0, 0, 16, 16], "texture": "#0"},
				"east": {"uv": [0, 0, 1, 1], "texture": "#0"},
				"south": {"uv": [0, 0, 1, 1], "texture": "#0"},
				"west": {"uv": [0, 0, 1, 1], "texture": "#0"},
				"up": {"uv": [0, 0, 1, 1], "texture": "#0"},
				"down": {"uv": [0, 0, 1, 1], "texture": "#0"}
			}
		},
		{
			"from": [18, 18, 21],
			"to": [19, 19, 24],
			"rotation": {"angle": 0, "axis": "y", "origin": [30, 7, 6]},
			"faces": {
				"north": {"uv": [16, 0, 0, 16], "texture": "#0"},
				"east": {"uv": [1, 0, 0, 1], "texture": "#0"},
				"south": {"uv": [1, 0, 0, 1], "texture": "#0"},
				"west": {"uv": [1, 0, 0, 1], "texture": "#0"},
				"up": {"uv": [1, 0, 0, 1], "texture": "#0"},
				"down": {"uv": [1, 0, 0, 1], "texture": "#0"}
			}
		},
		{
			"from": [-1, 18, 19],
			"to": [0, 19, 23],
			"rotation": {"angle": 0, "axis": "y", "origin": [-10, 7, 6]},
			"faces": {
				"north": {"uv": [0, 0, 16, 16], "texture": "#0"},
				"east": {"uv": [0, 0, 1, 1], "texture": "#0"},
				"south": {"uv": [0, 0, 1, 1], "texture": "#0"},
				"west": {"uv": [0, 0, 1, 1], "texture": "#0"},
				"up": {"uv": [0, 0, 1, 1], "texture": "#0"},
				"down": {"uv": [0, 0, 1, 1], "texture": "#0"}
			}
		},
		{
			"from": [16, 18, 19],
			"to": [17, 19, 23],
			"rotation": {"angle": 0, "axis": "y", "origin": [26, 7, 6]},
			"faces": {
				"north": {"uv": [16, 0, 0, 16], "texture": "#0"},
				"east": {"uv": [1, 0, 0, 1], "texture": "#0"},
				"south": {"uv": [1, 0, 0, 1], "texture": "#0"},
				"west": {"uv": [1, 0, 0, 1], "texture": "#0"},
				"up": {"uv": [1, 0, 0, 1], "texture": "#0"},
				"down": {"uv": [1, 0, 0, 1], "texture": "#0"}
			}
		},
		{
			"from": [-2, 18, 20],
			"to": [-1, 19, 24],
			"rotation": {"angle": 0, "axis": "y", "origin": [-12, 7, 6]},
			"faces": {
				"north": {"uv": [0, 0, 16, 16], "texture": "#0"},
				"east": {"uv": [0, 0, 1, 1], "texture": "#0"},
				"south": {"uv": [0, 0, 1, 1], "texture": "#0"},
				"west": {"uv": [0, 0, 1, 1], "texture": "#0"},
				"up": {"uv": [0, 0, 1, 1], "texture": "#0"},
				"down": {"uv": [0, 0, 1, 1], "texture": "#0"}
			}
		},
		{
			"from": [17, 18, 20],
			"to": [18, 19, 24],
			"rotation": {"angle": 0, "axis": "y", "origin": [28, 7, 6]},
			"faces": {
				"north": {"uv": [16, 0, 0, 16], "texture": "#0"},
				"east": {"uv": [1, 0, 0, 1], "texture": "#0"},
				"south": {"uv": [1, 0, 0, 1], "texture": "#0"},
				"west": {"uv": [1, 0, 0, 1], "texture": "#0"},
				"up": {"uv": [1, 0, 0, 1], "texture": "#0"},
				"down": {"uv": [1, 0, 0, 1], "texture": "#0"}
			}
		},
		{
			"from": [-2, 19, 21],
			"to": [-1, 20, 25],
			"rotation": {"angle": 0, "axis": "y", "origin": [-12, 7, 6]},
			"faces": {
				"north": {"uv": [0, 0, 16, 16], "texture": "#0"},
				"east": {"uv": [0, 0, 1, 1], "texture": "#0"},
				"south": {"uv": [0, 0, 1, 1], "texture": "#0"},
				"west": {"uv": [0, 0, 1, 1], "texture": "#0"},
				"up": {"uv": [0, 0, 1, 1], "texture": "#0"},
				"down": {"uv": [0, 0, 1, 1], "texture": "#0"}
			}
		},
		{
			"from": [17, 19, 21],
			"to": [18, 20, 25],
			"rotation": {"angle": 0, "axis": "y", "origin": [28, 7, 6]},
			"faces": {
				"north": {"uv": [16, 0, 0, 16], "texture": "#0"},
				"east": {"uv": [1, 0, 0, 1], "texture": "#0"},
				"south": {"uv": [1, 0, 0, 1], "texture": "#0"},
				"west": {"uv": [1, 0, 0, 1], "texture": "#0"},
				"up": {"uv": [1, 0, 0, 1], "texture": "#0"},
				"down": {"uv": [1, 0, 0, 1], "texture": "#0"}
			}
		},
		{
			"from": [-3, 19, 22],
			"to": [-2, 20, 26],
			"rotation": {"angle": 0, "axis": "y", "origin": [-14, 7, 6]},
			"faces": {
				"north": {"uv": [0, 0, 16, 16], "texture": "#0"},
				"east": {"uv": [0, 0, 1, 1], "texture": "#0"},
				"south": {"uv": [0, 0, 1, 1], "texture": "#0"},
				"west": {"uv": [0, 0, 1, 1], "texture": "#0"},
				"up": {"uv": [0, 0, 1, 1], "texture": "#0"},
				"down": {"uv": [0, 0, 1, 1], "texture": "#0"}
			}
		},
		{
			"from": [18, 19, 22],
			"to": [19, 20, 26],
			"rotation": {"angle": 0, "axis": "y", "origin": [30, 7, 6]},
			"faces": {
				"north": {"uv": [16, 0, 0, 16], "texture": "#0"},
				"east": {"uv": [1, 0, 0, 1], "texture": "#0"},
				"south": {"uv": [1, 0, 0, 1], "texture": "#0"},
				"west": {"uv": [1, 0, 0, 1], "texture": "#0"},
				"up": {"uv": [1, 0, 0, 1], "texture": "#0"},
				"down": {"uv": [1, 0, 0, 1], "texture": "#0"}
			}
		},
		{
			"from": [-3, 20, 23],
			"to": [-2, 21, 28],
			"rotation": {"angle": 0, "axis": "y", "origin": [-14, 7, 6]},
			"faces": {
				"north": {"uv": [0, 0, 16, 16], "texture": "#0"},
				"east": {"uv": [0, 0, 1, 1], "texture": "#0"},
				"south": {"uv": [0, 0, 1, 1], "texture": "#0"},
				"west": {"uv": [0, 0, 1, 1], "texture": "#0"},
				"up": {"uv": [0, 0, 1, 1], "texture": "#0"},
				"down": {"uv": [0, 0, 1, 1], "texture": "#0"}
			}
		},
		{
			"from": [18, 20, 23],
			"to": [19, 21, 28],
			"rotation": {"angle": 0, "axis": "y", "origin": [30, 7, 6]},
			"faces": {
				"north": {"uv": [16, 0, 0, 16], "texture": "#0"},
				"east": {"uv": [1, 0, 0, 1], "texture": "#0"},
				"south": {"uv": [1, 0, 0, 1], "texture": "#0"},
				"west": {"uv": [1, 0, 0, 1], "texture": "#0"},
				"up": {"uv": [1, 0, 0, 1], "texture": "#0"},
				"down": {"uv": [1, 0, 0, 1], "texture": "#0"}
			}
		},
		{
			"from": [-3, 21, 25],
			"to": [-2, 22, 28],
			"rotation": {"angle": 0, "axis": "y", "origin": [-14, 7, 6]},
			"faces": {
				"north": {"uv": [0, 0, 16, 16], "texture": "#0"},
				"east": {"uv": [0, 0, 1, 1], "texture": "#0"},
				"south": {"uv": [0, 0, 1, 1], "texture": "#0"},
				"west": {"uv": [0, 0, 1, 1], "texture": "#0"},
				"up": {"uv": [0, 0, 1, 1], "texture": "#0"},
				"down": {"uv": [0, 0, 1, 1], "texture": "#0"}
			}
		},
		{
			"from": [18, 21, 25],
			"to": [19, 22, 28],
			"rotation": {"angle": 0, "axis": "y", "origin": [30, 7, 6]},
			"faces": {
				"north": {"uv": [16, 0, 0, 16], "texture": "#0"},
				"east": {"uv": [1, 0, 0, 1], "texture": "#0"},
				"south": {"uv": [1, 0, 0, 1], "texture": "#0"},
				"west": {"uv": [1, 0, 0, 1], "texture": "#0"},
				"up": {"uv": [1, 0, 0, 1], "texture": "#0"},
				"down": {"uv": [1, 0, 0, 1], "texture": "#0"}
			}
		},
		{
			"from": [-3, 22, 28],
			"to": [-2, 23, 29],
			"rotation": {"angle": 0, "axis": "y", "origin": [-14, 7, 6]},
			"faces": {
				"north": {"uv": [0, 0, 16, 16], "texture": "#0"},
				"east": {"uv": [0, 0, 1, 1], "texture": "#0"},
				"south": {"uv": [0, 0, 1, 1], "texture": "#0"},
				"west": {"uv": [0, 0, 1, 1], "texture": "#0"},
				"up": {"uv": [0, 0, 1, 1], "texture": "#0"},
				"down": {"uv": [0, 0, 1, 1], "texture": "#0"}
			}
		},
		{
			"from": [18, 22, 28],
			"to": [19, 23, 29],
			"rotation": {"angle": 0, "axis": "y", "origin": [30, 7, 6]},
			"faces": {
				"north": {"uv": [16, 0, 0, 16], "texture": "#0"},
				"east": {"uv": [1, 0, 0, 1], "texture": "#0"},
				"south": {"uv": [1, 0, 0, 1], "texture": "#0"},
				"west": {"uv": [1, 0, 0, 1], "texture": "#0"},
				"up": {"uv": [1, 0, 0, 1], "texture": "#0"},
				"down": {"uv": [1, 0, 0, 1], "texture": "#0"}
			}
		},
		{
			"from": [-4, 20, 24],
			"to": [-1, 21, 27],
			"rotation": {"angle": 0, "axis": "y", "origin": [-16, 7, 6]},
			"faces": {
				"north": {"uv": [0, 0, 16, 16], "texture": "#0"},
				"east": {"uv": [0, 0, 1, 1], "texture": "#0"},
				"south": {"uv": [0, 0, 1, 1], "texture": "#0"},
				"west": {"uv": [0, 0, 1, 1], "texture": "#0"},
				"up": {"uv": [0, 0, 1, 1], "texture": "#0"},
				"down": {"uv": [0, 0, 1, 1], "texture": "#0"}
			}
		},
		{
			"from": [17, 20, 24],
			"to": [20, 21, 27],
			"rotation": {"angle": 0, "axis": "y", "origin": [32, 7, 6]},
			"faces": {
				"north": {"uv": [16, 0, 0, 16], "texture": "#0"},
				"east": {"uv": [1, 0, 0, 1], "texture": "#0"},
				"south": {"uv": [1, 0, 0, 1], "texture": "#0"},
				"west": {"uv": [1, 0, 0, 1], "texture": "#0"},
				"up": {"uv": [1, 0, 0, 1], "texture": "#0"},
				"down": {"uv": [1, 0, 0, 1], "texture": "#0"}
			}
		},
		{
			"from": [-4, 19, 23],
			"to": [-3, 20, 25],
			"rotation": {"angle": 0, "axis": "y", "origin": [-16, 7, 6]},
			"faces": {
				"north": {"uv": [0, 0, 16, 16], "texture": "#0"},
				"east": {"uv": [0, 0, 1, 1], "texture": "#0"},
				"south": {"uv": [0, 0, 1, 1], "texture": "#0"},
				"west": {"uv": [0, 0, 1, 1], "texture": "#0"},
				"up": {"uv": [0, 0, 1, 1], "texture": "#0"},
				"down": {"uv": [0, 0, 1, 1], "texture": "#0"}
			}
		},
		{
			"from": [19, 19, 23],
			"to": [20, 20, 25],
			"rotation": {"angle": 0, "axis": "y", "origin": [32, 7, 6]},
			"faces": {
				"north": {"uv": [16, 0, 0, 16], "texture": "#0"},
				"east": {"uv": [1, 0, 0, 1], "texture": "#0"},
				"south": {"uv": [1, 0, 0, 1], "texture": "#0"},
				"west": {"uv": [1, 0, 0, 1], "texture": "#0"},
				"up": {"uv": [1, 0, 0, 1], "texture": "#0"},
				"down": {"uv": [1, 0, 0, 1], "texture": "#0"}
			}
		},
		{
			"from": [0, 18, 18],
			"to": [1, 19, 21],
			"rotation": {"angle": 0, "axis": "y", "origin": [-8, 7, 6]},
			"faces": {
				"north": {"uv": [0, 0, 16, 16], "texture": "#0"},
				"east": {"uv": [0, 0, 1, 1], "texture": "#0"},
				"south": {"uv": [0, 0, 1, 1], "texture": "#0"},
				"west": {"uv": [0, 0, 1, 1], "texture": "#0"},
				"up": {"uv": [0, 0, 1, 1], "texture": "#0"},
				"down": {"uv": [0, 0, 1, 1], "texture": "#0"}
			}
		},
		{
			"from": [15, 18, 18],
			"to": [16, 19, 21],
			"rotation": {"angle": 0, "axis": "y", "origin": [24, 7, 6]},
			"faces": {
				"north": {"uv": [16, 0, 0, 16], "texture": "#0"},
				"east": {"uv": [1, 0, 0, 1], "texture": "#0"},
				"south": {"uv": [1, 0, 0, 1], "texture": "#0"},
				"west": {"uv": [1, 0, 0, 1], "texture": "#0"},
				"up": {"uv": [1, 0, 0, 1], "texture": "#0"},
				"down": {"uv": [1, 0, 0, 1], "texture": "#0"}
			}
		},
		{
			"from": [1, 18, 17],
			"to": [2, 19, 19],
			"rotation": {"angle": 0, "axis": "y", "origin": [-6, 7, 6]},
			"faces": {
				"north": {"uv": [0, 0, 16, 16], "texture": "#0"},
				"east": {"uv": [0, 0, 1, 1], "texture": "#0"},
				"south": {"uv": [0, 0, 1, 1], "texture": "#0"},
				"west": {"uv": [0, 0, 1, 1], "texture": "#0"},
				"up": {"uv": [0, 0, 1, 1], "texture": "#0"},
				"down": {"uv": [0, 0, 1, 1], "texture": "#0"}
			}
		},
		{
			"from": [14, 18, 17],
			"to": [15, 19, 19],
			"rotation": {"angle": 0, "axis": "y", "origin": [22, 7, 6]},
			"faces": {
				"north": {"uv": [16, 0, 0, 16], "texture": "#0"},
				"east": {"uv": [1, 0, 0, 1], "texture": "#0"},
				"south": {"uv": [1, 0, 0, 1], "texture": "#0"},
				"west": {"uv": [1, 0, 0, 1], "texture": "#0"},
				"up": {"uv": [1, 0, 0, 1], "texture": "#0"},
				"down": {"uv": [1, 0, 0, 1], "texture": "#0"}
			}
		},
		{
			"from": [0, 17, 16],
			"to": [1, 18, 17],
			"rotation": {"angle": 0, "axis": "y", "origin": [-8, 7, 6]},
			"faces": {
				"north": {"uv": [0, 0, 16, 16], "texture": "#0"},
				"east": {"uv": [0, 0, 1, 1], "texture": "#0"},
				"south": {"uv": [0, 0, 1, 1], "texture": "#0"},
				"west": {"uv": [0, 0, 1, 1], "texture": "#0"},
				"up": {"uv": [0, 0, 1, 1], "texture": "#0"},
				"down": {"uv": [0, 0, 1, 1], "texture": "#0"}
			}
		},
		{
			"from": [15, 17, 16],
			"to": [16, 18, 17],
			"rotation": {"angle": 0, "axis": "y", "origin": [24, 7, 6]},
			"faces": {
				"north": {"uv": [16, 0, 0, 16], "texture": "#0"},
				"east": {"uv": [1, 0, 0, 1], "texture": "#0"},
				"south": {"uv": [1, 0, 0, 1], "texture": "#0"},
				"west": {"uv": [1, 0, 0, 1], "texture": "#0"},
				"up": {"uv": [1, 0, 0, 1], "texture": "#0"},
				"down": {"uv": [1, 0, 0, 1], "texture": "#0"}
			}
		},
		{
			"from": [3, 15, 13],
			"to": [4, 16, 17],
			"rotation": {"angle": 0, "axis": "y", "origin": [-2, 7, 6]},
			"faces": {
				"north": {"uv": [0, 0, 16, 16], "texture": "#0"},
				"east": {"uv": [0, 0, 1, 1], "texture": "#0"},
				"south": {"uv": [0, 0, 1, 1], "texture": "#0"},
				"west": {"uv": [0, 0, 1, 1], "texture": "#0"},
				"up": {"uv": [0, 0, 1, 1], "texture": "#0"},
				"down": {"uv": [0, 0, 1, 1], "texture": "#0"}
			}
		},
		{
			"from": [12, 15, 13],
			"to": [13, 16, 17],
			"rotation": {"angle": 0, "axis": "y", "origin": [18, 7, 6]},
			"faces": {
				"north": {"uv": [16, 0, 0, 16], "texture": "#0"},
				"east": {"uv": [1, 0, 0, 1], "texture": "#0"},
				"south": {"uv": [1, 0, 0, 1], "texture": "#0"},
				"west": {"uv": [1, 0, 0, 1], "texture": "#0"},
				"up": {"uv": [1, 0, 0, 1], "texture": "#0"},
				"down": {"uv": [1, 0, 0, 1], "texture": "#0"}
			}
		},
		{
			"from": [3, 14, 12],
			"to": [4, 15, 13],
			"rotation": {"angle": 0, "axis": "y", "origin": [-2, 7, 6]},
			"faces": {
				"north": {"uv": [0, 0, 16, 16], "texture": "#0"},
				"east": {"uv": [0, 0, 1, 1], "texture": "#0"},
				"south": {"uv": [0, 0, 1, 1], "texture": "#0"},
				"west": {"uv": [0, 0, 1, 1], "texture": "#0"},
				"up": {"uv": [0, 0, 1, 1], "texture": "#0"},
				"down": {"uv": [0, 0, 1, 1], "texture": "#0"}
			}
		},
		{
			"from": [12, 14, 12],
			"to": [13, 15, 13],
			"rotation": {"angle": 0, "axis": "y", "origin": [18, 7, 6]},
			"faces": {
				"north": {"uv": [16, 0, 0, 16], "texture": "#0"},
				"east": {"uv": [1, 0, 0, 1], "texture": "#0"},
				"south": {"uv": [1, 0, 0, 1], "texture": "#0"},
				"west": {"uv": [1, 0, 0, 1], "texture": "#0"},
				"up": {"uv": [1, 0, 0, 1], "texture": "#0"},
				"down": {"uv": [1, 0, 0, 1], "texture": "#0"}
			}
		},
		{
			"from": [4, 14, 13],
			"to": [5, 15, 15],
			"rotation": {"angle": 0, "axis": "y", "origin": [8, 7, 6]},
			"faces": {
				"north": {"uv": [0, 0, 16, 16], "texture": "#0"},
				"east": {"uv": [0, 0, 1, 1], "texture": "#0"},
				"south": {"uv": [0, 0, 1, 1], "texture": "#0"},
				"west": {"uv": [0, 0, 1, 1], "texture": "#0"},
				"up": {"uv": [0, 0, 1, 1], "texture": "#0"},
				"down": {"uv": [0, 0, 1, 1], "texture": "#0"}
			}
		},
		{
			"from": [11, 14, 13],
			"to": [12, 15, 15],
			"rotation": {"angle": 0, "axis": "y", "origin": [8, 7, 6]},
			"faces": {
				"north": {"uv": [16, 0, 0, 16], "texture": "#0"},
				"east": {"uv": [1, 0, 0, 1], "texture": "#0"},
				"south": {"uv": [1, 0, 0, 1], "texture": "#0"},
				"west": {"uv": [1, 0, 0, 1], "texture": "#0"},
				"up": {"uv": [1, 0, 0, 1], "texture": "#0"},
				"down": {"uv": [1, 0, 0, 1], "texture": "#0"}
			}
		},
		{
			"from": [4, 13, 14],
			"to": [5, 14, 15],
			"rotation": {"angle": 0, "axis": "y", "origin": [8, 7, 6]},
			"faces": {
				"north": {"uv": [0, 0, 16, 16], "texture": "#0"},
				"east": {"uv": [0, 0, 1, 1], "texture": "#0"},
				"south": {"uv": [0, 0, 1, 1], "texture": "#0"},
				"west": {"uv": [0, 0, 1, 1], "texture": "#0"},
				"up": {"uv": [0, 0, 1, 1], "texture": "#0"},
				"down": {"uv": [0, 0, 1, 1], "texture": "#0"}
			}
		},
		{
			"from": [11, 13, 14],
			"to": [12, 14, 15],
			"rotation": {"angle": 0, "axis": "y", "origin": [8, 7, 6]},
			"faces": {
				"north": {"uv": [16, 0, 0, 16], "texture": "#0"},
				"east": {"uv": [1, 0, 0, 1], "texture": "#0"},
				"south": {"uv": [1, 0, 0, 1], "texture": "#0"},
				"west": {"uv": [1, 0, 0, 1], "texture": "#0"},
				"up": {"uv": [1, 0, 0, 1], "texture": "#0"},
				"down": {"uv": [1, 0, 0, 1], "texture": "#0"}
			}
		},
		{
			"from": [3, 13, 14],
			"to": [4, 14, 15],
			"rotation": {"angle": 0, "axis": "y", "origin": [8, 7, 6]},
			"faces": {
				"north": {"uv": [0, 0, 16, 16], "texture": "#0"},
				"east": {"uv": [0, 0, 1, 1], "texture": "#0"},
				"south": {"uv": [0, 0, 1, 1], "texture": "#0"},
				"west": {"uv": [0, 0, 1, 1], "texture": "#0"},
				"up": {"uv": [0, 0, 1, 1], "texture": "#0"},
				"down": {"uv": [0, 0, 1, 1], "texture": "#0"}
			}
		},
		{
			"from": [12, 13, 14],
			"to": [13, 14, 15],
			"rotation": {"angle": 0, "axis": "y", "origin": [8, 7, 6]},
			"faces": {
				"north": {"uv": [16, 0, 0, 16], "texture": "#0"},
				"east": {"uv": [1, 0, 0, 1], "texture": "#0"},
				"south": {"uv": [1, 0, 0, 1], "texture": "#0"},
				"west": {"uv": [1, 0, 0, 1], "texture": "#0"},
				"up": {"uv": [1, 0, 0, 1], "texture": "#0"},
				"down": {"uv": [1, 0, 0, 1], "texture": "#0"}
			}
		},
		{
			"from": [3, 14, 15],
			"to": [4, 15, 16],
			"rotation": {"angle": 0, "axis": "y", "origin": [-2, 7, 6]},
			"faces": {
				"north": {"uv": [0, 0, 16, 16], "texture": "#0"},
				"east": {"uv": [0, 0, 1, 1], "texture": "#0"},
				"south": {"uv": [0, 0, 1, 1], "texture": "#0"},
				"west": {"uv": [0, 0, 1, 1], "texture": "#0"},
				"up": {"uv": [0, 0, 1, 1], "texture": "#0"},
				"down": {"uv": [0, 0, 1, 1], "texture": "#0"}
			}
		},
		{
			"from": [12, 14, 15],
			"to": [13, 15, 16],
			"rotation": {"angle": 0, "axis": "y", "origin": [18, 7, 6]},
			"faces": {
				"north": {"uv": [16, 0, 0, 16], "texture": "#0"},
				"east": {"uv": [1, 0, 0, 1], "texture": "#0"},
				"south": {"uv": [1, 0, 0, 1], "texture": "#0"},
				"west": {"uv": [1, 0, 0, 1], "texture": "#0"},
				"up": {"uv": [1, 0, 0, 1], "texture": "#0"},
				"down": {"uv": [1, 0, 0, 1], "texture": "#0"}
			}
		},
		{
			"from": [2, 12, 14],
			"to": [3, 13, 15],
			"rotation": {"angle": 0, "axis": "y", "origin": [-4, 7, 6]},
			"faces": {
				"north": {"uv": [0, 0, 16, 16], "texture": "#0"},
				"east": {"uv": [0, 0, 1, 1], "texture": "#0"},
				"south": {"uv": [0, 0, 1, 1], "texture": "#0"},
				"west": {"uv": [0, 0, 1, 1], "texture": "#0"},
				"up": {"uv": [0, 0, 1, 1], "texture": "#0"},
				"down": {"uv": [0, 0, 1, 1], "texture": "#0"}
			}
		},
		{
			"from": [13, 12, 14],
			"to": [14, 13, 15],
			"rotation": {"angle": 0, "axis": "y", "origin": [20, 7, 6]},
			"faces": {
				"north": {"uv": [16, 0, 0, 16], "texture": "#0"},
				"east": {"uv": [1, 0, 0, 1], "texture": "#0"},
				"south": {"uv": [1, 0, 0, 1], "texture": "#0"},
				"west": {"uv": [1, 0, 0, 1], "texture": "#0"},
				"up": {"uv": [1, 0, 0, 1], "texture": "#0"},
				"down": {"uv": [1, 0, 0, 1], "texture": "#0"}
			}
		},
		{
			"from": [2, 13, 15],
			"to": [3, 14, 16],
			"rotation": {"angle": 0, "axis": "y", "origin": [-4, 7, 6]},
			"faces": {
				"north": {"uv": [0, 0, 16, 16], "texture": "#0"},
				"east": {"uv": [0, 0, 1, 1], "texture": "#0"},
				"south": {"uv": [0, 0, 1, 1], "texture": "#0"},
				"west": {"uv": [0, 0, 1, 1], "texture": "#0"},
				"up": {"uv": [0, 0, 1, 1], "texture": "#0"},
				"down": {"uv": [0, 0, 1, 1], "texture": "#0"}
			}
		},
		{
			"from": [13, 13, 15],
			"to": [14, 14, 16],
			"rotation": {"angle": 0, "axis": "y", "origin": [20, 7, 6]},
			"faces": {
				"north": {"uv": [16, 0, 0, 16], "texture": "#0"},
				"east": {"uv": [1, 0, 0, 1], "texture": "#0"},
				"south": {"uv": [1, 0, 0, 1], "texture": "#0"},
				"west": {"uv": [1, 0, 0, 1], "texture": "#0"},
				"up": {"uv": [1, 0, 0, 1], "texture": "#0"},
				"down": {"uv": [1, 0, 0, 1], "texture": "#0"}
			}
		},
		{
			"from": [2, 14, 16],
			"to": [3, 16, 17],
			"rotation": {"angle": 0, "axis": "y", "origin": [-4, 7, 6]},
			"faces": {
				"north": {"uv": [0, 0, 16, 16], "texture": "#0"},
				"east": {"uv": [0, 0, 1, 1], "texture": "#0"},
				"south": {"uv": [0, 0, 1, 1], "texture": "#0"},
				"west": {"uv": [0, 0, 1, 1], "texture": "#0"},
				"up": {"uv": [0, 0, 1, 1], "texture": "#0"},
				"down": {"uv": [0, 0, 1, 1], "texture": "#0"}
			}
		},
		{
			"from": [13, 14, 16],
			"to": [14, 16, 17],
			"rotation": {"angle": 0, "axis": "y", "origin": [20, 7, 6]},
			"faces": {
				"north": {"uv": [16, 0, 0, 16], "texture": "#0"},
				"east": {"uv": [1, 0, 0, 1], "texture": "#0"},
				"south": {"uv": [1, 0, 0, 1], "texture": "#0"},
				"west": {"uv": [1, 0, 0, 1], "texture": "#0"},
				"up": {"uv": [1, 0, 0, 1], "texture": "#0"},
				"down": {"uv": [1, 0, 0, 1], "texture": "#0"}
			}
		},
		{
			"from": [1, 13, 16],
			"to": [2, 14, 17],
			"rotation": {"angle": 0, "axis": "y", "origin": [-6, 7, 6]},
			"faces": {
				"north": {"uv": [0, 0, 16, 16], "texture": "#0"},
				"east": {"uv": [0, 0, 1, 1], "texture": "#0"},
				"south": {"uv": [0, 0, 1, 1], "texture": "#0"},
				"west": {"uv": [0, 0, 1, 1], "texture": "#0"},
				"up": {"uv": [0, 0, 1, 1], "texture": "#0"},
				"down": {"uv": [0, 0, 1, 1], "texture": "#0"}
			}
		},
		{
			"from": [14, 13, 16],
			"to": [15, 14, 17],
			"rotation": {"angle": 0, "axis": "y", "origin": [22, 7, 6]},
			"faces": {
				"north": {"uv": [16, 0, 0, 16], "texture": "#0"},
				"east": {"uv": [1, 0, 0, 1], "texture": "#0"},
				"south": {"uv": [1, 0, 0, 1], "texture": "#0"},
				"west": {"uv": [1, 0, 0, 1], "texture": "#0"},
				"up": {"uv": [1, 0, 0, 1], "texture": "#0"},
				"down": {"uv": [1, 0, 0, 1], "texture": "#0"}
			}
		},
		{
			"from": [1, 14, 17],
			"to": [2, 15, 18],
			"rotation": {"angle": 0, "axis": "y", "origin": [-6, 7, 6]},
			"faces": {
				"north": {"uv": [0, 0, 16, 16], "texture": "#0"},
				"east": {"uv": [0, 0, 1, 1], "texture": "#0"},
				"south": {"uv": [0, 0, 1, 1], "texture": "#0"},
				"west": {"uv": [0, 0, 1, 1], "texture": "#0"},
				"up": {"uv": [0, 0, 1, 1], "texture": "#0"},
				"down": {"uv": [0, 0, 1, 1], "texture": "#0"}
			}
		},
		{
			"from": [14, 14, 17],
			"to": [15, 15, 18],
			"rotation": {"angle": 0, "axis": "y", "origin": [22, 7, 6]},
			"faces": {
				"north": {"uv": [16, 0, 0, 16], "texture": "#0"},
				"east": {"uv": [1, 0, 0, 1], "texture": "#0"},
				"south": {"uv": [1, 0, 0, 1], "texture": "#0"},
				"west": {"uv": [1, 0, 0, 1], "texture": "#0"},
				"up": {"uv": [1, 0, 0, 1], "texture": "#0"},
				"down": {"uv": [1, 0, 0, 1], "texture": "#0"}
			}
		},
		{
			"from": [0, 16, 14],
			"to": [1, 17, 21],
			"rotation": {"angle": 0, "axis": "y", "origin": [-8, 7, 6]},
			"faces": {
				"north": {"uv": [0, 0, 16, 16], "texture": "#0"},
				"east": {"uv": [0, 0, 1, 1], "texture": "#0"},
				"south": {"uv": [0, 0, 1, 1], "texture": "#0"},
				"west": {"uv": [0, 0, 1, 1], "texture": "#0"},
				"up": {"uv": [0, 0, 1, 1], "texture": "#0"},
				"down": {"uv": [0, 0, 1, 1], "texture": "#0"}
			}
		},
		{
			"from": [15, 16, 14],
			"to": [16, 17, 21],
			"rotation": {"angle": 0, "axis": "y", "origin": [24, 7, 6]},
			"faces": {
				"north": {"uv": [16, 0, 0, 16], "texture": "#0"},
				"east": {"uv": [1, 0, 0, 1], "texture": "#0"},
				"south": {"uv": [1, 0, 0, 1], "texture": "#0"},
				"west": {"uv": [1, 0, 0, 1], "texture": "#0"},
				"up": {"uv": [1, 0, 0, 1], "texture": "#0"},
				"down": {"uv": [1, 0, 0, 1], "texture": "#0"}
			}
		},
		{
			"from": [-1, 15, 14],
			"to": [0, 16, 21],
			"rotation": {"angle": 0, "axis": "y", "origin": [-10, 7, 6]},
			"faces": {
				"north": {"uv": [0, 0, 16, 16], "texture": "#0"},
				"east": {"uv": [0, 0, 1, 1], "texture": "#0"},
				"south": {"uv": [0, 0, 1, 1], "texture": "#0"},
				"west": {"uv": [0, 0, 1, 1], "texture": "#0"},
				"up": {"uv": [0, 0, 1, 1], "texture": "#0"},
				"down": {"uv": [0, 0, 1, 1], "texture": "#0"}
			}
		},
		{
			"from": [16, 15, 14],
			"to": [17, 16, 21],
			"rotation": {"angle": 0, "axis": "y", "origin": [26, 7, 6]},
			"faces": {
				"north": {"uv": [16, 0, 0, 16], "texture": "#0"},
				"east": {"uv": [1, 0, 0, 1], "texture": "#0"},
				"south": {"uv": [1, 0, 0, 1], "texture": "#0"},
				"west": {"uv": [1, 0, 0, 1], "texture": "#0"},
				"up": {"uv": [1, 0, 0, 1], "texture": "#0"},
				"down": {"uv": [1, 0, 0, 1], "texture": "#0"}
			}
		},
		{
			"from": [-1, 14, 13],
			"to": [0, 15, 20],
			"rotation": {"angle": 0, "axis": "y", "origin": [-10, 7, 6]},
			"faces": {
				"north": {"uv": [0, 0, 16, 16], "texture": "#0"},
				"east": {"uv": [0, 0, 1, 1], "texture": "#0"},
				"south": {"uv": [0, 0, 1, 1], "texture": "#0"},
				"west": {"uv": [0, 0, 1, 1], "texture": "#0"},
				"up": {"uv": [0, 0, 1, 1], "texture": "#0"},
				"down": {"uv": [0, 0, 1, 1], "texture": "#0"}
			}
		},
		{
			"from": [16, 14, 13],
			"to": [17, 15, 20],
			"rotation": {"angle": 0, "axis": "y", "origin": [26, 7, 6]},
			"faces": {
				"north": {"uv": [16, 0, 0, 16], "texture": "#0"},
				"east": {"uv": [1, 0, 0, 1], "texture": "#0"},
				"south": {"uv": [1, 0, 0, 1], "texture": "#0"},
				"west": {"uv": [1, 0, 0, 1], "texture": "#0"},
				"up": {"uv": [1, 0, 0, 1], "texture": "#0"},
				"down": {"uv": [1, 0, 0, 1], "texture": "#0"}
			}
		},
		{
			"from": [0, 13, 17],
			"to": [1, 14, 18],
			"rotation": {"angle": 0, "axis": "y", "origin": [-8, 7, 6]},
			"faces": {
				"north": {"uv": [0, 0, 16, 16], "texture": "#0"},
				"east": {"uv": [0, 0, 1, 1], "texture": "#0"},
				"south": {"uv": [0, 0, 1, 1], "texture": "#0"},
				"west": {"uv": [0, 0, 1, 1], "texture": "#0"},
				"up": {"uv": [0, 0, 1, 1], "texture": "#0"},
				"down": {"uv": [0, 0, 1, 1], "texture": "#0"}
			}
		},
		{
			"from": [15, 13, 17],
			"to": [16, 14, 18],
			"rotation": {"angle": 0, "axis": "y", "origin": [24, 7, 6]},
			"faces": {
				"north": {"uv": [16, 0, 0, 16], "texture": "#0"},
				"east": {"uv": [1, 0, 0, 1], "texture": "#0"},
				"south": {"uv": [1, 0, 0, 1], "texture": "#0"},
				"west": {"uv": [1, 0, 0, 1], "texture": "#0"},
				"up": {"uv": [1, 0, 0, 1], "texture": "#0"},
				"down": {"uv": [1, 0, 0, 1], "texture": "#0"}
			}
		},
		{
			"from": [-1, 13, 13],
			"to": [0, 14, 18],
			"rotation": {"angle": 0, "axis": "y", "origin": [-10, 7, 6]},
			"faces": {
				"north": {"uv": [0, 0, 16, 16], "texture": "#0"},
				"east": {"uv": [0, 0, 1, 1], "texture": "#0"},
				"south": {"uv": [0, 0, 1, 1], "texture": "#0"},
				"west": {"uv": [0, 0, 1, 1], "texture": "#0"},
				"up": {"uv": [0, 0, 1, 1], "texture": "#0"},
				"down": {"uv": [0, 0, 1, 1], "texture": "#0"}
			}
		},
		{
			"from": [16, 13, 13],
			"to": [17, 14, 18],
			"rotation": {"angle": 0, "axis": "y", "origin": [26, 7, 6]},
			"faces": {
				"north": {"uv": [16, 0, 0, 16], "texture": "#0"},
				"east": {"uv": [1, 0, 0, 1], "texture": "#0"},
				"south": {"uv": [1, 0, 0, 1], "texture": "#0"},
				"west": {"uv": [1, 0, 0, 1], "texture": "#0"},
				"up": {"uv": [1, 0, 0, 1], "texture": "#0"},
				"down": {"uv": [1, 0, 0, 1], "texture": "#0"}
			}
		},
		{
			"from": [0, 13, 11],
			"to": [1, 14, 12],
			"rotation": {"angle": 0, "axis": "y", "origin": [-8, 7, 6]},
			"faces": {
				"north": {"uv": [0, 0, 16, 16], "texture": "#0"},
				"east": {"uv": [0, 0, 1, 1], "texture": "#0"},
				"south": {"uv": [0, 0, 1, 1], "texture": "#0"},
				"west": {"uv": [0, 0, 1, 1], "texture": "#0"},
				"up": {"uv": [0, 0, 1, 1], "texture": "#0"},
				"down": {"uv": [0, 0, 1, 1], "texture": "#0"}
			}
		},
		{
			"from": [15, 13, 11],
			"to": [16, 14, 12],
			"rotation": {"angle": 0, "axis": "y", "origin": [24, 7, 6]},
			"faces": {
				"north": {"uv": [16, 0, 0, 16], "texture": "#0"},
				"east": {"uv": [1, 0, 0, 1], "texture": "#0"},
				"south": {"uv": [1, 0, 0, 1], "texture": "#0"},
				"west": {"uv": [1, 0, 0, 1], "texture": "#0"},
				"up": {"uv": [1, 0, 0, 1], "texture": "#0"},
				"down": {"uv": [1, 0, 0, 1], "texture": "#0"}
			}
		},
		{
			"from": [0, 13, 12],
			"to": [1, 15, 13],
			"rotation": {"angle": 0, "axis": "y", "origin": [-8, 7, 6]},
			"faces": {
				"north": {"uv": [0, 0, 16, 16], "texture": "#0"},
				"east": {"uv": [0, 0, 1, 1], "texture": "#0"},
				"south": {"uv": [0, 0, 1, 1], "texture": "#0"},
				"west": {"uv": [0, 0, 1, 1], "texture": "#0"},
				"up": {"uv": [0, 0, 1, 1], "texture": "#0"},
				"down": {"uv": [0, 0, 1, 1], "texture": "#0"}
			}
		},
		{
			"from": [15, 13, 12],
			"to": [16, 15, 13],
			"rotation": {"angle": 0, "axis": "y", "origin": [24, 7, 6]},
			"faces": {
				"north": {"uv": [16, 0, 0, 16], "texture": "#0"},
				"east": {"uv": [1, 0, 0, 1], "texture": "#0"},
				"south": {"uv": [1, 0, 0, 1], "texture": "#0"},
				"west": {"uv": [1, 0, 0, 1], "texture": "#0"},
				"up": {"uv": [1, 0, 0, 1], "texture": "#0"},
				"down": {"uv": [1, 0, 0, 1], "texture": "#0"}
			}
		},
		{
			"from": [0, 15, 13],
			"to": [1, 16, 14],
			"rotation": {"angle": 0, "axis": "y", "origin": [-8, 7, 6]},
			"faces": {
				"north": {"uv": [0, 0, 16, 16], "texture": "#0"},
				"east": {"uv": [0, 0, 1, 1], "texture": "#0"},
				"south": {"uv": [0, 0, 1, 1], "texture": "#0"},
				"west": {"uv": [0, 0, 1, 1], "texture": "#0"},
				"up": {"uv": [0, 0, 1, 1], "texture": "#0"},
				"down": {"uv": [0, 0, 1, 1], "texture": "#0"}
			}
		},
		{
			"from": [15, 15, 13],
			"to": [16, 16, 14],
			"rotation": {"angle": 0, "axis": "y", "origin": [24, 7, 6]},
			"faces": {
				"north": {"uv": [16, 0, 0, 16], "texture": "#0"},
				"east": {"uv": [1, 0, 0, 1], "texture": "#0"},
				"south": {"uv": [1, 0, 0, 1], "texture": "#0"},
				"west": {"uv": [1, 0, 0, 1], "texture": "#0"},
				"up": {"uv": [1, 0, 0, 1], "texture": "#0"},
				"down": {"uv": [1, 0, 0, 1], "texture": "#0"}
			}
		},
		{
			"from": [-2, 14, 14],
			"to": [-1, 15, 18],
			"rotation": {"angle": 0, "axis": "y", "origin": [-12, 7, 6]},
			"faces": {
				"north": {"uv": [0, 0, 16, 16], "texture": "#0"},
				"east": {"uv": [0, 0, 1, 1], "texture": "#0"},
				"south": {"uv": [0, 0, 1, 1], "texture": "#0"},
				"west": {"uv": [0, 0, 1, 1], "texture": "#0"},
				"up": {"uv": [0, 0, 1, 1], "texture": "#0"},
				"down": {"uv": [0, 0, 1, 1], "texture": "#0"}
			}
		},
		{
			"from": [17, 14, 14],
			"to": [18, 15, 18],
			"rotation": {"angle": 0, "axis": "y", "origin": [28, 7, 6]},
			"faces": {
				"north": {"uv": [16, 0, 0, 16], "texture": "#0"},
				"east": {"uv": [1, 0, 0, 1], "texture": "#0"},
				"south": {"uv": [1, 0, 0, 1], "texture": "#0"},
				"west": {"uv": [1, 0, 0, 1], "texture": "#0"},
				"up": {"uv": [1, 0, 0, 1], "texture": "#0"},
				"down": {"uv": [1, 0, 0, 1], "texture": "#0"}
			}
		},
		{
			"from": [-1, 16, 16],
			"to": [0, 17, 17],
			"rotation": {"angle": 0, "axis": "y", "origin": [-10, 7, 6]},
			"faces": {
				"north": {"uv": [0, 0, 16, 16], "texture": "#0"},
				"east": {"uv": [0, 0, 1, 1], "texture": "#0"},
				"south": {"uv": [0, 0, 1, 1], "texture": "#0"},
				"west": {"uv": [0, 0, 1, 1], "texture": "#0"},
				"up": {"uv": [0, 0, 1, 1], "texture": "#0"},
				"down": {"uv": [0, 0, 1, 1], "texture": "#0"}
			}
		},
		{
			"from": [16, 16, 16],
			"to": [17, 17, 17],
			"rotation": {"angle": 0, "axis": "y", "origin": [26, 7, 6]},
			"faces": {
				"north": {"uv": [16, 0, 0, 16], "texture": "#0"},
				"east": {"uv": [1, 0, 0, 1], "texture": "#0"},
				"south": {"uv": [1, 0, 0, 1], "texture": "#0"},
				"west": {"uv": [1, 0, 0, 1], "texture": "#0"},
				"up": {"uv": [1, 0, 0, 1], "texture": "#0"},
				"down": {"uv": [1, 0, 0, 1], "texture": "#0"}
			}
		},
		{
			"from": [-1, 16, 17],
			"to": [0, 17, 18],
			"rotation": {"angle": 0, "axis": "y", "origin": [-10, 7, 6]},
			"faces": {
				"north": {"uv": [0, 0, 16, 16], "texture": "#0"},
				"east": {"uv": [0, 0, 1, 1], "texture": "#0"},
				"south": {"uv": [0, 0, 1, 1], "texture": "#0"},
				"west": {"uv": [0, 0, 1, 1], "texture": "#0"},
				"up": {"uv": [0, 0, 1, 1], "texture": "#0"},
				"down": {"uv": [0, 0, 1, 1], "texture": "#0"}
			}
		},
		{
			"from": [16, 16, 17],
			"to": [17, 17, 18],
			"rotation": {"angle": 0, "axis": "y", "origin": [26, 7, 6]},
			"faces": {
				"north": {"uv": [16, 0, 0, 16], "texture": "#0"},
				"east": {"uv": [1, 0, 0, 1], "texture": "#0"},
				"south": {"uv": [1, 0, 0, 1], "texture": "#0"},
				"west": {"uv": [1, 0, 0, 1], "texture": "#0"},
				"up": {"uv": [1, 0, 0, 1], "texture": "#0"},
				"down": {"uv": [1, 0, 0, 1], "texture": "#0"}
			}
		},
		{
			"from": [-3, 15, 18],
			"to": [2, 16, 19],
			"rotation": {"angle": 0, "axis": "y", "origin": [-14, 7, 6]},
			"faces": {
				"north": {"uv": [0, 0, 16, 16], "texture": "#0"},
				"east": {"uv": [0, 0, 1, 1], "texture": "#0"},
				"south": {"uv": [0, 0, 1, 1], "texture": "#0"},
				"west": {"uv": [0, 0, 1, 1], "texture": "#0"},
				"up": {"uv": [0, 0, 1, 1], "texture": "#0"},
				"down": {"uv": [0, 0, 1, 1], "texture": "#0"}
			}
		},
		{
			"from": [14, 15, 18],
			"to": [19, 16, 19],
			"rotation": {"angle": 0, "axis": "y", "origin": [30, 7, 6]},
			"faces": {
				"north": {"uv": [16, 0, 0, 16], "texture": "#0"},
				"east": {"uv": [1, 0, 0, 1], "texture": "#0"},
				"south": {"uv": [1, 0, 0, 1], "texture": "#0"},
				"west": {"uv": [1, 0, 0, 1], "texture": "#0"},
				"up": {"uv": [1, 0, 0, 1], "texture": "#0"},
				"down": {"uv": [1, 0, 0, 1], "texture": "#0"}
			}
		},
		{
			"from": [-2, 15, 16],
			"to": [1, 16, 20],
			"rotation": {"angle": 0, "axis": "y", "origin": [-12, 7, 6]},
			"faces": {
				"north": {"uv": [0, 0, 16, 16], "texture": "#0"},
				"east": {"uv": [0, 0, 1, 1], "texture": "#0"},
				"south": {"uv": [0, 0, 1, 1], "texture": "#0"},
				"west": {"uv": [0, 0, 1, 1], "texture": "#0"},
				"up": {"uv": [0, 0, 1, 1], "texture": "#0"},
				"down": {"uv": [0, 0, 1, 1], "texture": "#0"}
			}
		},
		{
			"from": [15, 15, 16],
			"to": [18, 16, 20],
			"rotation": {"angle": 0, "axis": "y", "origin": [28, 7, 6]},
			"faces": {
				"north": {"uv": [16, 0, 0, 16], "texture": "#0"},
				"east": {"uv": [1, 0, 0, 1], "texture": "#0"},
				"south": {"uv": [1, 0, 0, 1], "texture": "#0"},
				"west": {"uv": [1, 0, 0, 1], "texture": "#0"},
				"up": {"uv": [1, 0, 0, 1], "texture": "#0"},
				"down": {"uv": [1, 0, 0, 1], "texture": "#0"}
			}
		},
		{
			"from": [-2, 16, 20],
			"to": [0, 17, 22],
			"rotation": {"angle": 0, "axis": "y", "origin": [-12, 7, 6]},
			"faces": {
				"north": {"uv": [0, 0, 16, 16], "texture": "#0"},
				"east": {"uv": [0, 0, 1, 1], "texture": "#0"},
				"south": {"uv": [0, 0, 1, 1], "texture": "#0"},
				"west": {"uv": [0, 0, 1, 1], "texture": "#0"},
				"up": {"uv": [0, 0, 1, 1], "texture": "#0"},
				"down": {"uv": [0, 0, 1, 1], "texture": "#0"}
			}
		},
		{
			"from": [16, 16, 20],
			"to": [18, 17, 22],
			"rotation": {"angle": 0, "axis": "y", "origin": [28, 7, 6]},
			"faces": {
				"north": {"uv": [16, 0, 0, 16], "texture": "#0"},
				"east": {"uv": [1, 0, 0, 1], "texture": "#0"},
				"south": {"uv": [1, 0, 0, 1], "texture": "#0"},
				"west": {"uv": [1, 0, 0, 1], "texture": "#0"},
				"up": {"uv": [1, 0, 0, 1], "texture": "#0"},
				"down": {"uv": [1, 0, 0, 1], "texture": "#0"}
			}
		},
		{
			"from": [-2, 16, 18],
			"to": [-1, 17, 19],
			"rotation": {"angle": 0, "axis": "y", "origin": [-12, 7, 6]},
			"faces": {
				"north": {"uv": [0, 0, 16, 16], "texture": "#0"},
				"east": {"uv": [0, 0, 1, 1], "texture": "#0"},
				"south": {"uv": [0, 0, 1, 1], "texture": "#0"},
				"west": {"uv": [0, 0, 1, 1], "texture": "#0"},
				"up": {"uv": [0, 0, 1, 1], "texture": "#0"},
				"down": {"uv": [0, 0, 1, 1], "texture": "#0"}
			}
		},
		{
			"from": [17, 16, 18],
			"to": [18, 17, 19],
			"rotation": {"angle": 0, "axis": "y", "origin": [28, 7, 6]},
			"faces": {
				"north": {"uv": [16, 0, 0, 16], "texture": "#0"},
				"east": {"uv": [1, 0, 0, 1], "texture": "#0"},
				"south": {"uv": [1, 0, 0, 1], "texture": "#0"},
				"west": {"uv": [1, 0, 0, 1], "texture": "#0"},
				"up": {"uv": [1, 0, 0, 1], "texture": "#0"},
				"down": {"uv": [1, 0, 0, 1], "texture": "#0"}
			}
		},
		{
			"from": [-2, 17, 19],
			"to": [-1, 18, 20],
			"rotation": {"angle": 0, "axis": "y", "origin": [-12, 7, 6]},
			"faces": {
				"north": {"uv": [0, 0, 16, 16], "texture": "#0"},
				"east": {"uv": [0, 0, 1, 1], "texture": "#0"},
				"south": {"uv": [0, 0, 1, 1], "texture": "#0"},
				"west": {"uv": [0, 0, 1, 1], "texture": "#0"},
				"up": {"uv": [0, 0, 1, 1], "texture": "#0"},
				"down": {"uv": [0, 0, 1, 1], "texture": "#0"}
			}
		},
		{
			"from": [17, 17, 19],
			"to": [18, 18, 20],
			"rotation": {"angle": 0, "axis": "y", "origin": [28, 7, 6]},
			"faces": {
				"north": {"uv": [16, 0, 0, 16], "texture": "#0"},
				"east": {"uv": [1, 0, 0, 1], "texture": "#0"},
				"south": {"uv": [1, 0, 0, 1], "texture": "#0"},
				"west": {"uv": [1, 0, 0, 1], "texture": "#0"},
				"up": {"uv": [1, 0, 0, 1], "texture": "#0"},
				"down": {"uv": [1, 0, 0, 1], "texture": "#0"}
			}
		},
		{
			"from": [-3, 16, 19],
			"to": [2, 17, 20],
			"rotation": {"angle": 0, "axis": "y", "origin": [-14, 7, 6]},
			"faces": {
				"north": {"uv": [0, 0, 16, 16], "texture": "#0"},
				"east": {"uv": [0, 0, 1, 1], "texture": "#0"},
				"south": {"uv": [0, 0, 1, 1], "texture": "#0"},
				"west": {"uv": [0, 0, 1, 1], "texture": "#0"},
				"up": {"uv": [0, 0, 1, 1], "texture": "#0"},
				"down": {"uv": [0, 0, 1, 1], "texture": "#0"}
			}
		},
		{
			"from": [14, 16, 19],
			"to": [19, 17, 20],
			"rotation": {"angle": 0, "axis": "y", "origin": [30, 7, 6]},
			"faces": {
				"north": {"uv": [16, 0, 0, 16], "texture": "#0"},
				"east": {"uv": [1, 0, 0, 1], "texture": "#0"},
				"south": {"uv": [1, 0, 0, 1], "texture": "#0"},
				"west": {"uv": [1, 0, 0, 1], "texture": "#0"},
				"up": {"uv": [1, 0, 0, 1], "texture": "#0"},
				"down": {"uv": [1, 0, 0, 1], "texture": "#0"}
			}
		},
		{
			"from": [-4, 18, 22],
			"to": [-3, 19, 24],
			"rotation": {"angle": 0, "axis": "y", "origin": [-16, 7, 6]},
			"faces": {
				"north": {"uv": [0, 0, 16, 16], "texture": "#0"},
				"east": {"uv": [0, 0, 1, 1], "texture": "#0"},
				"south": {"uv": [0, 0, 1, 1], "texture": "#0"},
				"west": {"uv": [0, 0, 1, 1], "texture": "#0"},
				"up": {"uv": [0, 0, 1, 1], "texture": "#0"},
				"down": {"uv": [0, 0, 1, 1], "texture": "#0"}
			}
		},
		{
			"from": [19, 18, 22],
			"to": [20, 19, 24],
			"rotation": {"angle": 0, "axis": "y", "origin": [32, 7, 6]},
			"faces": {
				"north": {"uv": [16, 0, 0, 16], "texture": "#0"},
				"east": {"uv": [1, 0, 0, 1], "texture": "#0"},
				"south": {"uv": [1, 0, 0, 1], "texture": "#0"},
				"west": {"uv": [1, 0, 0, 1], "texture": "#0"},
				"up": {"uv": [1, 0, 0, 1], "texture": "#0"},
				"down": {"uv": [1, 0, 0, 1], "texture": "#0"}
			}
		},
		{
			"from": [-3, 17, 20],
			"to": [0, 18, 23],
			"rotation": {"angle": 0, "axis": "y", "origin": [-14, 7, 6]},
			"faces": {
				"north": {"uv": [0, 0, 16, 16], "texture": "#0"},
				"east": {"uv": [0, 0, 1, 1], "texture": "#0"},
				"south": {"uv": [0, 0, 1, 1], "texture": "#0"},
				"west": {"uv": [0, 0, 1, 1], "texture": "#0"},
				"up": {"uv": [0, 0, 1, 1], "texture": "#0"},
				"down": {"uv": [0, 0, 1, 1], "texture": "#0"}
			}
		},
		{
			"from": [16, 17, 20],
			"to": [19, 18, 23],
			"rotation": {"angle": 0, "axis": "y", "origin": [30, 7, 6]},
			"faces": {
				"north": {"uv": [16, 0, 0, 16], "texture": "#0"},
				"east": {"uv": [1, 0, 0, 1], "texture": "#0"},
				"south": {"uv": [1, 0, 0, 1], "texture": "#0"},
				"west": {"uv": [1, 0, 0, 1], "texture": "#0"},
				"up": {"uv": [1, 0, 0, 1], "texture": "#0"},
				"down": {"uv": [1, 0, 0, 1], "texture": "#0"}
			}
		},
		{
			"from": [-2, 14, 18],
			"to": [1, 15, 19],
			"rotation": {"angle": 0, "axis": "y", "origin": [-12, 7, 6]},
			"faces": {
				"north": {"uv": [0, 0, 16, 16], "texture": "#0"},
				"east": {"uv": [0, 0, 1, 1], "texture": "#0"},
				"south": {"uv": [0, 0, 1, 1], "texture": "#0"},
				"west": {"uv": [0, 0, 1, 1], "texture": "#0"},
				"up": {"uv": [0, 0, 1, 1], "texture": "#0"},
				"down": {"uv": [0, 0, 1, 1], "texture": "#0"}
			}
		},
		{
			"from": [15, 14, 18],
			"to": [18, 15, 19],
			"rotation": {"angle": 0, "axis": "y", "origin": [28, 7, 6]},
			"faces": {
				"north": {"uv": [16, 0, 0, 16], "texture": "#0"},
				"east": {"uv": [1, 0, 0, 1], "texture": "#0"},
				"south": {"uv": [1, 0, 0, 1], "texture": "#0"},
				"west": {"uv": [1, 0, 0, 1], "texture": "#0"},
				"up": {"uv": [1, 0, 0, 1], "texture": "#0"},
				"down": {"uv": [1, 0, 0, 1], "texture": "#0"}
			}
		},
		{
			"from": [0, 12, 15],
			"to": [2, 13, 17],
			"rotation": {"angle": 0, "axis": "y", "origin": [-8, 7, 6]},
			"faces": {
				"north": {"uv": [0, 0, 16, 16], "texture": "#0"},
				"east": {"uv": [0, 0, 1, 1], "texture": "#0"},
				"south": {"uv": [0, 0, 1, 1], "texture": "#0"},
				"west": {"uv": [0, 0, 1, 1], "texture": "#0"},
				"up": {"uv": [0, 0, 1, 1], "texture": "#0"},
				"down": {"uv": [0, 0, 1, 1], "texture": "#0"}
			}
		},
		{
			"from": [14, 12, 15],
			"to": [16, 13, 17],
			"rotation": {"angle": 0, "axis": "y", "origin": [24, 7, 6]},
			"faces": {
				"north": {"uv": [16, 0, 0, 16], "texture": "#0"},
				"east": {"uv": [1, 0, 0, 1], "texture": "#0"},
				"south": {"uv": [1, 0, 0, 1], "texture": "#0"},
				"west": {"uv": [1, 0, 0, 1], "texture": "#0"},
				"up": {"uv": [1, 0, 0, 1], "texture": "#0"},
				"down": {"uv": [1, 0, 0, 1], "texture": "#0"}
			}
		},
		{
			"from": [0, 12, 14],
			"to": [1, 13, 15],
			"rotation": {"angle": 0, "axis": "y", "origin": [-8, 7, 6]},
			"faces": {
				"north": {"uv": [0, 0, 16, 16], "texture": "#0"},
				"east": {"uv": [0, 0, 1, 1], "texture": "#0"},
				"south": {"uv": [0, 0, 1, 1], "texture": "#0"},
				"west": {"uv": [0, 0, 1, 1], "texture": "#0"},
				"up": {"uv": [0, 0, 1, 1], "texture": "#0"},
				"down": {"uv": [0, 0, 1, 1], "texture": "#0"}
			}
		},
		{
			"from": [15, 12, 14],
			"to": [16, 13, 15],
			"rotation": {"angle": 0, "axis": "y", "origin": [24, 7, 6]},
			"faces": {
				"north": {"uv": [16, 0, 0, 16], "texture": "#0"},
				"east": {"uv": [1, 0, 0, 1], "texture": "#0"},
				"south": {"uv": [1, 0, 0, 1], "texture": "#0"},
				"west": {"uv": [1, 0, 0, 1], "texture": "#0"},
				"up": {"uv": [1, 0, 0, 1], "texture": "#0"},
				"down": {"uv": [1, 0, 0, 1], "texture": "#0"}
			}
		},
		{
			"from": [0, 12, 13],
			"to": [1, 13, 14],
			"rotation": {"angle": 0, "axis": "y", "origin": [-8, 7, 6]},
			"faces": {
				"north": {"uv": [0, 0, 16, 16], "texture": "#0"},
				"east": {"uv": [0, 0, 1, 1], "texture": "#0"},
				"south": {"uv": [0, 0, 1, 1], "texture": "#0"},
				"west": {"uv": [0, 0, 1, 1], "texture": "#0"},
				"up": {"uv": [0, 0, 1, 1], "texture": "#0"},
				"down": {"uv": [0, 0, 1, 1], "texture": "#0"}
			}
		},
		{
			"from": [15, 12, 13],
			"to": [16, 13, 14],
			"rotation": {"angle": 0, "axis": "y", "origin": [24, 7, 6]},
			"faces": {
				"north": {"uv": [16, 0, 0, 16], "texture": "#0"},
				"east": {"uv": [1, 0, 0, 1], "texture": "#0"},
				"south": {"uv": [1, 0, 0, 1], "texture": "#0"},
				"west": {"uv": [1, 0, 0, 1], "texture": "#0"},
				"up": {"uv": [1, 0, 0, 1], "texture": "#0"},
				"down": {"uv": [1, 0, 0, 1], "texture": "#0"}
			}
		}
	]
}