{
	"credit": "Made with Blockbench",
	"textures": {
		"2": "hats/jah_wool",
		"3": "block/black_wool",
		"particle": "block/black_wool",
		"glass": "block/glass"
	},
	"elements": [
		{
			"from": [-1, 14, -1],
			"to": [8, 15.21, 17],
			"faces": {
				"north": {"uv": [0, 14, 16, 16], "texture": "#3", "cullface": "up"},
				"east": {"uv": [0, 0, 16, 16], "texture": "#3", "cullface": "up"},
				"south": {"uv": [0, 14, 16, 16], "texture": "#3", "cullface": "up"},
				"west": {"uv": [0, 14, 16, 16], "texture": "#3", "cullface": "up"},
				"up": {"uv": [0, 0, 16, 16], "texture": "#3", "cullface": "up"},
				"down": {"uv": [0, 0, 16, 16], "texture": "#3", "cullface": "up"}
			}
		},
		{
			"from": [8, 14, -1],
			"to": [17, 15.21, 17],
			"faces": {
				"north": {"uv": [0, 14, 16, 16], "texture": "#2", "cullface": "up"},
				"east": {"uv": [0, 14, 16, 16], "texture": "#2", "cullface": "up"},
				"south": {"uv": [0, 14, 16, 16], "texture": "#2", "cullface": "up"},
				"west": {"uv": [0, 0, 16, 16], "texture": "#2", "cullface": "up"},
				"up": {"uv": [0, 0, 16, 16], "texture": "#2", "cullface": "up"},
				"down": {"uv": [0, 0, 16, 16], "texture": "#2", "cullface": "up"}
			}
		},
		{
			"from": [2, 15, 2],
			"to": [8, 31, 14],
			"faces": {
				"north": {"uv": [0, 0, 16, 16], "texture": "#3", "cullface": "north"},
				"east": {"uv": [0, 0, 16, 16], "texture": "#3", "cullface": "north"},
				"south": {"uv": [0, 0, 16, 16], "texture": "#3", "cullface": "north"},
				"west": {"uv": [0, 0, 16, 16], "texture": "#3", "cullface": "north"},
				"up": {"uv": [0, 0, 16, 16], "texture": "#3", "cullface": "north"},
				"down": {"uv": [0, 0, 16, 16], "texture": "#3", "cullface": "north"}
			}
		},
		{
			"from": [8, 15, 2],
			"to": [14, 31, 14],
			"faces": {
				"north": {"uv": [0, 0, 16, 16], "texture": "#2", "cullface": "north"},
				"east": {"uv": [0, 0, 16, 16], "texture": "#2", "cullface": "north"},
				"south": {"uv": [0, 0, 16, 16], "texture": "#2", "cullface": "north"},
				"west": {"uv": [0, 0, 16, 16], "texture": "#2", "cullface": "north"},
				"up": {"uv": [0, 0, 16, 16], "texture": "#2", "cullface": "north"},
				"down": {"uv": [0, 0, 16, 16], "texture": "#2", "cullface": "north"}
			}
		},
		{
			"from": [1, 0, 1],
			"to": [2, 7, 2],
			"faces": {
				"north": {"uv": [0, 0, 16, 16], "texture": "#3", "cullface": "north"},
				"east": {"uv": [0, 0, 16, 16], "texture": "#3", "cullface": "north"},
				"south": {"uv": [0, 0, 16, 16], "texture": "#3", "cullface": "north"},
				"west": {"uv": [0, 0, 16, 16], "texture": "#3", "cullface": "north"},
				"up": {"uv": [0, 0, 16, 16], "texture": "#3", "cullface": "north"},
				"down": {"uv": [0, 0, 16, 16], "texture": "#3", "cullface": "north"}
			}
		},
		{
			"from": [2, 6, 1],
			"to": [4, 7, 2],
			"faces": {
				"north": {"uv": [0, 0, 16, 16], "texture": "#3", "cullface": "north"},
				"east": {"uv": [0, 0, 16, 16], "texture": "#3", "cullface": "north"},
				"south": {"uv": [0, 0, 16, 16], "texture": "#3", "cullface": "north"},
				"west": {"uv": [0, 0, 16, 16], "texture": "#3", "cullface": "north"},
				"up": {"uv": [0, 0, 16, 16], "texture": "#3", "cullface": "north"},
				"down": {"uv": [0, 0, 16, 16], "texture": "#3", "cullface": "north"}
			}
		},
		{
			"from": [4, 6, 1],
			"to": [6, 8, 2],
			"faces": {
				"north": {"uv": [0, 0, 16, 16], "texture": "#glass", "cullface": "north"}
			}
		}
	],
	"display": {
		"thirdperson_righthand": {
			"translation": [0, -3, 0],
			"scale": [0.5, 0.5, 0.5]
		},
		"thirdperson_lefthand": {
			"translation": [0, -3, 0],
			"scale": [0.5, 0.5, 0.5]
		},
		"firstperson_righthand": {
			"scale": [0.5, 0.5, 0.5]
		},
		"firstperson_lefthand": {
			"scale": [0.5, 0.5, 0.5]
		},
		"ground": {
			"scale": [0.5, 0.5, 0.5]
		},
		"gui": {
			"rotation": [18, -150, 0],
			"translation": [0, -3.75, 0],
			"scale": [0.5, 0.5, 0.5]
		},
		"fixed": {
			"translation": [0, -4, 0],
			"scale": [0.5, 0.5, 0.5]
		}
	}
}