{
	"credit": "Made with Blockbench",
	"textures": {
		"black": "hats/jeb_wool",
		"grey": "block/light_gray_wool"
	},
	"elements": [
		{
			"from": [-1, 14, -1],
			"to": [17, 15.21, 17],
			"faces": {
				"north": {"uv": [0, 0, 16, 1], "texture": "#black", "cullface": "north"},
				"east": {"uv": [0, 0, 16, 1], "texture": "#black", "cullface": "east"},
				"south": {"uv": [0, 0, 16, 1], "texture": "#black", "cullface": "south"},
				"west": {"uv": [0, 0, 16, 1], "texture": "#black", "cullface": "west"},
				"up": {"uv": [0, 0, 16, 16], "texture": "#black", "cullface": "up"},
				"down": {"uv": [0, 0, 16, 16], "texture": "#black", "cullface": "down"}
			}
		},
		{
			"from": [2.5, 15, 2.5],
			"to": [13.5, 17, 13.5],
			"faces": {
				"north": {"uv": [0, 0, 12, 2], "texture": "#grey", "cullface": "north"},
				"east": {"uv": [0, 0, 12, 2], "texture": "#grey", "cullface": "east"},
				"south": {"uv": [0, 0, 12, 2], "texture": "#grey", "cullface": "south"},
				"west": {"uv": [0, 0, 12, 2], "texture": "#grey", "cullface": "west"},
				"up": {"uv": [0, 0, 12, 12], "texture": "#black", "cullface": "north"},
				"down": {"uv": [0, 0, 12, 12], "texture": "#black", "cullface": "north"}
			}
		},
		{
			"from": [2.5, 17, 2.5],
			"to": [13.5, 27, 13.5],
			"faces": {
				"north": {"uv": [0, 0, 12, 6], "texture": "#black", "cullface": "north"},
				"east": {"uv": [0, 0, 12, 6], "texture": "#black", "cullface": "north"},
				"south": {"uv": [0, 0, 12, 6], "texture": "#black", "cullface": "north"},
				"west": {"uv": [0, 0, 12, 6], "texture": "#black", "cullface": "north"},
				"up": {"uv": [0, 0, 12, 12], "texture": "#black", "cullface": "north"},
				"down": {"uv": [0, 0, 12, 6], "texture": "#black", "cullface": "north"}
			}
		},
		{
			"from": [3.5, 17, 2],
			"to": [12.5, 27, 2.5],
			"faces": {
				"north": {"uv": [0, 0, 12, 10], "texture": "#black", "cullface": "north"},
				"east": {"uv": [0, 0, 1, 10], "texture": "#black", "cullface": "north"},
				"south": {"uv": [0, 0, 12, 10], "texture": "#black", "cullface": "north"},
				"west": {"uv": [0, 0, 1, 10], "texture": "#black", "cullface": "north"},
				"up": {"uv": [0, 0, 12, 1], "texture": "#black", "cullface": "north"},
				"down": {"uv": [0, 0, 12, 6], "texture": "#black", "cullface": "north"}
			}
		},
		{
			"from": [3.5, 15, 2],
			"to": [12.5, 17, 2.5],
			"faces": {
				"north": {"uv": [1, 0, 11, 2], "texture": "#grey", "cullface": "north"},
				"east": {"uv": [1, 0, 2, 2], "texture": "#grey", "cullface": "north"},
				"south": {"uv": [1, 0, 11, 2], "texture": "#grey", "cullface": "north"},
				"west": {"uv": [1, 0, 2, 2], "texture": "#grey", "cullface": "north"},
				"up": {"uv": [0, 0, 12, 6], "texture": "#black", "cullface": "north"},
				"down": {"uv": [0, 0, 12, 6], "texture": "#black", "cullface": "north"}
			}
		},
		{
			"from": [3.5, 15, 13.5],
			"to": [12.5, 17, 14],
			"faces": {
				"north": {"uv": [1, 0, 11, 2], "texture": "#grey", "cullface": "north"},
				"east": {"uv": [1, 0, 2, 2], "texture": "#grey", "cullface": "north"},
				"south": {"uv": [1, 0, 11, 2], "texture": "#grey", "cullface": "north"},
				"west": {"uv": [1, 0, 2, 2], "texture": "#grey", "cullface": "north"},
				"up": {"uv": [0, 0, 12, 6], "texture": "#black", "cullface": "north"},
				"down": {"uv": [0, 0, 12, 6], "texture": "#black", "cullface": "north"}
			}
		},
		{
			"from": [13.5, 15, 3.5],
			"to": [14, 17, 12.5],
			"faces": {
				"north": {"uv": [1, 0, 2, 2], "texture": "#grey", "cullface": "north"},
				"east": {"uv": [1, 0, 11, 2], "texture": "#grey", "cullface": "north"},
				"south": {"uv": [1, 0, 2, 2], "texture": "#grey", "cullface": "north"},
				"west": {"uv": [1, 0, 11, 2], "texture": "#grey", "cullface": "north"},
				"up": {"uv": [0, 0, 12, 6], "rotation": 270, "texture": "#black", "cullface": "north"},
				"down": {"uv": [0, 0, 12, 6], "rotation": 90, "texture": "#black", "cullface": "north"}
			}
		},
		{
			"from": [2, 15, 3.5],
			"to": [2.5, 17, 12.5],
			"faces": {
				"north": {"uv": [1, 0, 2, 2], "texture": "#grey", "cullface": "north"},
				"east": {"uv": [1, 0, 11, 2], "texture": "#grey", "cullface": "north"},
				"south": {"uv": [1, 0, 2, 2], "texture": "#grey", "cullface": "north"},
				"west": {"uv": [1, 0, 11, 2], "texture": "#grey", "cullface": "north"},
				"up": {"uv": [0, 0, 12, 6], "rotation": 270, "texture": "#black", "cullface": "north"},
				"down": {"uv": [0, 0, 12, 6], "rotation": 90, "texture": "#black", "cullface": "north"}
			}
		},
		{
			"from": [3.5, 17, 13.5],
			"to": [12.5, 27, 14],
			"faces": {
				"north": {"uv": [0, 0, 12, 10], "texture": "#black", "cullface": "north"},
				"east": {"uv": [0, 0, 1, 10], "texture": "#black", "cullface": "north"},
				"south": {"uv": [0, 0, 12, 10], "texture": "#black", "cullface": "north"},
				"west": {"uv": [0, 0, 1, 10], "texture": "#black", "cullface": "north"},
				"up": {"uv": [0, 0, 12, 1], "texture": "#black", "cullface": "north"},
				"down": {"uv": [0, 0, 12, 6], "texture": "#black", "cullface": "north"}
			}
		},
		{
			"from": [13.5, 17, 3.5],
			"to": [14, 27, 12.5],
			"faces": {
				"north": {"uv": [0, 0, 1, 10], "texture": "#black", "cullface": "north"},
				"east": {"uv": [0, 0, 12, 10], "texture": "#black", "cullface": "north"},
				"south": {"uv": [0, 0, 1, 10], "texture": "#black", "cullface": "north"},
				"west": {"uv": [0, 0, 12, 10], "texture": "#black", "cullface": "north"},
				"up": {"uv": [0, 0, 1, 12], "texture": "#black", "cullface": "north"},
				"down": {"uv": [0, 0, 12, 6], "rotation": 90, "texture": "#black", "cullface": "north"}
			}
		},
		{
			"from": [2, 17, 3.5],
			"to": [2.5, 27, 12.5],
			"faces": {
				"north": {"uv": [0, 0, 1, 10], "texture": "#black", "cullface": "north"},
				"east": {"uv": [0, 0, 12, 10], "texture": "#black", "cullface": "north"},
				"south": {"uv": [0, 0, 1, 10], "texture": "#black", "cullface": "north"},
				"west": {"uv": [0, 0, 12, 10], "texture": "#black", "cullface": "north"},
				"up": {"uv": [0, 0, 1, 12], "texture": "#black", "cullface": "north"},
				"down": {"uv": [0, 0, 12, 6], "rotation": 90, "texture": "#black", "cullface": "north"}
			}
		}
	],
	"display": {
		"thirdperson_righthand": {
			"translation": [0, -3, 0],
			"scale": [0.5, 0.5, 0.5]
		},
		"thirdperson_lefthand": {
			"translation": [0, -3, 0],
			"scale": [0.5, 0.5, 0.5]
		},
		"firstperson_righthand": {
			"scale": [0.5, 0.5, 0.5]
		},
		"firstperson_lefthand": {
			"scale": [0.5, 0.5, 0.5]
		},
		"ground": {
			"translation": [0, -6.25, 0],
			"scale": [0.5, 0.5, 0.5]
		},
		"gui": {
			"rotation": [18, -150, 0],
			"translation": [0, -5.75, 0],
			"scale": [0.65, 0.65, 0.65]
		},
		"fixed": {
			"translation": [0, -9, 4]
		}
	}
}