{
	"credit": "Made with Blockbench",
	"textures": {
		"1": "hats/jeb_wool",
		"particle": "hats/jeb_wool",
		"grey": "block/light_gray_wool"
	},
	"elements": [
		{
			"from": [-1, 14, -1],
			"to": [17, 15.21, 17],
			"faces": {
				"north": {"uv": [0, 0, 16, 1], "texture": "#1", "cullface": "north"},
				"east": {"uv": [0, 0, 16, 1], "texture": "#1", "cullface": "north"},
				"south": {"uv": [0, 0, 16, 1], "texture": "#1", "cullface": "north"},
				"west": {"uv": [0, 0, 16, 1], "texture": "#1", "cullface": "north"},
				"up": {"uv": [0, 0, 16, 16], "texture": "#1", "cullface": "north"},
				"down": {"uv": [0, 0, 16, 16], "texture": "#1", "cullface": "north"}
			}
		},
		{
			"from": [2, 15, 2],
			"to": [14, 17, 14],
			"faces": {
				"north": {"uv": [0, 0, 12, 2], "texture": "#grey", "cullface": "north"},
				"east": {"uv": [0, 0, 12, 2], "texture": "#grey", "cullface": "east"},
				"south": {"uv": [0, 0, 12, 2], "texture": "#grey", "cullface": "south"},
				"west": {"uv": [0, 0, 12, 2], "texture": "#grey", "cullface": "west"}
			}
		},
		{
			"from": [2, 17, 2],
			"to": [14, 21, 14],
			"faces": {
				"north": {"uv": [0, 0, 12, 7], "texture": "#1", "cullface": "up"},
				"east": {"uv": [0, 0, 12, 7], "texture": "#1", "cullface": "up"},
				"south": {"uv": [0, 0, 12, 7], "texture": "#1", "cullface": "up"},
				"west": {"uv": [0, 0, 12, 7], "texture": "#1", "cullface": "up"},
				"up": {"uv": [0, 0, 13, 12], "texture": "#1", "cullface": "up"},
				"down": {"uv": [0, 0, 12, 7], "texture": "#1", "cullface": "up"}
			}
		}
	],
	"display": {
		"thirdperson_righthand": {
			"translation": [0, -3, 0],
			"scale": [0.5, 0.5, 0.5]
		},
		"thirdperson_lefthand": {
			"translation": [0, -3, 0],
			"scale": [0.5, 0.5, 0.5]
		},
		"firstperson_righthand": {
			"scale": [0.5, 0.5, 0.5]
		},
		"firstperson_lefthand": {
			"scale": [0.5, 0.5, 0.5]
		},
		"ground": {
			"translation": [0, -6.5, 0],
			"scale": [0.5, 0.5, 0.5]
		},
		"gui": {
			"rotation": [20, 20, 0],
			"translation": [0, -5.5, 0],
			"scale": [0.75, 0.75, 0.75]
		},
		"fixed": {
			"translation": [0, -8.75, 0]
		}
	}
}