{
	"credit": "Made with Blockbench",
	"textures": {
		"2": "block/orange_wool",
		"4": "block/white_wool",
		"5": "block/blue_wool",
		"7": "block/white_wool",
		"8": "hats/redwhite",
		"9": "hats/redwhitetop",
		"10": "item/firework_rocket",
		"particle": "block/black_wool"
	},
	"elements": [
		{
			"from": [-1, 14, -1],
			"to": [17, 15.21, 17],
			"faces": {
				"north": {"uv": [0, 13, 14, 14], "texture": "#5", "cullface": "north"},
				"east": {"uv": [0, 0, 14, 1], "texture": "#5", "cullface": "north"},
				"south": {"uv": [0, 0, 14, 1], "texture": "#5", "cullface": "north"},
				"west": {"uv": [0, 0, 14, 1], "texture": "#5", "cullface": "north"},
				"up": {"uv": [0, 0, 14, 14], "texture": "#5", "cullface": "north"},
				"down": {"uv": [0, 0, 14, 14], "texture": "#5", "cullface": "north"}
			}
		},
		{
			"from": [2, 18, 2],
			"to": [14, 21, 14],
			"faces": {
				"north": {"uv": [0, 0, 16, 4], "texture": "#8", "cullface": "up"},
				"east": {"uv": [0, 0, 16, 4], "rotation": 180, "texture": "#8", "cullface": "up"},
				"south": {"uv": [0, 0, 16, 4], "texture": "#8", "cullface": "up"},
				"west": {"uv": [0, 0, 16, 4], "rotation": 180, "texture": "#8", "cullface": "up"},
				"up": {"uv": [0, 0, 16, 16], "rotation": 180, "texture": "#9", "cullface": "up"},
				"down": {"uv": [0, 0, 12, 7], "texture": "#4", "cullface": "up"}
			}
		},
		{
			"from": [2, 15, 2],
			"to": [14, 18, 14],
			"faces": {
				"north": {"uv": [0, 0, 13, 3], "texture": "#5", "cullface": "up"},
				"east": {"uv": [0, 0, 16, 4], "texture": "#5", "cullface": "up"},
				"south": {"uv": [0, 0, 16, 4], "texture": "#5", "cullface": "up"},
				"west": {"uv": [0, 0, 16, 4], "texture": "#5", "cullface": "up"},
				"up": {"uv": [0, 0, 13, 12], "texture": "#2", "cullface": "up"},
				"down": {"uv": [0, 0, 12, 4], "texture": "#2", "cullface": "up"}
			}
		},
		{
			"from": [7.3, 15.8, 1.7],
			"to": [8.8, 17.4, 14.3],
			"rotation": {"angle": 0, "axis": "y", "origin": [7, 15.6, 1.7]},
			"faces": {
				"north": {"uv": [6, 7, 4, 9], "rotation": 180, "texture": "#7"},
				"east": {"uv": [2, 1, 3.5, 1.6], "texture": "#7"},
				"south": {"uv": [6, 7, 4, 9], "rotation": 180, "texture": "#7"},
				"west": {"uv": [2, 1, 3.5, 1.6], "texture": "#7"},
				"up": {"uv": [2, 1, 3.5, 1.6], "texture": "#7"},
				"down": {"uv": [2, 1, 3.5, 1.6], "texture": "#7"}
			}
		},
		{
			"from": [10.8, 15.8, 1.7],
			"to": [12.3, 17.4, 14.3],
			"rotation": {"angle": 0, "axis": "y", "origin": [10.5, 15.6, 1.7]},
			"faces": {
				"north": {"uv": [6, 7, 4, 9], "rotation": 180, "texture": "#7"},
				"east": {"uv": [2, 1, 3.5, 1.6], "texture": "#7"},
				"south": {"uv": [6, 7, 4, 9], "rotation": 180, "texture": "#7"},
				"west": {"uv": [2, 1, 3.5, 1.6], "texture": "#7"},
				"up": {"uv": [2, 1, 3.5, 1.6], "texture": "#7"},
				"down": {"uv": [2, 1, 3.5, 1.6], "texture": "#7"}
			}
		},
		{
			"from": [3.8, 15.8, 1.7],
			"to": [5.3, 17.4, 14.3],
			"rotation": {"angle": 0, "axis": "y", "origin": [3.5, 15.6, 1.7]},
			"faces": {
				"north": {"uv": [6, 7, 4, 9], "rotation": 180, "texture": "#7"},
				"east": {"uv": [2, 1, 3.5, 1.6], "texture": "#7"},
				"south": {"uv": [6, 7, 4, 9], "rotation": 180, "texture": "#7"},
				"west": {"uv": [2, 1, 3.5, 1.6], "texture": "#7"},
				"up": {"uv": [2, 1, 3.5, 1.6], "texture": "#7"},
				"down": {"uv": [2, 1, 3.5, 1.6], "texture": "#7"}
			}
		},
		{
			"from": [1.75, 15.8, 3.75],
			"to": [14.35, 17.4, 5.25],
			"rotation": {"angle": 0, "axis": "y", "origin": [8.05, 16.6, 8]},
			"faces": {
				"north": {"uv": [2, 1, 3.5, 1.6], "texture": "#7"},
				"east": {"uv": [6, 7, 4, 9], "rotation": 180, "texture": "#7"},
				"south": {"uv": [2, 1, 3.5, 1.6], "texture": "#7"},
				"west": {"uv": [6, 7, 4, 9], "rotation": 180, "texture": "#7"},
				"up": {"uv": [2, 1, 3.5, 1.6], "rotation": 90, "texture": "#7"},
				"down": {"uv": [2, 1, 3.5, 1.6], "rotation": 270, "texture": "#7"}
			}
		},
		{
			"from": [1.75, 15.8, 7.25],
			"to": [14.35, 17.4, 8.75],
			"rotation": {"angle": 0, "axis": "y", "origin": [8.05, 16.6, 8]},
			"faces": {
				"north": {"uv": [2, 1, 3.5, 1.6], "texture": "#7"},
				"east": {"uv": [6, 7, 4, 9], "rotation": 180, "texture": "#7"},
				"south": {"uv": [2, 1, 3.5, 1.6], "texture": "#7"},
				"west": {"uv": [6, 7, 4, 9], "rotation": 180, "texture": "#7"},
				"up": {"uv": [2, 1, 3.5, 1.6], "rotation": 90, "texture": "#7"},
				"down": {"uv": [2, 1, 3.5, 1.6], "rotation": 270, "texture": "#7"}
			}
		},
		{
			"from": [1.75, 15.8, 10.75],
			"to": [14.35, 17.4, 12.25],
			"rotation": {"angle": 0, "axis": "y", "origin": [8.05, 16.6, 8]},
			"faces": {
				"north": {"uv": [2, 1, 3.5, 1.6], "texture": "#7"},
				"east": {"uv": [6, 7, 4, 9], "rotation": 180, "texture": "#7"},
				"south": {"uv": [2, 1, 3.5, 1.6], "texture": "#7"},
				"west": {"uv": [6, 7, 4, 9], "rotation": 180, "texture": "#7"},
				"up": {"uv": [2, 1, 3.5, 1.6], "rotation": 90, "texture": "#7"},
				"down": {"uv": [2, 1, 3.5, 1.6], "rotation": 270, "texture": "#7"}
			}
		},
		{
			"name": "firework_rocket_4",
			"from": [1.25, 23.1, 10.5],
			"to": [2, 24.6, 11.25],
			"rotation": {"angle": 22.5, "axis": "x", "origin": [2, 15.6, 3]},
			"faces": {
				"north": {"uv": [10, 4, 11, 6], "texture": "#10"},
				"east": {"uv": [11, 4, 10, 6], "texture": "#10"},
				"south": {"uv": [10, 4, 11, 6], "texture": "#10"},
				"west": {"uv": [10, 4, 11, 6], "texture": "#10"},
				"up": {"uv": [10, 4, 11, 5], "rotation": 90, "texture": "#10"},
				"down": {"uv": [10, 5, 11, 6], "rotation": 270, "texture": "#10"}
			}
		},
		{
			"name": "firework_rocket_3",
			"from": [1.25, 23.1, 7.5],
			"to": [2, 24.6, 8.25],
			"rotation": {"angle": 22.5, "axis": "x", "origin": [2, 15.6, 3]},
			"faces": {
				"north": {"uv": [6, 4, 7, 6], "texture": "#10"},
				"east": {"uv": [7, 4, 6, 6], "texture": "#10"},
				"south": {"uv": [6, 4, 7, 6], "texture": "#10"},
				"west": {"uv": [6, 4, 7, 6], "texture": "#10"},
				"up": {"uv": [6, 4, 7, 5], "rotation": 90, "texture": "#10"},
				"down": {"uv": [6, 5, 7, 6], "rotation": 270, "texture": "#10"}
			}
		},
		{
			"name": "firework_rocket_2",
			"from": [1.25, 17.35, 9.75],
			"to": [2, 25.35, 10.5],
			"rotation": {"angle": 22.5, "axis": "x", "origin": [2, 15.6, 3]},
			"faces": {
				"north": {"uv": [9, 3, 10, 14], "texture": "#10"},
				"east": {"uv": [10, 3, 9, 14], "texture": "#10"},
				"south": {"uv": [9, 3, 10, 14], "texture": "#10"},
				"west": {"uv": [9, 3, 10, 14], "texture": "#10"},
				"up": {"uv": [9, 3, 10, 4], "rotation": 90, "texture": "#10"},
				"down": {"uv": [9, 13, 10, 14], "rotation": 270, "texture": "#10"}
			}
		},
		{
			"name": "firework_rocket_1",
			"from": [1.25, 17.1, 8.25],
			"to": [2, 25.35, 9],
			"rotation": {"angle": 22.5, "axis": "x", "origin": [2, 15.6, 3]},
			"faces": {
				"north": {"uv": [7, 3, 8, 14], "texture": "#10"},
				"east": {"uv": [8, 3, 7, 14], "texture": "#10"},
				"south": {"uv": [7, 3, 8, 14], "texture": "#10"},
				"west": {"uv": [7, 3, 8, 14], "texture": "#10"},
				"up": {"uv": [7, 3, 8, 4], "rotation": 90, "texture": "#10"},
				"down": {"uv": [7, 13, 8, 14], "rotation": 270, "texture": "#10"}
			}
		},
		{
			"name": "firework_rocket_0",
			"from": [1.25, 17.1, 9],
			"to": [2, 26.1, 9.75],
			"rotation": {"angle": 22.5, "axis": "x", "origin": [2, 15.6, 3]},
			"faces": {
				"north": {"uv": [8, 2, 9, 14], "texture": "#10"},
				"east": {"uv": [9, 2, 8, 14], "texture": "#10"},
				"south": {"uv": [8, 2, 9, 14], "texture": "#10"},
				"west": {"uv": [8, 2, 9, 14], "texture": "#10"},
				"up": {"uv": [8, 2, 9, 3], "rotation": 90, "texture": "#10"},
				"down": {"uv": [8, 13, 9, 14], "rotation": 270, "texture": "#10"}
			}
		}
	],
	"display": {
		"thirdperson_righthand": {
			"translation": [0, -3, 0],
			"scale": [0.5, 0.5, 0.5]
		},
		"thirdperson_lefthand": {
			"translation": [0, -3, 0],
			"scale": [0.5, 0.5, 0.5]
		},
		"firstperson_righthand": {
			"scale": [0.5, 0.5, 0.5]
		},
		"firstperson_lefthand": {
			"scale": [0.5, 0.5, 0.5]
		},
		"ground": {
			"translation": [0, -6.5, 0],
			"scale": [0.5, 0.5, 0.5]
		},
		"gui": {
			"rotation": [18, -150, 0],
			"translation": [0, -5.75, 0],
			"scale": [0.65, 0.65, 0.65]
		},
		"fixed": {
			"translation": [0, -8.75, 0]
		}
	}
}