{
	"credit": "Made with Blockbench",
	"texture_size": [32, 32],
	"textures": {
		"0": "hats/hat/knight_helmet",
		"particle": "hats/hat/knight_helmet"
	},
	"elements": [
		{
			"from": [4, 0, 8],
			"to": [12, 8, 14],
			"faces": {
				"north": {"uv": [0, 0, 4, 4], "texture": "#0"},
				"east": {"uv": [4, 7, 7, 11], "texture": "#0"},
				"south": {"uv": [0, 4, 4, 8], "texture": "#0"},
				"west": {"uv": [7, 7, 10, 11], "texture": "#0"},
				"up": {"uv": [11.5, 3, 7.5, 0], "texture": "#0"},
				"down": {"uv": [11.5, 3, 7.5, 6], "texture": "#0"}
			}
		},
		{
			"from": [4, 7, 6],
			"to": [12, 8, 8],
			"faces": {
				"north": {"uv": [11.5, 2, 15.5, 2.5], "texture": "#0"},
				"east": {"uv": [9, 6, 10, 6.5], "texture": "#0"},
				"south": {"uv": [11.5, 2.5, 15.5, 3], "texture": "#0"},
				"west": {"uv": [9, 6.5, 10, 7], "texture": "#0"},
				"up": {"uv": [15.5, 1, 11.5, 0], "texture": "#0"},
				"down": {"uv": [15.5, 1, 11.5, 2], "texture": "#0"}
			}
		},
		{
			"from": [7, 6, 6],
			"to": [9, 7, 6],
			"faces": {
				"north": {"uv": [3.5, 13, 4.5, 13.5], "texture": "#0"},
				"east": {"uv": [0, 0, 0, 0.5], "texture": "#0"},
				"south": {"uv": [13, 4, 14, 4.5], "texture": "#0"},
				"west": {"uv": [0, 0, 0, 0.5], "texture": "#0"},
				"up": {"uv": [1, 0, 0, 0], "texture": "#0"},
				"down": {"uv": [1, 0, 0, 0], "texture": "#0"}
			}
		},
		{
			"from": [8, 12.75, 7.5],
			"to": [8, 19.75, 14.5],
			"rotation": {"angle": 22.5, "axis": "x", "origin": [0, 0, 0]},
			"faces": {
				"north": {"uv": [0, 0, 0, 3.5], "texture": "#0"},
				"east": {"uv": [4, 0, 7.5, 3.5], "texture": "#0"},
				"south": {"uv": [0, 0, 0, 3.5], "texture": "#0"},
				"west": {"uv": [4, 3.5, 7.5, 7], "texture": "#0"},
				"up": {"uv": [0, 3.5, 0, 0], "texture": "#0"},
				"down": {"uv": [0, 0, 0, 3.5], "texture": "#0"}
			}
		},
		{
			"from": [6.5, 10.75, 6.5],
			"to": [9.5, 12.75, 9.5],
			"rotation": {"angle": 22.5, "axis": "x", "origin": [0, 0, 0]},
			"faces": {
				"north": {"uv": [7.5, 6, 9, 7], "texture": "#0"},
				"east": {"uv": [11.5, 4, 13, 5], "texture": "#0"},
				"south": {"uv": [11.5, 5, 13, 6], "texture": "#0"},
				"west": {"uv": [2, 12.5, 3.5, 13.5], "texture": "#0"},
				"up": {"uv": [8.5, 12.5, 7, 11], "texture": "#0"},
				"down": {"uv": [10, 11, 8.5, 12.5], "texture": "#0"}
			}
		},
		{
			"from": [3.75, 8.5, -0.5],
			"to": [4, 12.5, 6.5],
			"rotation": {"angle": 45, "axis": "x", "origin": [0, 0, 0]},
			"faces": {
				"north": {"uv": [11, 12.5, 11.5, 14.5], "texture": "#0"},
				"east": {"uv": [10, 8.5, 13.5, 10.5], "texture": "#0"},
				"south": {"uv": [11.5, 12.5, 12, 14.5], "texture": "#0"},
				"west": {"uv": [0, 10.5, 3.5, 12.5], "texture": "#0"},
				"up": {"uv": [0.5, 16, 0, 12.5], "texture": "#0"},
				"down": {"uv": [1, 12.5, 0.5, 16], "texture": "#0"}
			}
		},
		{
			"from": [12, 8.5, -0.5],
			"to": [12.25, 12.5, 6.5],
			"rotation": {"angle": 45, "axis": "x", "origin": [0, 0, 0]},
			"faces": {
				"north": {"uv": [12, 12.5, 12.5, 14.5], "texture": "#0"},
				"east": {"uv": [10, 10.5, 13.5, 12.5], "texture": "#0"},
				"south": {"uv": [12.5, 12.5, 13, 14.5], "texture": "#0"},
				"west": {"uv": [3.5, 11, 7, 13], "texture": "#0"},
				"up": {"uv": [1.5, 16, 1, 12.5], "texture": "#0"},
				"down": {"uv": [2, 12.5, 1.5, 16], "texture": "#0"}
			}
		},
		{
			"from": [12, 8.5, -1.5],
			"to": [12.25, 13.5, -0.5],
			"rotation": {"angle": 45, "axis": "x", "origin": [0, 0, 0]},
			"faces": {
				"north": {"uv": [7, 12.5, 7.5, 15], "texture": "#0"},
				"east": {"uv": [7.5, 12.5, 8, 15], "texture": "#0"},
				"south": {"uv": [8, 12.5, 8.5, 15], "texture": "#0"},
				"west": {"uv": [8.5, 12.5, 9, 15], "texture": "#0"},
				"up": {"uv": [4, 11, 3.5, 10.5], "texture": "#0"},
				"down": {"uv": [5, 13, 4.5, 13.5], "texture": "#0"}
			}
		},
		{
			"from": [3.75, 8.5, -1.5],
			"to": [4, 13.5, -0.5],
			"rotation": {"angle": 45, "axis": "x", "origin": [0, 0, 0]},
			"faces": {
				"north": {"uv": [9, 12.5, 9.5, 15], "texture": "#0"},
				"east": {"uv": [9.5, 12.5, 10, 15], "texture": "#0"},
				"south": {"uv": [10, 12.5, 10.5, 15], "texture": "#0"},
				"west": {"uv": [10.5, 12.5, 11, 15], "texture": "#0"},
				"up": {"uv": [13.5, 5, 13, 4.5], "texture": "#0"},
				"down": {"uv": [5.5, 13, 5, 13.5], "texture": "#0"}
			}
		},
		{
			"from": [4, 13.5, -1.5],
			"to": [12, 13.5, -0.5],
			"rotation": {"angle": 45, "axis": "x", "origin": [0, 0, 0]},
			"faces": {
				"north": {"uv": [0, 0, 4, 0], "texture": "#0"},
				"east": {"uv": [0, 0, 0.5, 0], "texture": "#0"},
				"south": {"uv": [0, 0, 4, 0], "texture": "#0"},
				"west": {"uv": [0, 0, 0.5, 0], "texture": "#0"},
				"up": {"uv": [15.5, 3.5, 11.5, 3], "texture": "#0"},
				"down": {"uv": [15.5, 3.5, 11.5, 4], "texture": "#0"}
			}
		},
		{
			"from": [4, 8.5, -1.5],
			"to": [12, 13.5, -1.5],
			"rotation": {"angle": 45, "axis": "x", "origin": [0, 0, 0]},
			"faces": {
				"north": {"uv": [0, 8, 4, 10.5], "texture": "#0"},
				"east": {"uv": [0, 0, 0, 2.5], "texture": "#0"},
				"south": {"uv": [10, 6, 14, 8.5], "texture": "#0"},
				"west": {"uv": [0, 0, 0, 2.5], "texture": "#0"},
				"up": {"uv": [4, 0, 0, 0], "texture": "#0"},
				"down": {"uv": [4, 0, 0, 0], "texture": "#0"}
			}
		}
	],
	"display": {
		"thirdperson_righthand": {
			"translation": [0, 0.25, -3.75],
			"scale": [0.6, 0.6, 0.6]
		},
		"thirdperson_lefthand": {
			"translation": [0, 0.25, -3.75],
			"scale": [0.6, 0.6, 0.6]
		},
		"firstperson_righthand": {
			"translation": [0, 0.25, 0]
		},
		"firstperson_lefthand": {
			"translation": [0, 0.25, 0]
		},
		"ground": {
			"translation": [0, 3, -1.5],
			"scale": [0.8, 0.8, 0.8]
		},
		"gui": {
			"rotation": [7, -145, 0],
			"translation": [1, 1.5, 0]
		},
		"head": {
			"translation": [0, 8, -4],
			"scale": [1.9, 1.9, 1.9]
		}
	},
	"groups": [
		{
			"name": "knight_helmet",
			"origin": [8, 8, 8],
			"color": 0,
			"children": [
				{
					"name": "base",
					"origin": [0, 0, 0],
					"color": 0,
					"children": [0, 1, 2, 3, 4, 5, 6, 7, 8, 9, 10]
				}
			]
		}
	]
}