{
	"credit": "Made with Blockbench",
	"textures": {
		"0": "snights_cosmetics_v2:krusty_krab_hat",
		"particle": "hats/hat/krusty_krab_hat"
	},
	"elements": [
		{
			"from": [5, 0, 1],
			"to": [8, 1, 4],
			"faces": {
				"north": {"uv": [9, 6, 12, 7], "texture": "#0"},
				"east": {"uv": [9, 7, 12, 8], "texture": "#0"},
				"south": {"uv": [9, 8, 12, 9], "texture": "#0"},
				"west": {"uv": [9, 9, 12, 10], "texture": "#0"},
				"up": {"uv": [6, 10, 3, 7], "texture": "#0"},
				"down": {"uv": [9, 7, 6, 10], "texture": "#0"}
			}
		},
		{
			"from": [5, 0, 4],
			"to": [8, 7, 7],
			"faces": {
				"north": {"uv": [0, 0, 3, 7], "texture": "#0"},
				"east": {"uv": [3, 0, 6, 7], "texture": "#0"},
				"south": {"uv": [6, 0, 9, 7], "texture": "#0"},
				"west": {"uv": [0, 7, 3, 14], "texture": "#0"},
				"up": {"uv": [12, 3, 9, 0], "texture": "#0"},
				"down": {"uv": [12, 3, 9, 6], "texture": "#0"}
			}
		}
	],
	"display": {
		"thirdperson_righthand": {
			"translation": [1.75, 8.25, 5]
		},
		"thirdperson_lefthand": {
			"translation": [-1.75, 8.25, 5]
		},
		"firstperson_righthand": {
			"translation": [0, 3, 0]
		},
		"firstperson_lefthand": {
			"translation": [0, 3, 0]
		},
		"ground": {
			"translation": [1.5, 3.75, 5]
		},
		"gui": {
			"rotation": [35, -144, 0],
			"translation": [-3.25, 4.25, 0]
		},
		"head": {
			"translation": [2.5, 19.25, 6],
			"scale": [1.6, 1.6, 1.6]
		}
	},
	"groups": [
		{
			"name": "krusty_krab_hat",
			"origin": [0, 0, 0],
			"color": 0,
			"nbt": "{}",
			"armAnimationEnabled": false,
			"children": [0, 1]
		}
	]
}
