{
	"credit": "Made with Blockbench",
	"texture_size": [32, 16],
	"textures": {
		"1": "hats/hat/lumberhatgreen"
	},
	"elements": [
		{
			"from": [0, -4, 7],
			"to": [2, 8, 15],
			"rotation": {"angle": 0, "axis": "y", "origin": [8, 3, 15]},
			"faces": {
				"north": {"uv": [11, 2, 11.5, 10], "texture": "#1"},
				"east": {"uv": [11, 2, 13.5, 10], "texture": "#1"},
				"south": {"uv": [11, 2, 11.5, 10], "texture": "#1"},
				"west": {"uv": [0, 8, 3, 16], "texture": "#1"},
				"up": {"uv": [0, 0, 0.5, 2], "texture": "#missing"},
				"down": {"uv": [11, 2, 11.5, 10], "texture": "#1"}
			}
		},
		{
			"from": [0, -5, 9],
			"to": [2, -4, 13],
			"rotation": {"angle": 0, "axis": "y", "origin": [8, 2, 17]},
			"faces": {
				"north": {"uv": [11, 2, 11.5, 4], "texture": "#1"},
				"east": {"uv": [11, 2, 12, 3], "texture": "#1"},
				"south": {"uv": [11, 2, 11.5, 4], "texture": "#1"},
				"west": {"uv": [11, 2, 12, 3], "texture": "#1"},
				"up": {"uv": [11, 2, 12, 3], "texture": "#1"},
				"down": {"uv": [11, 2, 12, 3], "texture": "#1"}
			}
		},
		{
			"from": [14, -5, 9],
			"to": [16, -4, 13],
			"rotation": {"angle": 0, "axis": "y", "origin": [22, 2, 17]},
			"faces": {
				"north": {"uv": [11, 2, 11.5, 3], "texture": "#1"},
				"east": {"uv": [11, 2, 12, 3], "texture": "#1"},
				"south": {"uv": [11, 2, 11.5, 3], "texture": "#1"},
				"west": {"uv": [11, 2, 12, 3], "texture": "#1"},
				"up": {"uv": [11, 2, 12, 3], "texture": "#1"},
				"down": {"uv": [11, 2, 12, 3], "texture": "#1"}
			}
		},
		{
			"from": [14, -4, 7],
			"to": [16, 8, 15],
			"rotation": {"angle": 0, "axis": "y", "origin": [22, 3, 15]},
			"faces": {
				"north": {"uv": [11, 2, 11.5, 10], "texture": "#1"},
				"east": {"uv": [0, 8, 3, 16], "texture": "#1"},
				"south": {"uv": [11, 2, 11.5, 10], "texture": "#1"},
				"west": {"uv": [11, 2, 13.5, 10], "texture": "#1"},
				"up": {"uv": [3, 0, 8, 1], "texture": "#1"},
				"down": {"uv": [11, 2, 11.5, 10], "texture": "#1"}
			}
		},
		{
			"from": [0, 8, 2],
			"to": [2, 15, 18],
			"rotation": {"angle": 0, "axis": "y", "origin": [8, 16, 10]},
			"faces": {
				"north": {"uv": [2.5, 8, 3, 12], "texture": "#1"},
				"east": {"uv": [11, 2, 13.5, 4], "texture": "#1"},
				"south": {"uv": [2.5, 8, 3, 12], "texture": "#1"},
				"west": {"uv": [3, 0, 8, 4], "texture": "#1"},
				"up": {"uv": [4.5, 0, 5, 10], "texture": "#1"},
				"down": {"uv": [11, 2, 11.5, 10], "texture": "#1"}
			}
		},
		{
			"from": [14, 8, 2],
			"to": [16, 15, 18],
			"rotation": {"angle": 0, "axis": "y", "origin": [22, 15, 9]},
			"faces": {
				"north": {"uv": [2.5, 8, 3, 12], "texture": "#1"},
				"east": {"uv": [3, 0, 8, 4], "texture": "#1"},
				"south": {"uv": [2.5, 8, 3, 12], "texture": "#1"},
				"west": {"uv": [11, 2, 13.5, 4], "texture": "#1"},
				"up": {"uv": [4.5, 0, 5, 10], "texture": "#1"},
				"down": {"uv": [11, 2, 11.5, 10], "texture": "#1"}
			}
		},
		{
			"from": [2, 8, 15],
			"to": [14, 15, 18],
			"rotation": {"angle": 0, "axis": "y", "origin": [10, 16, 23]},
			"faces": {
				"north": {"uv": [11, 2, 13.5, 6], "texture": "#1"},
				"east": {"uv": [3, 0, 3, 2], "texture": "#1"},
				"south": {"uv": [5, 4, 8, 8], "texture": "#1"},
				"west": {"uv": [3, 0, 3, 2], "texture": "#1"},
				"up": {"uv": [3, 0, 6, 1], "texture": "#1"},
				"down": {"uv": [11, 2, 13.5, 3], "texture": "#1"}
			}
		},
		{
			"from": [0, 8, 0],
			"to": [16, 15, 2],
			"rotation": {"angle": 0, "axis": "y", "origin": [8, 16, 8]},
			"faces": {
				"north": {"uv": [11, 5, 13.5, 7], "texture": "#1"},
				"east": {"uv": [11, 4, 11.5, 8], "texture": "#1"},
				"south": {"uv": [11, 5, 13.5, 7], "texture": "#1"},
				"west": {"uv": [11, 4, 11.5, 8], "texture": "#1"},
				"up": {"uv": [11, 4, 13.5, 5], "texture": "#1"},
				"down": {"uv": [11, 4, 13.5, 5], "texture": "#1"}
			}
		},
		{
			"from": [1, 15, 2],
			"to": [15, 17, 17],
			"rotation": {"angle": 0, "axis": "y", "origin": [9, 23, 10]},
			"faces": {
				"north": {"uv": [3, 2, 8, 4], "texture": "#1"},
				"east": {"uv": [4, 2, 9, 4], "texture": "#1"},
				"south": {"uv": [3, 2, 8, 4], "texture": "#1"},
				"west": {"uv": [4, 2, 9, 4], "texture": "#1"},
				"up": {"uv": [3, 0, 8, 10], "texture": "#1"},
				"down": {"uv": [11, 6, 13.5, 10], "texture": "#1"}
			}
		},
		{
			"from": [0, 4, 15],
			"to": [16, 8, 18],
			"rotation": {"angle": 0, "axis": "y", "origin": [8, 12, 23]},
			"faces": {
				"north": {"uv": [11, 2, 13.5, 4], "texture": "#1"},
				"east": {"uv": [6.5, 4, 7, 6], "texture": "#1"},
				"south": {"uv": [3, 4, 7, 6], "texture": "#1"},
				"west": {"uv": [6.5, 4, 7, 6], "texture": "#1"},
				"up": {"uv": [3, 0, 3, 2], "texture": "#1"},
				"down": {"uv": [11, 2, 11.5, 10], "texture": "#1"}
			}
		}
	],
	"display": {
		"thirdperson_righthand": {
			"rotation": [90, 0, 0],
			"translation": [0, -1.5, -4.5],
			"scale": [0.5, 0.5, 0.5]
		},
		"thirdperson_lefthand": {
			"rotation": [90, 0, 0],
			"translation": [0, -1.5, -4.5],
			"scale": [0.5, 0.5, 0.5]
		},
		"firstperson_righthand": {
			"scale": [0.5, 0.5, 0.5]
		},
		"firstperson_lefthand": {
			"scale": [0.5, 0.5, 0.5]
		},
		"ground": {
			"translation": [0, 2.75, 0],
			"scale": [0.5, 0.5, 0.5]
		},
		"gui": {
			"rotation": [18, -150, 0],
			"translation": [0.25, 0.25, 0],
			"scale": [0.6, 0.6, 0.6]
		},
		"head": {
			"translation": [0, 0.25, 0]
		},
		"fixed": {
			"scale": [0.5, 0.5, 0.5]
		}
	}
}