{
	"credit": "Made with Blockbench",
	"textures": {
		"0": "block/white_wool",
		"particle": "block/white_wool"
	},
	"elements": [
		{
			"from": [0.8, 1.3, 0.6],
			"to": [15.2, 2.6, 2],
			"faces": {
				"north": {"uv": [0, 13, 16, 15], "texture": "#0"},
				"east": {"uv": [13, 1, 14, 2], "texture": "#0"},
				"south": {"uv": [8, 1, 14, 2], "texture": "#0"},
				"west": {"uv": [13, 1, 14, 2], "texture": "#0"},
				"up": {"uv": [8, 1, 14, 2], "texture": "#0"},
				"down": {"uv": [8, 1, 14, 2], "texture": "#0"}
			}
		},
		{
			"from": [0.7, 2.5, 0.9],
			"to": [15.2, 3.7, 1.9],
			"faces": {
				"north": {"uv": [4, 8, 16, 9], "texture": "#0"},
				"east": {"uv": [7, 3, 8, 4], "texture": "#0"},
				"south": {"uv": [0, 1, 6, 2], "texture": "#0"},
				"west": {"uv": [10, 8, 11, 9], "texture": "#0"},
				"up": {"uv": [0, 1, 6, 2], "texture": "#0"},
				"down": {"uv": [0, 1, 6, 2], "texture": "#0"}
			}
		},
		{
			"from": [0.8, 3.6, 0.7],
			"to": [15.2, 4.8, 2],
			"faces": {
				"north": {"uv": [0, 15, 16, 16], "texture": "#0"},
				"east": {"uv": [7, 6, 8, 7], "texture": "#0"},
				"south": {"uv": [4, 2, 16, 3], "texture": "#0"},
				"west": {"uv": [6, 5, 7, 6], "texture": "#0"},
				"up": {"uv": [4, 2, 16, 3], "texture": "#0"},
				"down": {"uv": [4, 2, 16, 3], "texture": "#0"}
			}
		},
		{
			"from": [0.7, 13.6, 0.6],
			"to": [15.2, 14.7, 2],
			"faces": {
				"north": {"uv": [1, 2, 15, 3], "texture": "#0"},
				"east": {"uv": [14, 8, 15, 9], "texture": "#0"},
				"south": {"uv": [0, 1, 6, 2], "texture": "#0"},
				"west": {"uv": [13, 5, 14, 6], "texture": "#0"},
				"up": {"uv": [0, 1, 6, 2], "texture": "#0"},
				"down": {"uv": [0, 1, 6, 2], "texture": "#0"}
			}
		},
		{
			"from": [0.7, 14.7, 0.7],
			"to": [15.2, 15.4, 2],
			"faces": {
				"north": {"uv": [0, 9, 12, 10], "texture": "#0"},
				"east": {"uv": [4, 9, 5, 10], "texture": "#0"},
				"south": {"uv": [0, 1, 6, 2], "texture": "#0"},
				"west": {"uv": [14, 6, 15, 7], "texture": "#0"},
				"up": {"uv": [0, 1, 6, 2], "texture": "#0"},
				"down": {"uv": [0, 1, 6, 2], "texture": "#0"}
			}
		},
		{
			"from": [0.6, 12.9, 0.5],
			"to": [15.2, 14.1, 2],
			"faces": {
				"north": {"uv": [0, 6, 15, 7], "texture": "#0"},
				"east": {"uv": [6, 6, 7, 7], "texture": "#0"},
				"south": {"uv": [8, 1, 14, 2], "texture": "#0"},
				"west": {"uv": [7, 6, 8, 7], "texture": "#0"},
				"up": {"uv": [8, 1, 14, 2], "texture": "#0"},
				"down": {"uv": [8, 1, 14, 2], "texture": "#0"}
			}
		},
		{
			"from": [0.8, 5.4, 0.7],
			"to": [15.2, 6.1, 2],
			"faces": {
				"north": {"uv": [2, 2, 16, 2.7], "texture": "#0"},
				"east": {"uv": [14, 9, 15, 10], "texture": "#0"},
				"south": {"uv": [2, 2, 16, 2.7], "texture": "#0"},
				"west": {"uv": [5, 7, 6, 8], "texture": "#0"},
				"up": {"uv": [2, 2, 16, 2.7], "texture": "#0"},
				"down": {"uv": [2, 2, 16, 2.7], "texture": "#0"}
			}
		},
		{
			"from": [0.7, 8.5, 0.6],
			"to": [15.2, 9.6, 2],
			"faces": {
				"north": {"uv": [0, 0, 14, 1.1], "texture": "#0"},
				"east": {"uv": [12, 11, 13, 12], "texture": "#0"},
				"south": {"uv": [0, 0, 14, 1.1], "texture": "#0"},
				"west": {"uv": [7, 10, 8, 11], "texture": "#0"},
				"up": {"uv": [0, 0, 14, 1.1], "texture": "#0"},
				"down": {"uv": [0, 0, 14, 1.1], "texture": "#0"}
			}
		},
		{
			"from": [0.8, 9.5, 0.4],
			"to": [15.3, 10.9, 2],
			"faces": {
				"north": {"uv": [2, 6, 16, 8], "texture": "#0"},
				"east": {"uv": [8, 10, 9, 11], "texture": "#0"},
				"south": {"uv": [1, 6, 15, 6.9], "texture": "#0"},
				"west": {"uv": [10, 10, 11, 11], "texture": "#0"},
				"up": {"uv": [1, 6, 15, 6.9], "texture": "#0"},
				"down": {"uv": [1, 6, 15, 6.9], "texture": "#0"}
			}
		},
		{
			"from": [0.7, 4.6, 0.9],
			"to": [15.2, 5.8, 1.9],
			"faces": {
				"north": {"uv": [2, 8, 14, 9], "texture": "#0"},
				"east": {"uv": [4, 9, 5, 10], "texture": "#0"},
				"south": {"uv": [2, 8, 14, 9], "texture": "#0"},
				"west": {"uv": [10, 10, 11, 11], "texture": "#0"},
				"up": {"uv": [2, 8, 14, 9], "texture": "#0"},
				"down": {"uv": [2, 8, 14, 9], "texture": "#0"}
			}
		},
		{
			"from": [10.7, 11.9, 0.7],
			"to": [15.2, 13, 2],
			"faces": {
				"north": {"uv": [2, 7, 8, 8], "texture": "#0"},
				"east": {"uv": [8, 7, 9, 8], "texture": "#0"},
				"south": {"uv": [2, 8, 14, 9], "texture": "#0"},
				"west": {"uv": [5, 7, 6, 8], "texture": "#0"},
				"up": {"uv": [2, 8, 14, 9], "texture": "#0"},
				"down": {"uv": [2, 8, 14, 9], "texture": "#0"}
			}
		},
		{
			"from": [4.7, 11.9, 0.7],
			"to": [9.2, 13, 2],
			"faces": {
				"north": {"uv": [2, 7, 8, 8], "texture": "#0"},
				"east": {"uv": [8, 7, 9, 8], "texture": "#0"},
				"south": {"uv": [2, 8, 14, 9], "texture": "#0"},
				"west": {"uv": [5, 7, 6, 8], "texture": "#0"},
				"up": {"uv": [2, 8, 14, 9], "texture": "#0"},
				"down": {"uv": [2, 8, 14, 9], "texture": "#0"}
			}
		},
		{
			"from": [0.7, 11.9, 0.69],
			"to": [5.2, 13, 2],
			"rotation": {"angle": 22.5, "axis": "z", "origin": [2.95, 12.45, 1.35]},
			"faces": {
				"north": {"uv": [2, 7, 8, 8], "texture": "#0"},
				"east": {"uv": [8, 7, 9, 8], "texture": "#0"},
				"south": {"uv": [2, 8, 14, 9], "texture": "#0"},
				"west": {"uv": [5, 7, 6, 8], "texture": "#0"},
				"up": {"uv": [2, 8, 14, 9], "texture": "#0"},
				"down": {"uv": [2, 8, 14, 9], "texture": "#0"}
			}
		},
		{
			"from": [0.7, 10.4, 0.6],
			"to": [15.2, 11.9, 2],
			"faces": {
				"north": {"uv": [4, 2, 16, 3], "texture": "#0"},
				"east": {"uv": [2, 12, 3, 13], "texture": "#0"},
				"south": {"uv": [4, 2, 16, 3], "texture": "#0"},
				"west": {"uv": [4, 9, 5, 10], "texture": "#0"},
				"up": {"uv": [4, 2, 16, 3], "texture": "#0"},
				"down": {"uv": [4, 2, 16, 3], "texture": "#0"}
			}
		},
		{
			"from": [0.3, 1.3, 0.9],
			"to": [2, 2.6, 15.1],
			"rotation": {"angle": 0, "axis": "y", "origin": [8, 8.8125, 8]},
			"faces": {
				"north": {"uv": [13, 1, 14, 2], "texture": "#0"},
				"east": {"uv": [8, 1, 14, 2], "texture": "#0"},
				"south": {"uv": [13, 1, 14, 2], "texture": "#0"},
				"west": {"uv": [0, 13, 16, 15], "texture": "#0"},
				"up": {"uv": [8, 1, 14, 2], "rotation": 270, "texture": "#0"},
				"down": {"uv": [8, 1, 14, 2], "rotation": 90, "texture": "#0"}
			}
		},
		{
			"from": [0.6, 2.5, 0.8],
			"to": [2, 3.7, 15.2],
			"rotation": {"angle": 0, "axis": "y", "origin": [8, 8.8125, 8]},
			"faces": {
				"north": {"uv": [7, 3, 8, 4], "texture": "#0"},
				"east": {"uv": [0, 1, 6, 2], "texture": "#0"},
				"south": {"uv": [10, 8, 11, 9], "texture": "#0"},
				"west": {"uv": [4, 8, 16, 9], "texture": "#0"},
				"up": {"uv": [0, 1, 6, 2], "rotation": 270, "texture": "#0"},
				"down": {"uv": [0, 1, 6, 2], "rotation": 90, "texture": "#0"}
			}
		},
		{
			"from": [0.4, 3.6, 0.9],
			"to": [2, 4.8, 15.1],
			"rotation": {"angle": 0, "axis": "y", "origin": [8, 8.8125, 8]},
			"faces": {
				"north": {"uv": [7, 6, 8, 7], "texture": "#0"},
				"east": {"uv": [4, 2, 16, 3], "texture": "#0"},
				"south": {"uv": [6, 5, 7, 6], "texture": "#0"},
				"west": {"uv": [0, 15, 16, 16], "texture": "#0"},
				"up": {"uv": [4, 2, 16, 3], "rotation": 270, "texture": "#0"},
				"down": {"uv": [4, 2, 16, 3], "rotation": 90, "texture": "#0"}
			}
		},
		{
			"from": [0.7, 4.2, 0.8],
			"to": [1.6, 5.8, 15.2],
			"rotation": {"angle": 22.5, "axis": "x", "origin": [1.3, 5.2, 8]},
			"faces": {
				"north": {"uv": [4, 9, 5, 10], "texture": "#0"},
				"east": {"uv": [2, 8, 14, 9], "texture": "#0"},
				"south": {"uv": [10, 10, 11, 11], "texture": "#0"},
				"west": {"uv": [2, 8, 14, 9], "texture": "#0"},
				"up": {"uv": [2, 8, 14, 9], "rotation": 270, "texture": "#0"},
				"down": {"uv": [2, 8, 14, 9], "rotation": 90, "texture": "#0"}
			}
		},
		{
			"from": [0.4, 5.4, 0.9],
			"to": [2, 6.1, 15.1],
			"rotation": {"angle": 0, "axis": "y", "origin": [8, 8.8125, 8]},
			"faces": {
				"north": {"uv": [14, 9, 15, 10], "texture": "#0"},
				"east": {"uv": [2, 2, 16, 2.7], "texture": "#0"},
				"south": {"uv": [5, 7, 6, 8], "texture": "#0"},
				"west": {"uv": [2, 2, 16, 2.7], "texture": "#0"},
				"up": {"uv": [2, 2, 16, 2.7], "rotation": 270, "texture": "#0"},
				"down": {"uv": [2, 2, 16, 2.7], "rotation": 90, "texture": "#0"}
			}
		},
		{
			"from": [0.4, 9.5, 0.8],
			"to": [2, 10.6, 4.1],
			"rotation": {"angle": 0, "axis": "y", "origin": [8, 8.8125, 8]},
			"faces": {
				"north": {"uv": [12, 11, 13, 12], "texture": "#0"},
				"east": {"uv": [0, 0, 14, 1.1], "texture": "#0"},
				"south": {"uv": [7, 10, 8, 11], "texture": "#0"},
				"west": {"uv": [1, 4, 3, 5], "texture": "#0"},
				"up": {"uv": [0, 0, 14, 1.1], "rotation": 270, "texture": "#0"},
				"down": {"uv": [0, 0, 14, 1.1], "rotation": 90, "texture": "#0"}
			}
		},
		{
			"from": [0.3, 8.5, 0.8],
			"to": [2, 9.6, 15.1],
			"rotation": {"angle": 0, "axis": "y", "origin": [8, 8.8125, 8]},
			"faces": {
				"north": {"uv": [12, 11, 13, 12], "texture": "#0"},
				"east": {"uv": [0, 0, 14, 1.1], "texture": "#0"},
				"south": {"uv": [7, 10, 8, 11], "texture": "#0"},
				"west": {"uv": [0, 0, 14, 1.1], "texture": "#0"},
				"up": {"uv": [0, 0, 14, 1.1], "rotation": 270, "texture": "#0"},
				"down": {"uv": [0, 0, 14, 1.1], "rotation": 90, "texture": "#0"}
			}
		},
		{
			"from": [0.1, 11.5, 0.9],
			"to": [2, 12.9, 15.1],
			"rotation": {"angle": 22.5, "axis": "x", "origin": [1.05, 10.2, 8]},
			"faces": {
				"north": {"uv": [8, 10, 9, 11], "texture": "#0"},
				"east": {"uv": [1, 6, 15, 6.9], "texture": "#0"},
				"south": {"uv": [10, 10, 11, 11], "texture": "#0"},
				"west": {"uv": [2, 6, 16, 8], "texture": "#0"},
				"up": {"uv": [1, 6, 15, 6.9], "rotation": 270, "texture": "#0"},
				"down": {"uv": [1, 6, 15, 6.9], "rotation": 90, "texture": "#0"}
			}
		},
		{
			"from": [0.3, 10.4, 0.8],
			"to": [2, 11.9, 15.2],
			"rotation": {"angle": 0, "axis": "y", "origin": [8, 8.8125, 8]},
			"faces": {
				"north": {"uv": [2, 12, 3, 13], "texture": "#0"},
				"east": {"uv": [4, 2, 16, 3], "texture": "#0"},
				"south": {"uv": [4, 9, 5, 10], "texture": "#0"},
				"west": {"uv": [4, 2, 16, 3], "texture": "#0"},
				"up": {"uv": [4, 2, 16, 3], "rotation": 270, "texture": "#0"},
				"down": {"uv": [4, 2, 16, 3], "rotation": 90, "texture": "#0"}
			}
		},
		{
			"from": [0.5, 9.4, 0.8],
			"to": [1.6, 10.9, 14.2],
			"rotation": {"angle": -22.5, "axis": "x", "origin": [1.15, 10.15, 8]},
			"faces": {
				"north": {"uv": [2, 12, 3, 13], "texture": "#0"},
				"east": {"uv": [4, 2, 16, 3], "texture": "#0"},
				"south": {"uv": [4, 9, 5, 10], "texture": "#0"},
				"west": {"uv": [4, 2, 16, 3], "texture": "#0"},
				"up": {"uv": [4, 2, 16, 3], "rotation": 270, "texture": "#0"},
				"down": {"uv": [4, 2, 16, 3], "rotation": 90, "texture": "#0"}
			}
		},
		{
			"from": [0.3, 7, 0.9],
			"to": [1.6, 7.9, 15.1],
			"rotation": {"angle": 0, "axis": "y", "origin": [8, 8.8125, 8]},
			"faces": {
				"north": {"uv": [8, 7, 9, 8], "texture": "#0"},
				"east": {"uv": [2, 8, 14, 9], "texture": "#0"},
				"south": {"uv": [5, 7, 6, 8], "texture": "#0"},
				"west": {"uv": [0, 3, 16, 4], "texture": "#0"},
				"up": {"uv": [2, 8, 14, 9], "rotation": 270, "texture": "#0"},
				"down": {"uv": [0, 3, 16, 4], "rotation": 90, "texture": "#0"}
			}
		},
		{
			"from": [0.4, 7.8, 0.9],
			"to": [1.6, 8.9, 15.1],
			"rotation": {"angle": 0, "axis": "y", "origin": [8, 8.8125, 8]},
			"faces": {
				"north": {"uv": [8, 7, 9, 8], "texture": "#0"},
				"east": {"uv": [2, 8, 14, 9], "texture": "#0"},
				"south": {"uv": [5, 7, 6, 8], "texture": "#0"},
				"west": {"uv": [2, 8, 14, 9], "texture": "#0"},
				"up": {"uv": [2, 8, 14, 9], "rotation": 270, "texture": "#0"},
				"down": {"uv": [2, 8, 14, 9], "rotation": 90, "texture": "#0"}
			}
		},
		{
			"from": [0.4, 11.9, 0.7],
			"to": [2, 13, 15.1],
			"rotation": {"angle": 0, "axis": "y", "origin": [8, 8.8125, 8]},
			"faces": {
				"north": {"uv": [8, 7, 9, 8], "texture": "#0"},
				"east": {"uv": [2, 8, 14, 9], "texture": "#0"},
				"south": {"uv": [5, 7, 6, 8], "texture": "#0"},
				"west": {"uv": [2, 8, 14, 9], "texture": "#0"},
				"up": {"uv": [2, 8, 14, 9], "rotation": 270, "texture": "#0"},
				"down": {"uv": [2, 8, 14, 9], "rotation": 90, "texture": "#0"}
			}
		},
		{
			"from": [0.2, 12.9, 0.7],
			"to": [1, 14.1, 13.1],
			"rotation": {"angle": 0, "axis": "y", "origin": [8, 8.8125, 8]},
			"faces": {
				"north": {"uv": [6, 6, 7, 7], "texture": "#0"},
				"east": {"uv": [8, 1, 14, 2], "texture": "#0"},
				"south": {"uv": [7, 6, 8, 7], "texture": "#0"},
				"west": {"uv": [0, 6, 15, 7], "texture": "#0"},
				"up": {"uv": [8, 1, 14, 2], "rotation": 270, "texture": "#0"},
				"down": {"uv": [8, 1, 14, 2], "rotation": 90, "texture": "#0"}
			}
		},
		{
			"from": [0.3, 13.6, 0.8],
			"to": [1, 14.7, 12.1],
			"rotation": {"angle": 0, "axis": "y", "origin": [8, 8.8125, 8]},
			"faces": {
				"north": {"uv": [14, 8, 15, 9], "texture": "#0"},
				"east": {"uv": [0, 1, 6, 2], "texture": "#0"},
				"south": {"uv": [13, 5, 14, 6], "texture": "#0"},
				"west": {"uv": [1, 2, 15, 3], "texture": "#0"},
				"up": {"uv": [0, 1, 6, 2], "rotation": 270, "texture": "#0"},
				"down": {"uv": [0, 1, 6, 2], "rotation": 90, "texture": "#0"}
			}
		},
		{
			"from": [0.35, 6, 0.9],
			"to": [1.6, 7.1, 15.1],
			"rotation": {"angle": 0, "axis": "y", "origin": [8, 8.8125, 8]},
			"faces": {
				"north": {"uv": [14, 8, 15, 9], "texture": "#0"},
				"east": {"uv": [0, 1, 6, 2], "texture": "#0"},
				"south": {"uv": [13, 5, 14, 6], "texture": "#0"},
				"west": {"uv": [1, 2, 15, 3], "texture": "#0"},
				"up": {"uv": [0, 1, 6, 2], "rotation": 270, "texture": "#0"},
				"down": {"uv": [0, 1, 6, 2], "rotation": 90, "texture": "#0"}
			}
		},
		{
			"from": [0.4, 14.7, 0.8],
			"to": [2, 15.4, 11.1],
			"rotation": {"angle": 0, "axis": "y", "origin": [8, 8.8125, 8]},
			"faces": {
				"north": {"uv": [4, 9, 5, 10], "texture": "#0"},
				"east": {"uv": [0, 1, 6, 2], "texture": "#0"},
				"south": {"uv": [14, 6, 15, 7], "texture": "#0"},
				"west": {"uv": [0, 9, 12, 10], "texture": "#0"},
				"up": {"uv": [0, 1, 6, 2], "rotation": 270, "texture": "#0"},
				"down": {"uv": [0, 1, 6, 2], "rotation": 90, "texture": "#0"}
			}
		},
		{
			"from": [0.7, 1.3, 14],
			"to": [15.3, 2.6, 15.7],
			"rotation": {"angle": 0, "axis": "y", "origin": [8, 8.8125, 8]},
			"faces": {
				"north": {"uv": [8, 1, 14, 2], "texture": "#0"},
				"east": {"uv": [13, 1, 14, 2], "texture": "#0"},
				"south": {"uv": [0, 13, 16, 15], "texture": "#0"},
				"west": {"uv": [13, 1, 14, 2], "texture": "#0"},
				"up": {"uv": [8, 1, 14, 2], "rotation": 180, "texture": "#0"},
				"down": {"uv": [8, 1, 14, 2], "rotation": 180, "texture": "#0"}
			}
		},
		{
			"from": [0.7, 2.5, 14],
			"to": [14, 3.7, 15.4],
			"rotation": {"angle": 0, "axis": "y", "origin": [8, 8.8125, 8]},
			"faces": {
				"north": {"uv": [0, 1, 6, 2], "texture": "#0"},
				"east": {"uv": [10, 8, 11, 9], "texture": "#0"},
				"south": {"uv": [4, 8, 16, 9], "texture": "#0"},
				"west": {"uv": [7, 3, 8, 4], "texture": "#0"},
				"up": {"uv": [0, 1, 6, 2], "rotation": 180, "texture": "#0"},
				"down": {"uv": [0, 1, 6, 2], "rotation": 180, "texture": "#0"}
			}
		},
		{
			"from": [0.7, 3.6, 14],
			"to": [15.3, 4.8, 15.6],
			"rotation": {"angle": 0, "axis": "y", "origin": [8, 8.8125, 8]},
			"faces": {
				"north": {"uv": [4, 2, 16, 3], "texture": "#0"},
				"east": {"uv": [6, 5, 7, 6], "texture": "#0"},
				"south": {"uv": [0, 15, 16, 16], "texture": "#0"},
				"west": {"uv": [7, 6, 8, 7], "texture": "#0"},
				"up": {"uv": [4, 2, 16, 3], "rotation": 180, "texture": "#0"},
				"down": {"uv": [4, 2, 16, 3], "rotation": 180, "texture": "#0"}
			}
		},
		{
			"from": [0.7, 4.6, 14],
			"to": [5.3, 5.8, 15.4],
			"rotation": {"angle": 0, "axis": "y", "origin": [8, 8.8125, 8]},
			"faces": {
				"north": {"uv": [2, 8, 14, 9], "texture": "#0"},
				"east": {"uv": [10, 10, 11, 11], "texture": "#0"},
				"south": {"uv": [5, 9, 10, 10], "texture": "#0"},
				"west": {"uv": [4, 9, 5, 10], "texture": "#0"},
				"up": {"uv": [2, 8, 14, 9], "rotation": 180, "texture": "#0"},
				"down": {"uv": [2, 8, 14, 9], "rotation": 180, "texture": "#0"}
			}
		},
		{
			"from": [4.3, 4.6, 14],
			"to": [9.3, 6.1, 15.3],
			"rotation": {"angle": 22.5, "axis": "z", "origin": [8, 8.8125, 8]},
			"faces": {
				"north": {"uv": [2, 8, 14, 9], "texture": "#0"},
				"east": {"uv": [10, 10, 11, 11], "texture": "#0"},
				"south": {"uv": [5, 9, 10, 10], "texture": "#0"},
				"west": {"uv": [4, 9, 5, 10], "texture": "#0"},
				"up": {"uv": [2, 8, 14, 9], "rotation": 180, "texture": "#0"},
				"down": {"uv": [2, 8, 14, 9], "rotation": 180, "texture": "#0"}
			}
		},
		{
			"from": [5.7, 7.6, 14],
			"to": [11.2, 9.1, 15.3],
			"rotation": {"angle": -22.5, "axis": "z", "origin": [8, 8.8125, 8]},
			"faces": {
				"north": {"uv": [2, 8, 14, 9], "texture": "#0"},
				"east": {"uv": [10, 10, 11, 11], "texture": "#0"},
				"south": {"uv": [5, 9, 10, 10], "texture": "#0"},
				"west": {"uv": [4, 9, 5, 10], "texture": "#0"},
				"up": {"uv": [2, 8, 14, 9], "rotation": 180, "texture": "#0"},
				"down": {"uv": [2, 8, 14, 9], "rotation": 180, "texture": "#0"}
			}
		},
		{
			"from": [10.7, 4.6, 14],
			"to": [15.3, 5.8, 15.4],
			"rotation": {"angle": 0, "axis": "y", "origin": [8, 8.8125, 8]},
			"faces": {
				"north": {"uv": [2, 8, 14, 9], "texture": "#0"},
				"east": {"uv": [10, 10, 11, 11], "texture": "#0"},
				"south": {"uv": [2, 8, 8, 9], "texture": "#0"},
				"west": {"uv": [4, 9, 5, 10], "texture": "#0"},
				"up": {"uv": [2, 8, 14, 9], "rotation": 180, "texture": "#0"},
				"down": {"uv": [2, 8, 14, 9], "rotation": 180, "texture": "#0"}
			}
		},
		{
			"from": [0.8, 5.4, 14],
			"to": [15.3, 6.1, 15.6],
			"rotation": {"angle": 0, "axis": "y", "origin": [8, 8.8125, 8]},
			"faces": {
				"north": {"uv": [2, 2, 16, 2.7], "texture": "#0"},
				"east": {"uv": [5, 7, 6, 8], "texture": "#0"},
				"south": {"uv": [2, 2, 16, 2.7], "texture": "#0"},
				"west": {"uv": [14, 9, 15, 10], "texture": "#0"},
				"up": {"uv": [2, 2, 16, 2.7], "rotation": 180, "texture": "#0"},
				"down": {"uv": [2, 2, 16, 2.7], "rotation": 180, "texture": "#0"}
			}
		},
		{
			"from": [0.7, 6, 14.4],
			"to": [15.3, 7.1, 15.65],
			"rotation": {"angle": 0, "axis": "y", "origin": [8, 6.55, 15.025]},
			"faces": {
				"north": {"uv": [0, 1, 6, 2], "texture": "#0"},
				"east": {"uv": [13, 5, 14, 6], "texture": "#0"},
				"south": {"uv": [1, 2, 15, 3], "texture": "#0"},
				"west": {"uv": [14, 8, 15, 9], "texture": "#0"},
				"up": {"uv": [0, 1, 6, 2], "rotation": 180, "texture": "#0"},
				"down": {"uv": [0, 1, 6, 2], "rotation": 180, "texture": "#0"}
			}
		},
		{
			"from": [2, 9.5, 14.4],
			"to": [17.3, 11.1, 15.85],
			"rotation": {"angle": 22.5, "axis": "z", "origin": [8, 6.55, 15.025]},
			"faces": {
				"north": {"uv": [0, 1, 6, 2], "texture": "#0"},
				"east": {"uv": [13, 5, 14, 6], "texture": "#0"},
				"south": {"uv": [1, 2, 15, 3], "texture": "#0"},
				"west": {"uv": [14, 8, 15, 9], "texture": "#0"},
				"up": {"uv": [0, 1, 6, 2], "rotation": 180, "texture": "#0"},
				"down": {"uv": [0, 1, 6, 2], "rotation": 180, "texture": "#0"}
			}
		},
		{
			"from": [0.6, 7, 14.4],
			"to": [15.4, 7.9, 15.7],
			"rotation": {"angle": 0, "axis": "y", "origin": [8, 8.8125, 8]},
			"faces": {
				"north": {"uv": [2, 8, 14, 9], "texture": "#0"},
				"east": {"uv": [5, 7, 6, 8], "texture": "#0"},
				"south": {"uv": [0, 3, 16, 4], "texture": "#0"},
				"west": {"uv": [8, 7, 9, 8], "texture": "#0"},
				"up": {"uv": [2, 8, 14, 9], "rotation": 180, "texture": "#0"},
				"down": {"uv": [0, 3, 16, 4], "rotation": 180, "texture": "#0"}
			}
		},
		{
			"from": [0.7, 9.8, 14.4],
			"to": [14.8, 10.9, 15.8],
			"rotation": {"angle": -22.5, "axis": "z", "origin": [8, 8.35, 15]},
			"faces": {
				"north": {"uv": [2, 8, 14, 9], "texture": "#0"},
				"east": {"uv": [5, 7, 6, 8], "texture": "#0"},
				"south": {"uv": [2, 8, 14, 9], "texture": "#0"},
				"west": {"uv": [8, 7, 9, 8], "texture": "#0"},
				"up": {"uv": [2, 8, 14, 9], "rotation": 180, "texture": "#0"},
				"down": {"uv": [2, 8, 14, 9], "rotation": 180, "texture": "#0"}
			}
		},
		{
			"from": [0.6, 8.5, 14],
			"to": [15.3, 9.6, 15.7],
			"rotation": {"angle": 0, "axis": "y", "origin": [8, 8.8125, 8]},
			"faces": {
				"north": {"uv": [0, 0, 14, 1.1], "texture": "#0"},
				"east": {"uv": [7, 10, 8, 11], "texture": "#0"},
				"south": {"uv": [0, 0, 14, 1.1], "texture": "#0"},
				"west": {"uv": [12, 11, 13, 12], "texture": "#0"},
				"up": {"uv": [0, 0, 14, 1.1], "rotation": 180, "texture": "#0"},
				"down": {"uv": [0, 0, 14, 1.1], "rotation": 180, "texture": "#0"}
			}
		},
		{
			"from": [0.7, 9.5, 14],
			"to": [15.4, 10.9, 15.9],
			"rotation": {"angle": 0, "axis": "y", "origin": [8, 8.8125, 8]},
			"faces": {
				"north": {"uv": [1, 6, 15, 6.9], "texture": "#0"},
				"east": {"uv": [10, 10, 11, 11], "texture": "#0"},
				"south": {"uv": [2, 6, 16, 8], "texture": "#0"},
				"west": {"uv": [8, 10, 9, 11], "texture": "#0"},
				"up": {"uv": [1, 6, 15, 6.9], "rotation": 180, "texture": "#0"},
				"down": {"uv": [1, 6, 15, 6.9], "rotation": 180, "texture": "#0"}
			}
		},
		{
			"from": [0.6, 10.4, 14],
			"to": [15.3, 11.9, 15.7],
			"rotation": {"angle": 0, "axis": "y", "origin": [8, 8.8125, 8]},
			"faces": {
				"north": {"uv": [4, 2, 16, 3], "texture": "#0"},
				"east": {"uv": [4, 9, 5, 10], "texture": "#0"},
				"south": {"uv": [4, 2, 16, 3], "texture": "#0"},
				"west": {"uv": [2, 12, 3, 13], "texture": "#0"},
				"up": {"uv": [4, 2, 16, 3], "rotation": 180, "texture": "#0"},
				"down": {"uv": [4, 2, 16, 3], "rotation": 180, "texture": "#0"}
			}
		},
		{
			"from": [0.6, 11.9, 14],
			"to": [15.3, 13, 15.6],
			"rotation": {"angle": 0, "axis": "y", "origin": [8, 8.8125, 8]},
			"faces": {
				"north": {"uv": [2, 8, 14, 9], "texture": "#0"},
				"east": {"uv": [5, 7, 6, 8], "texture": "#0"},
				"south": {"uv": [2, 8, 14, 9], "texture": "#0"},
				"west": {"uv": [8, 7, 9, 8], "texture": "#0"},
				"up": {"uv": [2, 8, 14, 9], "rotation": 180, "texture": "#0"},
				"down": {"uv": [2, 8, 14, 9], "rotation": 180, "texture": "#0"}
			}
		},
		{
			"from": [2.5, 12.9, 15],
			"to": [15.3, 14.1, 15.9],
			"rotation": {"angle": 0, "axis": "y", "origin": [8, 8.8125, 8]},
			"faces": {
				"north": {"uv": [8, 1, 14, 2], "texture": "#0"},
				"east": {"uv": [7, 6, 8, 7], "texture": "#0"},
				"south": {"uv": [0, 6, 15, 7], "texture": "#0"},
				"west": {"uv": [6, 6, 7, 7], "texture": "#0"},
				"up": {"uv": [8, 1, 14, 2], "rotation": 180, "texture": "#0"},
				"down": {"uv": [8, 1, 14, 2], "rotation": 180, "texture": "#0"}
			}
		},
		{
			"from": [3.6, 13.6, 15],
			"to": [15.3, 14.7, 15.7],
			"rotation": {"angle": 0, "axis": "y", "origin": [8, 8.8125, 8]},
			"faces": {
				"north": {"uv": [0, 1, 6, 2], "texture": "#0"},
				"east": {"uv": [13, 5, 14, 6], "texture": "#0"},
				"south": {"uv": [1, 2, 15, 3], "texture": "#0"},
				"west": {"uv": [14, 8, 15, 9], "texture": "#0"},
				"up": {"uv": [0, 1, 6, 2], "rotation": 180, "texture": "#0"},
				"down": {"uv": [0, 1, 6, 2], "rotation": 180, "texture": "#0"}
			}
		},
		{
			"from": [4.6, 14.4, 14],
			"to": [15.3, 15.4, 15.6],
			"rotation": {"angle": 0, "axis": "y", "origin": [8, 8.8125, 8]},
			"faces": {
				"north": {"uv": [0, 1, 6, 2], "texture": "#0"},
				"east": {"uv": [14, 6, 15, 7], "texture": "#0"},
				"south": {"uv": [0, 9, 12, 10], "texture": "#0"},
				"west": {"uv": [4, 9, 5, 10], "texture": "#0"},
				"up": {"uv": [0, 1, 6, 2], "rotation": 180, "texture": "#0"},
				"down": {"uv": [0, 1, 6, 2], "rotation": 180, "texture": "#0"}
			}
		},
		{
			"from": [14, 1.3, 0.9],
			"to": [15.7, 2.6, 15.3],
			"rotation": {"angle": 0, "axis": "y", "origin": [8, 8.8125, 8]},
			"faces": {
				"north": {"uv": [13, 1, 14, 2], "texture": "#0"},
				"east": {"uv": [0, 13, 16, 15], "texture": "#0"},
				"south": {"uv": [13, 1, 14, 2], "texture": "#0"},
				"west": {"uv": [8, 1, 14, 2], "texture": "#0"},
				"up": {"uv": [8, 1, 14, 2], "rotation": 90, "texture": "#0"},
				"down": {"uv": [8, 1, 14, 2], "rotation": 270, "texture": "#0"}
			}
		},
		{
			"from": [14, 2.5, 0.8],
			"to": [15.4, 3.7, 15.4],
			"rotation": {"angle": 0, "axis": "y", "origin": [8, 8.8125, 8]},
			"faces": {
				"north": {"uv": [10, 8, 11, 9], "texture": "#0"},
				"east": {"uv": [4, 8, 16, 9], "texture": "#0"},
				"south": {"uv": [7, 3, 8, 4], "texture": "#0"},
				"west": {"uv": [0, 1, 6, 2], "texture": "#0"},
				"up": {"uv": [0, 1, 6, 2], "rotation": 90, "texture": "#0"},
				"down": {"uv": [0, 1, 6, 2], "rotation": 270, "texture": "#0"}
			}
		},
		{
			"from": [14, 3.6, 0.9],
			"to": [15.6, 4.8, 15.3],
			"rotation": {"angle": 0, "axis": "y", "origin": [8, 8.8125, 8]},
			"faces": {
				"north": {"uv": [6, 5, 7, 6], "texture": "#0"},
				"east": {"uv": [0, 15, 16, 16], "texture": "#0"},
				"south": {"uv": [7, 6, 8, 7], "texture": "#0"},
				"west": {"uv": [4, 2, 16, 3], "texture": "#0"},
				"up": {"uv": [4, 2, 16, 3], "rotation": 90, "texture": "#0"},
				"down": {"uv": [4, 2, 16, 3], "rotation": 270, "texture": "#0"}
			}
		},
		{
			"from": [14, 4.6, 0.8],
			"to": [15.4, 5.8, 15.3],
			"rotation": {"angle": 0, "axis": "y", "origin": [8, 8.8125, 8]},
			"faces": {
				"north": {"uv": [10, 10, 11, 11], "texture": "#0"},
				"east": {"uv": [2, 8, 14, 9], "texture": "#0"},
				"south": {"uv": [4, 9, 5, 10], "texture": "#0"},
				"west": {"uv": [2, 8, 14, 9], "texture": "#0"},
				"up": {"uv": [2, 8, 14, 9], "rotation": 90, "texture": "#0"},
				"down": {"uv": [2, 8, 14, 9], "rotation": 270, "texture": "#0"}
			}
		},
		{
			"from": [14, 5.4, 10],
			"to": [15.6, 6.6, 15.4],
			"rotation": {"angle": 0, "axis": "y", "origin": [8, 8.8125, 8]},
			"faces": {
				"north": {"uv": [5, 7, 6, 8], "texture": "#0"},
				"east": {"uv": [2, 2, 8, 3], "texture": "#0"},
				"south": {"uv": [14, 9, 15, 10], "texture": "#0"},
				"west": {"uv": [2, 2, 16, 2.7], "texture": "#0"},
				"up": {"uv": [2, 2, 16, 2.7], "rotation": 90, "texture": "#0"},
				"down": {"uv": [2, 2, 16, 2.7], "rotation": 270, "texture": "#0"}
			}
		},
		{
			"from": [14, 5.4, 1],
			"to": [15.6, 6.6, 6.4],
			"rotation": {"angle": 0, "axis": "y", "origin": [8, 8.8125, 8]},
			"faces": {
				"north": {"uv": [5, 7, 6, 8], "texture": "#0"},
				"east": {"uv": [2, 2, 8, 3], "texture": "#0"},
				"south": {"uv": [14, 9, 15, 10], "texture": "#0"},
				"west": {"uv": [2, 2, 16, 2.7], "texture": "#0"},
				"up": {"uv": [2, 2, 16, 2.7], "rotation": 90, "texture": "#0"},
				"down": {"uv": [2, 2, 16, 2.7], "rotation": 270, "texture": "#0"}
			}
		},
		{
			"from": [14.4, 6.3, 0.8],
			"to": [15.65, 7.1, 15.3],
			"rotation": {"angle": 0, "axis": "y", "origin": [8, 8.8125, 8]},
			"faces": {
				"north": {"uv": [13, 5, 14, 6], "texture": "#0"},
				"east": {"uv": [1, 2, 15, 3], "texture": "#0"},
				"south": {"uv": [14, 8, 15, 9], "texture": "#0"},
				"west": {"uv": [0, 1, 6, 2], "texture": "#0"},
				"up": {"uv": [0, 1, 6, 2], "rotation": 90, "texture": "#0"},
				"down": {"uv": [0, 1, 6, 2], "rotation": 270, "texture": "#0"}
			}
		},
		{
			"from": [14.4, 7, 0.9],
			"to": [15.7, 7.9, 15.3],
			"rotation": {"angle": 0, "axis": "y", "origin": [8, 8.8125, 8]},
			"faces": {
				"north": {"uv": [5, 7, 6, 8], "texture": "#0"},
				"east": {"uv": [0, 3, 16, 4], "texture": "#0"},
				"south": {"uv": [8, 7, 9, 8], "texture": "#0"},
				"west": {"uv": [2, 8, 14, 9], "texture": "#0"},
				"up": {"uv": [2, 8, 14, 9], "rotation": 90, "texture": "#0"},
				"down": {"uv": [0, 3, 16, 4], "rotation": 270, "texture": "#0"}
			}
		},
		{
			"from": [14.4, 7.8, 0.9],
			"to": [15.6, 8.9, 15.3],
			"rotation": {"angle": 0, "axis": "y", "origin": [8, 8.8125, 8]},
			"faces": {
				"north": {"uv": [5, 7, 6, 8], "texture": "#0"},
				"east": {"uv": [2, 8, 14, 9], "texture": "#0"},
				"south": {"uv": [8, 7, 9, 8], "texture": "#0"},
				"west": {"uv": [2, 8, 14, 9], "texture": "#0"},
				"up": {"uv": [2, 8, 14, 9], "rotation": 90, "texture": "#0"},
				"down": {"uv": [2, 8, 14, 9], "rotation": 270, "texture": "#0"}
			}
		},
		{
			"from": [14, 8.5, 0.9],
			"to": [15.7, 9.6, 15.4],
			"rotation": {"angle": 0, "axis": "y", "origin": [8, 8.8125, 8]},
			"faces": {
				"north": {"uv": [7, 10, 8, 11], "texture": "#0"},
				"east": {"uv": [0, 0, 14, 1.1], "texture": "#0"},
				"south": {"uv": [12, 11, 13, 12], "texture": "#0"},
				"west": {"uv": [0, 0, 14, 1.1], "texture": "#0"},
				"up": {"uv": [0, 0, 14, 1.1], "rotation": 90, "texture": "#0"},
				"down": {"uv": [0, 0, 14, 1.1], "rotation": 270, "texture": "#0"}
			}
		},
		{
			"from": [14, 9.5, 0.8],
			"to": [15.9, 10.9, 15.3],
			"rotation": {"angle": 0, "axis": "y", "origin": [8, 8.8125, 8]},
			"faces": {
				"north": {"uv": [10, 10, 11, 11], "texture": "#0"},
				"east": {"uv": [2, 6, 16, 8], "texture": "#0"},
				"south": {"uv": [8, 10, 9, 11], "texture": "#0"},
				"west": {"uv": [1, 6, 15, 6.9], "texture": "#0"},
				"up": {"uv": [1, 6, 15, 6.9], "rotation": 90, "texture": "#0"},
				"down": {"uv": [1, 6, 15, 6.9], "rotation": 270, "texture": "#0"}
			}
		},
		{
			"from": [14, 10.4, 0.9],
			"to": [15.7, 11.9, 15.4],
			"rotation": {"angle": 0, "axis": "y", "origin": [8, 8.8125, 8]},
			"faces": {
				"north": {"uv": [4, 9, 5, 10], "texture": "#0"},
				"east": {"uv": [4, 2, 16, 3], "texture": "#0"},
				"south": {"uv": [2, 12, 3, 13], "texture": "#0"},
				"west": {"uv": [4, 2, 16, 3], "texture": "#0"},
				"up": {"uv": [4, 2, 16, 3], "rotation": 90, "texture": "#0"},
				"down": {"uv": [4, 2, 16, 3], "rotation": 270, "texture": "#0"}
			}
		},
		{
			"from": [14, 11.9, 11.7],
			"to": [15.6, 13, 15.4],
			"rotation": {"angle": 0, "axis": "y", "origin": [8, 8.8125, 8]},
			"faces": {
				"north": {"uv": [5, 7, 6, 8], "texture": "#0"},
				"east": {"uv": [2, 8, 6, 9], "texture": "#0"},
				"south": {"uv": [8, 7, 9, 8], "texture": "#0"},
				"west": {"uv": [2, 8, 14, 9], "texture": "#0"},
				"up": {"uv": [2, 8, 14, 9], "rotation": 90, "texture": "#0"},
				"down": {"uv": [2, 8, 14, 9], "rotation": 270, "texture": "#0"}
			}
		},
		{
			"from": [14, 11.9, 0.8],
			"to": [15.6, 13, 5.4],
			"rotation": {"angle": 0, "axis": "y", "origin": [8, 8.8125, 8]},
			"faces": {
				"north": {"uv": [5, 7, 6, 8], "texture": "#0"},
				"east": {"uv": [2, 8, 7, 9], "texture": "#0"},
				"south": {"uv": [8, 7, 9, 8], "texture": "#0"},
				"west": {"uv": [2, 8, 14, 9], "texture": "#0"},
				"up": {"uv": [2, 8, 14, 9], "rotation": 90, "texture": "#0"},
				"down": {"uv": [2, 8, 14, 9], "rotation": 270, "texture": "#0"}
			}
		},
		{
			"from": [14, 11.9, 6.7],
			"to": [15.6, 14, 10.4],
			"rotation": {"angle": -45, "axis": "x", "origin": [14.8, 12.45, 9.05]},
			"faces": {
				"north": {"uv": [5, 7, 6, 8], "texture": "#0"},
				"east": {"uv": [2, 6, 7, 9], "texture": "#0"},
				"south": {"uv": [8, 7, 9, 8], "texture": "#0"},
				"west": {"uv": [2, 8, 14, 9], "texture": "#0"},
				"up": {"uv": [2, 8, 14, 9], "rotation": 90, "texture": "#0"},
				"down": {"uv": [2, 8, 14, 9], "rotation": 270, "texture": "#0"}
			}
		},
		{
			"from": [14, 12.9, 0.9],
			"to": [15.8, 14.1, 15.5],
			"rotation": {"angle": 0, "axis": "y", "origin": [8, 8.8125, 8]},
			"faces": {
				"north": {"uv": [7, 6, 8, 7], "texture": "#0"},
				"east": {"uv": [0, 6, 15, 7], "texture": "#0"},
				"south": {"uv": [6, 6, 7, 7], "texture": "#0"},
				"west": {"uv": [8, 1, 14, 2], "texture": "#0"},
				"up": {"uv": [8, 1, 14, 2], "rotation": 90, "texture": "#0"},
				"down": {"uv": [8, 1, 14, 2], "rotation": 270, "texture": "#0"}
			}
		},
		{
			"from": [14, 13.6, 0.9],
			"to": [15.7, 14.7, 15.4],
			"rotation": {"angle": 0, "axis": "y", "origin": [8, 8.8125, 8]},
			"faces": {
				"north": {"uv": [13, 5, 14, 6], "texture": "#0"},
				"east": {"uv": [1, 2, 15, 3], "texture": "#0"},
				"south": {"uv": [14, 8, 15, 9], "texture": "#0"},
				"west": {"uv": [0, 1, 6, 2], "texture": "#0"},
				"up": {"uv": [0, 1, 6, 2], "rotation": 90, "texture": "#0"},
				"down": {"uv": [0, 1, 6, 2], "rotation": 270, "texture": "#0"}
			}
		},
		{
			"from": [12.8125, 14.3125, 0.8],
			"to": [14.3125, 15.5125, 15.2],
			"rotation": {"angle": 0, "axis": "z", "origin": [8, 8.8125, 8]},
			"faces": {
				"north": {"uv": [10, 8, 11, 9], "rotation": 90, "texture": "#0"},
				"east": {"uv": [0, 1, 6, 2], "rotation": 180, "texture": "#0"},
				"south": {"uv": [7, 3, 8, 4], "rotation": 270, "texture": "#0"},
				"west": {"uv": [0, 1, 6, 2], "texture": "#0"},
				"up": {"uv": [4, 8, 16, 9], "rotation": 270, "texture": "#0"},
				"down": {"uv": [0, 1, 6, 2], "rotation": 270, "texture": "#0"}
			}
		},
		{
			"from": [11.7125, 14.3125, 0.9],
			"to": [13.2125, 15.7125, 4.1],
			"rotation": {"angle": 0, "axis": "z", "origin": [8, 8.8125, 8]},
			"faces": {
				"north": {"uv": [6, 5, 7, 6], "rotation": 90, "texture": "#0"},
				"east": {"uv": [4, 2, 16, 3], "rotation": 180, "texture": "#0"},
				"south": {"uv": [7, 6, 8, 7], "rotation": 270, "texture": "#0"},
				"west": {"uv": [4, 2, 16, 3], "texture": "#0"},
				"up": {"uv": [1, 10, 3, 11], "rotation": 270, "texture": "#0"},
				"down": {"uv": [4, 2, 16, 3], "rotation": 270, "texture": "#0"}
			}
		},
		{
			"from": [11.7125, 14.3125, 11.9],
			"to": [13.2125, 15.7125, 15.1],
			"rotation": {"angle": 0, "axis": "z", "origin": [8, 8.8125, 8]},
			"faces": {
				"north": {"uv": [6, 5, 7, 6], "rotation": 90, "texture": "#0"},
				"east": {"uv": [4, 2, 16, 3], "rotation": 180, "texture": "#0"},
				"south": {"uv": [7, 6, 8, 7], "rotation": 270, "texture": "#0"},
				"west": {"uv": [4, 2, 16, 3], "texture": "#0"},
				"up": {"uv": [1, 10, 3, 11], "rotation": 270, "texture": "#0"},
				"down": {"uv": [4, 2, 16, 3], "rotation": 270, "texture": "#0"}
			}
		},
		{
			"from": [11.7125, 14.0125, 4.9],
			"to": [13.2125, 15.4125, 10.1],
			"rotation": {"angle": -22.5, "axis": "y", "origin": [12.4625, 15.0125, 7.5]},
			"faces": {
				"north": {"uv": [6, 5, 7, 6], "rotation": 90, "texture": "#0"},
				"east": {"uv": [4, 2, 16, 3], "rotation": 180, "texture": "#0"},
				"south": {"uv": [7, 6, 8, 7], "rotation": 270, "texture": "#0"},
				"west": {"uv": [4, 2, 16, 3], "texture": "#0"},
				"up": {"uv": [4, 10, 8, 11], "rotation": 270, "texture": "#0"},
				"down": {"uv": [4, 2, 16, 3], "rotation": 270, "texture": "#0"}
			}
		},
		{
			"from": [10.7125, 14.3125, 0.8],
			"to": [12.2125, 15.5125, 15.1],
			"rotation": {"angle": 0, "axis": "z", "origin": [8, 8.8125, 8]},
			"faces": {
				"north": {"uv": [10, 10, 11, 11], "rotation": 90, "texture": "#0"},
				"east": {"uv": [2, 8, 14, 9], "rotation": 180, "texture": "#0"},
				"south": {"uv": [4, 9, 5, 10], "rotation": 270, "texture": "#0"},
				"west": {"uv": [2, 8, 14, 9], "texture": "#0"},
				"up": {"uv": [2, 8, 14, 9], "rotation": 270, "texture": "#0"},
				"down": {"uv": [2, 8, 14, 9], "rotation": 270, "texture": "#0"}
			}
		},
		{
			"from": [10.4125, 14.3125, 0.9],
			"to": [11.4125, 15.7125, 15.2],
			"rotation": {"angle": 0, "axis": "z", "origin": [8, 8.8125, 8]},
			"faces": {
				"north": {"uv": [5, 7, 6, 8], "rotation": 90, "texture": "#0"},
				"east": {"uv": [2, 2, 16, 2.7], "rotation": 180, "texture": "#0"},
				"south": {"uv": [14, 9, 15, 10], "rotation": 270, "texture": "#0"},
				"west": {"uv": [2, 2, 16, 2.7], "texture": "#0"},
				"up": {"uv": [2, 2, 16, 2.7], "rotation": 270, "texture": "#0"},
				"down": {"uv": [2, 2, 16, 2.7], "rotation": 270, "texture": "#0"}
			}
		},
		{
			"from": [9.4125, 14.7125, 0.9],
			"to": [10.8125, 15.7625, 15.1],
			"rotation": {"angle": 0, "axis": "z", "origin": [8, 8.8125, 8]},
			"faces": {
				"north": {"uv": [13, 5, 14, 6], "rotation": 90, "texture": "#0"},
				"east": {"uv": [0, 1, 6, 2], "rotation": 180, "texture": "#0"},
				"south": {"uv": [14, 8, 15, 9], "rotation": 270, "texture": "#0"},
				"west": {"uv": [0, 1, 6, 2], "texture": "#0"},
				"up": {"uv": [1, 2, 15, 3], "rotation": 270, "texture": "#0"},
				"down": {"uv": [0, 1, 6, 2], "rotation": 270, "texture": "#0"}
			}
		},
		{
			"from": [8.6125, 14.7125, 0.9],
			"to": [9.8125, 15.8125, 15.1],
			"rotation": {"angle": 0, "axis": "z", "origin": [8, 8.8125, 8]},
			"faces": {
				"north": {"uv": [5, 7, 6, 8], "rotation": 90, "texture": "#0"},
				"east": {"uv": [0, 3, 16, 4], "rotation": 180, "texture": "#0"},
				"south": {"uv": [8, 7, 9, 8], "rotation": 270, "texture": "#0"},
				"west": {"uv": [2, 8, 14, 9], "texture": "#0"},
				"up": {"uv": [0, 3, 16, 4], "rotation": 270, "texture": "#0"},
				"down": {"uv": [2, 8, 14, 9], "rotation": 270, "texture": "#0"}
			}
		},
		{
			"from": [7.6125, 14.7125, 0.9],
			"to": [9.0125, 15.7125, 15.1],
			"rotation": {"angle": 0, "axis": "z", "origin": [8, 8.8125, 8]},
			"faces": {
				"north": {"uv": [5, 7, 6, 8], "rotation": 90, "texture": "#0"},
				"east": {"uv": [2, 8, 14, 9], "rotation": 180, "texture": "#0"},
				"south": {"uv": [8, 7, 9, 8], "rotation": 270, "texture": "#0"},
				"west": {"uv": [2, 8, 14, 9], "texture": "#0"},
				"up": {"uv": [2, 8, 14, 9], "rotation": 270, "texture": "#0"},
				"down": {"uv": [2, 8, 14, 9], "rotation": 270, "texture": "#0"}
			}
		},
		{
			"from": [6.9125, 14.3125, 0.9],
			"to": [8.3125, 15.8125, 15.2],
			"rotation": {"angle": 0, "axis": "z", "origin": [8, 8.8125, 8]},
			"faces": {
				"north": {"uv": [7, 10, 8, 11], "rotation": 90, "texture": "#0"},
				"east": {"uv": [0, 0, 14, 1.1], "rotation": 180, "texture": "#0"},
				"south": {"uv": [12, 11, 13, 12], "rotation": 270, "texture": "#0"},
				"west": {"uv": [0, 0, 14, 1.1], "texture": "#0"},
				"up": {"uv": [0, 0, 14, 1.1], "rotation": 270, "texture": "#0"},
				"down": {"uv": [0, 0, 14, 1.1], "rotation": 270, "texture": "#0"}
			}
		},
		{
			"from": [5.9125, 14.3125, 5.9],
			"to": [7.3125, 15.7125, 11.2],
			"rotation": {"angle": -22.5, "axis": "y", "origin": [8, 8.8125, 8]},
			"faces": {
				"north": {"uv": [7, 10, 8, 11], "rotation": 90, "texture": "#0"},
				"east": {"uv": [0, 0, 14, 1.1], "rotation": 180, "texture": "#0"},
				"south": {"uv": [12, 11, 13, 12], "rotation": 270, "texture": "#0"},
				"west": {"uv": [0, 0, 14, 1.1], "texture": "#0"},
				"up": {"uv": [1, 6, 15, 8], "rotation": 270, "texture": "#0"},
				"down": {"uv": [0, 0, 14, 1.1], "rotation": 270, "texture": "#0"}
			}
		},
		{
			"from": [4.6125, 14.3125, 0.9],
			"to": [6.4125, 15.8125, 15.2],
			"rotation": {"angle": 0, "axis": "z", "origin": [8, 8.8125, 8]},
			"faces": {
				"north": {"uv": [4, 9, 5, 10], "rotation": 90, "texture": "#0"},
				"east": {"uv": [4, 2, 16, 3], "rotation": 180, "texture": "#0"},
				"south": {"uv": [2, 12, 3, 13], "rotation": 270, "texture": "#0"},
				"west": {"uv": [4, 2, 16, 3], "texture": "#0"},
				"up": {"uv": [4, 2, 16, 3], "rotation": 270, "texture": "#0"},
				"down": {"uv": [4, 2, 16, 3], "rotation": 270, "texture": "#0"}
			}
		},
		{
			"from": [3.5125, 14.3125, 0.9],
			"to": [4.9125, 15.7125, 14.2],
			"rotation": {"angle": 0, "axis": "z", "origin": [8, 8.8125, 8]},
			"faces": {
				"north": {"uv": [5, 7, 6, 8], "rotation": 90, "texture": "#0"},
				"east": {"uv": [2, 8, 14, 9], "rotation": 180, "texture": "#0"},
				"south": {"uv": [8, 7, 9, 8], "rotation": 270, "texture": "#0"},
				"west": {"uv": [2, 8, 14, 9], "texture": "#0"},
				"up": {"uv": [2, 8, 14, 9], "rotation": 270, "texture": "#0"},
				"down": {"uv": [2, 8, 14, 9], "rotation": 270, "texture": "#0"}
			}
		},
		{
			"from": [2.4125, 14.3125, 0.9],
			"to": [3.9125, 15.9125, 13.3],
			"rotation": {"angle": 0, "axis": "z", "origin": [8, 8.8125, 8]},
			"faces": {
				"north": {"uv": [7, 6, 8, 7], "rotation": 90, "texture": "#0"},
				"east": {"uv": [8, 1, 14, 2], "rotation": 180, "texture": "#0"},
				"south": {"uv": [6, 6, 7, 7], "rotation": 270, "texture": "#0"},
				"west": {"uv": [8, 1, 14, 2], "texture": "#0"},
				"up": {"uv": [0, 6, 15, 7], "rotation": 270, "texture": "#0"},
				"down": {"uv": [8, 1, 14, 2], "rotation": 270, "texture": "#0"}
			}
		},
		{
			"from": [1.8125, 14.3125, 0.9],
			"to": [3.2125, 15.8125, 12.2],
			"rotation": {"angle": 0, "axis": "z", "origin": [8, 8.8125, 8]},
			"faces": {
				"north": {"uv": [13, 5, 14, 6], "rotation": 90, "texture": "#0"},
				"east": {"uv": [0, 1, 6, 2], "rotation": 180, "texture": "#0"},
				"south": {"uv": [14, 8, 15, 9], "rotation": 270, "texture": "#0"},
				"west": {"uv": [0, 1, 6, 2], "texture": "#0"},
				"up": {"uv": [1, 2, 15, 3], "rotation": 270, "texture": "#0"},
				"down": {"uv": [0, 1, 6, 2], "rotation": 270, "texture": "#0"}
			}
		},
		{
			"from": [12.7875, 0.8125, 0.8],
			"to": [14.1875, 2.3125, 15.2],
			"rotation": {"angle": 0, "axis": "z", "origin": [8, 8.8125, 8]},
			"faces": {
				"north": {"uv": [13, 5, 14, 6], "rotation": 270, "texture": "#0"},
				"east": {"uv": [0, 1, 6, 2], "rotation": 180, "texture": "#0"},
				"south": {"uv": [14, 8, 15, 9], "rotation": 90, "texture": "#0"},
				"west": {"uv": [0, 1, 6, 2], "texture": "#0"},
				"up": {"uv": [0, 1, 6, 2], "rotation": 90, "texture": "#0"},
				"down": {"uv": [1, 2, 15, 3], "rotation": 90, "texture": "#0"}
			}
		},
		{
			"from": [12.0875, 1.0125, 0.9],
			"to": [13.5875, 2.3125, 15.3],
			"rotation": {"angle": 0, "axis": "z", "origin": [8, 8.8125, 8]},
			"faces": {
				"north": {"uv": [7, 6, 8, 7], "rotation": 270, "texture": "#0"},
				"east": {"uv": [8, 1, 14, 2], "rotation": 180, "texture": "#0"},
				"south": {"uv": [6, 6, 7, 7], "rotation": 90, "texture": "#0"},
				"west": {"uv": [8, 1, 14, 2], "texture": "#0"},
				"up": {"uv": [8, 1, 14, 2], "rotation": 90, "texture": "#0"},
				"down": {"uv": [0, 6, 15, 7], "rotation": 90, "texture": "#0"}
			}
		},
		{
			"from": [11.0875, 0.9125, 1],
			"to": [12.4875, 2.3125, 15.2],
			"rotation": {"angle": 0, "axis": "z", "origin": [8, 8.8125, 8]},
			"faces": {
				"north": {"uv": [5, 7, 6, 8], "rotation": 270, "texture": "#0"},
				"east": {"uv": [2, 8, 14, 9], "rotation": 180, "texture": "#0"},
				"south": {"uv": [8, 7, 9, 8], "rotation": 90, "texture": "#0"},
				"west": {"uv": [2, 8, 14, 9], "texture": "#0"},
				"up": {"uv": [2, 8, 14, 9], "rotation": 90, "texture": "#0"},
				"down": {"uv": [2, 8, 14, 9], "rotation": 90, "texture": "#0"}
			}
		},
		{
			"from": [9.5875, 0.8125, 0.9],
			"to": [11.3875, 2.3125, 15.3],
			"rotation": {"angle": 0, "axis": "z", "origin": [8, 8.8125, 8]},
			"faces": {
				"north": {"uv": [4, 9, 5, 10], "rotation": 270, "texture": "#0"},
				"east": {"uv": [4, 2, 16, 3], "rotation": 180, "texture": "#0"},
				"south": {"uv": [2, 12, 3, 13], "rotation": 90, "texture": "#0"},
				"west": {"uv": [4, 2, 16, 3], "texture": "#0"},
				"up": {"uv": [4, 2, 16, 3], "rotation": 90, "texture": "#0"},
				"down": {"uv": [4, 2, 16, 3], "rotation": 90, "texture": "#0"}
			}
		},
		{
			"from": [8.6875, 0.6125, 0.8],
			"to": [10.3875, 2.3125, 15.2],
			"rotation": {"angle": 0, "axis": "z", "origin": [8, 8.8125, 8]},
			"faces": {
				"north": {"uv": [10, 10, 11, 11], "rotation": 270, "texture": "#0"},
				"east": {"uv": [1, 6, 15, 6.9], "rotation": 180, "texture": "#0"},
				"south": {"uv": [8, 10, 9, 11], "rotation": 90, "texture": "#0"},
				"west": {"uv": [1, 6, 15, 6.9], "texture": "#0"},
				"up": {"uv": [1, 6, 15, 6.9], "rotation": 90, "texture": "#0"},
				"down": {"uv": [2, 6, 16, 8], "rotation": 90, "texture": "#0"}
			}
		},
		{
			"from": [7.6875, 0.8125, 0.9],
			"to": [9.0875, 2.3125, 15.3],
			"rotation": {"angle": 0, "axis": "z", "origin": [8, 8.8125, 8]},
			"faces": {
				"north": {"uv": [7, 10, 8, 11], "rotation": 270, "texture": "#0"},
				"east": {"uv": [0, 0, 14, 1.1], "rotation": 180, "texture": "#0"},
				"south": {"uv": [12, 11, 13, 12], "rotation": 90, "texture": "#0"},
				"west": {"uv": [0, 0, 14, 1.1], "texture": "#0"},
				"up": {"uv": [0, 0, 14, 1.1], "rotation": 90, "texture": "#0"},
				"down": {"uv": [0, 0, 14, 1.1], "rotation": 90, "texture": "#0"}
			}
		},
		{
			"from": [6.9875, 0.9125, 1],
			"to": [8.3875, 1.9125, 15.2],
			"rotation": {"angle": 0, "axis": "z", "origin": [8, 8.8125, 8]},
			"faces": {
				"north": {"uv": [5, 7, 6, 8], "rotation": 270, "texture": "#0"},
				"east": {"uv": [2, 8, 14, 9], "rotation": 180, "texture": "#0"},
				"south": {"uv": [8, 7, 9, 8], "rotation": 90, "texture": "#0"},
				"west": {"uv": [2, 8, 14, 9], "texture": "#0"},
				"up": {"uv": [2, 8, 14, 9], "rotation": 90, "texture": "#0"},
				"down": {"uv": [2, 8, 14, 9], "rotation": 90, "texture": "#0"}
			}
		},
		{
			"from": [6.1875, 0.8125, 0.9],
			"to": [7.3875, 1.9125, 15.1],
			"rotation": {"angle": 0, "axis": "z", "origin": [8, 8.8125, 8]},
			"faces": {
				"north": {"uv": [5, 7, 6, 8], "rotation": 270, "texture": "#0"},
				"east": {"uv": [2, 8, 14, 9], "rotation": 180, "texture": "#0"},
				"south": {"uv": [8, 7, 9, 8], "rotation": 90, "texture": "#0"},
				"west": {"uv": [0, 3, 16, 4], "texture": "#0"},
				"up": {"uv": [2, 8, 14, 9], "rotation": 90, "texture": "#0"},
				"down": {"uv": [0, 3, 16, 4], "rotation": 90, "texture": "#0"}
			}
		},
		{
			"from": [5.1875, 0.8625, 0.8],
			"to": [6.5875, 1.9125, 15.2],
			"rotation": {"angle": 0, "axis": "z", "origin": [8, 8.8125, 8]},
			"faces": {
				"north": {"uv": [13, 5, 14, 6], "rotation": 270, "texture": "#0"},
				"east": {"uv": [0, 1, 6, 2], "rotation": 180, "texture": "#0"},
				"south": {"uv": [14, 8, 15, 9], "rotation": 90, "texture": "#0"},
				"west": {"uv": [0, 1, 6, 2], "texture": "#0"},
				"up": {"uv": [0, 1, 6, 2], "rotation": 90, "texture": "#0"},
				"down": {"uv": [1, 2, 15, 3], "rotation": 90, "texture": "#0"}
			}
		},
		{
			"from": [4.5875, 0.9125, 0.9],
			"to": [5.5875, 2.3125, 15.3],
			"rotation": {"angle": 0, "axis": "z", "origin": [8, 8.8125, 8]},
			"faces": {
				"north": {"uv": [5, 7, 6, 8], "rotation": 270, "texture": "#0"},
				"east": {"uv": [2, 2, 16, 2.7], "rotation": 180, "texture": "#0"},
				"south": {"uv": [14, 9, 15, 10], "rotation": 90, "texture": "#0"},
				"west": {"uv": [2, 2, 16, 2.7], "texture": "#0"},
				"up": {"uv": [2, 2, 16, 2.7], "rotation": 90, "texture": "#0"},
				"down": {"uv": [2, 2, 16, 2.7], "rotation": 90, "texture": "#0"}
			}
		},
		{
			"from": [3.7875, 1.1125, 1],
			"to": [5.2875, 2.3125, 15.2],
			"rotation": {"angle": 0, "axis": "z", "origin": [8, 8.8125, 8]},
			"faces": {
				"north": {"uv": [10, 10, 11, 11], "rotation": 270, "texture": "#0"},
				"east": {"uv": [2, 8, 14, 9], "rotation": 180, "texture": "#0"},
				"south": {"uv": [4, 9, 5, 10], "rotation": 90, "texture": "#0"},
				"west": {"uv": [2, 8, 14, 9], "texture": "#0"},
				"up": {"uv": [2, 8, 14, 9], "rotation": 90, "texture": "#0"},
				"down": {"uv": [2, 8, 14, 9], "rotation": 90, "texture": "#0"}
			}
		},
		{
			"from": [2.7875, 0.9125, 0.9],
			"to": [4.2875, 2.3125, 15.1],
			"rotation": {"angle": 0, "axis": "z", "origin": [8, 8.8125, 8]},
			"faces": {
				"north": {"uv": [6, 5, 7, 6], "rotation": 270, "texture": "#0"},
				"east": {"uv": [4, 2, 16, 3], "rotation": 180, "texture": "#0"},
				"south": {"uv": [7, 6, 8, 7], "rotation": 90, "texture": "#0"},
				"west": {"uv": [4, 2, 16, 3], "texture": "#0"},
				"up": {"uv": [4, 2, 16, 3], "rotation": 90, "texture": "#0"},
				"down": {"uv": [0, 15, 16, 16], "rotation": 90, "texture": "#0"}
			}
		},
		{
			"from": [1.6875, 1.1125, 0.8],
			"to": [3.1875, 2.3125, 15.2],
			"rotation": {"angle": 0, "axis": "z", "origin": [8, 8.8125, 8]},
			"faces": {
				"north": {"uv": [10, 8, 11, 9], "rotation": 270, "texture": "#0"},
				"east": {"uv": [0, 1, 6, 2], "rotation": 180, "texture": "#0"},
				"south": {"uv": [7, 3, 8, 4], "rotation": 90, "texture": "#0"},
				"west": {"uv": [0, 1, 6, 2], "texture": "#0"},
				"up": {"uv": [0, 1, 6, 2], "rotation": 90, "texture": "#0"},
				"down": {"uv": [4, 8, 16, 9], "rotation": 90, "texture": "#0"}
			}
		},
		{
			"from": [14, 14.7, 0.9],
			"to": [15.6, 15.4, 15.4],
			"rotation": {"angle": 0, "axis": "y", "origin": [8, 8.8125, 8]},
			"faces": {
				"north": {"uv": [14, 6, 15, 7], "texture": "#0"},
				"east": {"uv": [0, 9, 12, 10], "texture": "#0"},
				"south": {"uv": [4, 9, 5, 10], "texture": "#0"},
				"west": {"uv": [0, 1, 6, 2], "texture": "#0"},
				"up": {"uv": [0, 1, 6, 2], "rotation": 90, "texture": "#0"},
				"down": {"uv": [0, 1, 6, 2], "rotation": 270, "texture": "#0"}
			}
		}
	],
	"display": {
		"thirdperson_righthand": {
			"translation": [0, 3.5, 2],
			"scale": [0.5, 0.5, 0.5]
		},
		"thirdperson_lefthand": {
			"translation": [0, 3.5, 2],
			"scale": [0.5, 0.5, 0.5]
		},
		"firstperson_righthand": {
			"scale": [0.5, 0.5, 0.5]
		},
		"firstperson_lefthand": {
			"scale": [0.5, 0.5, 0.5]
		},
		"ground": {
			"scale": [0.5, 0.5, 0.5]
		},
		"gui": {
			"rotation": [18, -150, 0],
			"scale": [0.75, 0.75, 0.75]
		},
		"fixed": {
			"translation": [0, 0, 6]
		}
	}
}