{
	"credit": "Made with Blockbench",
	"textures": {
		"1": "block/red_wool",
		"particle": "entity/steve"
	},
	"elements": [
		{
			"from": [0.7, 10, 0.7],
			"to": [15.3, 13, 2.3],
			"faces": {
				"north": {"uv": [0, 0, 16, 3], "texture": "#1"},
				"east": {"uv": [0, 0, 16, 3], "texture": "#1"},
				"south": {"uv": [0, 0, 16, 3], "texture": "#1"},
				"west": {"uv": [0, 0, 1.6, 3], "texture": "#1"},
				"up": {"uv": [0, 0, 14.6, 1.6], "texture": "#1"},
				"down": {"uv": [0, 0, 14.6, 1.6], "texture": "#1"}
			}
		},
		{
			"from": [0.7, 10, 13.7],
			"to": [15.3, 13, 15.3],
			"faces": {
				"north": {"uv": [0, 0, 16, 3], "texture": "#1"},
				"east": {"uv": [0, 0, 16, 3], "texture": "#1"},
				"south": {"uv": [0, 0, 16, 3], "texture": "#1"},
				"west": {"uv": [0, 0, 16, 3], "texture": "#1"},
				"up": {"uv": [0, 0, 14.6, 1.6], "texture": "#1"},
				"down": {"uv": [0, 0, 14.6, 1.6], "texture": "#1"}
			}
		},
		{
			"from": [0.7, 10, 2.3],
			"to": [2.3, 13, 13.7],
			"rotation": {"angle": 0, "axis": "y", "origin": [8, 11.5, 8]},
			"faces": {
				"north": {"uv": [0, 0, 16, 3], "texture": "#1"},
				"east": {"uv": [0, 0, 16, 3], "texture": "#1"},
				"south": {"uv": [0, 0, 16, 3], "texture": "#1"},
				"west": {"uv": [0, 0, 16, 3], "texture": "#1"},
				"up": {"uv": [0, 0, 11.4, 1.6], "rotation": 270, "texture": "#1"},
				"down": {"uv": [0, 0, 11.4, 1.6], "rotation": 90, "texture": "#1"}
			}
		},
		{
			"from": [13.7, 10, 2.3],
			"to": [15.3, 13, 13.7],
			"rotation": {"angle": 0, "axis": "y", "origin": [8, 11.5, 8]},
			"faces": {
				"north": {"uv": [0, 0, 16, 3], "texture": "#1"},
				"east": {"uv": [0, 0, 16, 3], "texture": "#1"},
				"south": {"uv": [0, 0, 16, 3], "texture": "#1"},
				"west": {"uv": [0, 0, 16, 3], "texture": "#1"},
				"up": {"uv": [0, 0, 11.4, 1.6], "rotation": 270, "texture": "#1"},
				"down": {"uv": [0, 0, 11.4, 1.6], "rotation": 90, "texture": "#1"}
			}
		},
		{
			"from": [3, 7.9, 15],
			"to": [6, 8.9, 16],
			"rotation": {"angle": 45, "axis": "y", "origin": [7.5, 12.4, 15.5]},
			"faces": {
				"north": {"uv": [0, 1, 3, 2], "texture": "#1"},
				"east": {"uv": [0, 0, 1, 1], "texture": "#1"},
				"south": {"uv": [4, 4, 7, 5], "texture": "#1"},
				"west": {"uv": [0, 0, 1, 1], "texture": "#1"},
				"up": {"uv": [0, 1, 3, 2], "texture": "#1"},
				"down": {"uv": [0, 1, 3, 2], "texture": "#1"}
			}
		},
		{
			"from": [2, 6.9, 15],
			"to": [5, 7.9, 16],
			"rotation": {"angle": 45, "axis": "y", "origin": [7.5, 12.4, 15.5]},
			"faces": {
				"north": {"uv": [0, 1, 3, 2], "texture": "#1"},
				"east": {"uv": [0, 0, 1, 1], "texture": "#1"},
				"south": {"uv": [0, 1, 3, 2], "texture": "#1"},
				"west": {"uv": [0, 0, 1, 1], "texture": "#1"},
				"up": {"uv": [0, 1, 3, 2], "texture": "#1"},
				"down": {"uv": [0, 1, 3, 2], "texture": "#1"}
			}
		},
		{
			"from": [10, 7.9, 15],
			"to": [13, 8.9, 16],
			"rotation": {"angle": -45, "axis": "y", "origin": [8.5, 12.4, 15.5]},
			"faces": {
				"north": {"uv": [3, 1, 0, 2], "texture": "#1"},
				"east": {"uv": [1, 0, 0, 1], "texture": "#1"},
				"south": {"uv": [4, 4, 7, 5], "texture": "#1"},
				"west": {"uv": [1, 0, 0, 1], "texture": "#1"},
				"up": {"uv": [3, 1, 0, 2], "texture": "#1"},
				"down": {"uv": [3, 1, 0, 2], "texture": "#1"}
			}
		},
		{
			"from": [11, 6.9, 15],
			"to": [14, 7.9, 16],
			"rotation": {"angle": -45, "axis": "y", "origin": [8.5, 12.4, 15.5]},
			"faces": {
				"north": {"uv": [3, 1, 0, 2], "texture": "#1"},
				"east": {"uv": [1, 0, 0, 1], "texture": "#1"},
				"south": {"uv": [3, 1, 0, 2], "texture": "#1"},
				"west": {"uv": [1, 0, 0, 1], "texture": "#1"},
				"up": {"uv": [3, 1, 0, 2], "texture": "#1"},
				"down": {"uv": [3, 1, 0, 2], "texture": "#1"}
			}
		},
		{
			"from": [4, 8.9, 15],
			"to": [7, 9.9, 16],
			"rotation": {"angle": 45, "axis": "y", "origin": [7.5, 12.4, 15.5]},
			"faces": {
				"north": {"uv": [0, 1, 3, 2], "texture": "#1"},
				"east": {"uv": [0, 0, 1, 1], "texture": "#1"},
				"south": {"uv": [0, 1, 3, 2], "texture": "#1"},
				"west": {"uv": [0, 0, 1, 1], "texture": "#1"},
				"up": {"uv": [0, 1, 3, 2], "texture": "#1"},
				"down": {"uv": [0, 1, 3, 2], "texture": "#1"}
			}
		},
		{
			"from": [9, 8.9, 15],
			"to": [12, 9.9, 16],
			"rotation": {"angle": -45, "axis": "y", "origin": [8.5, 12.4, 15.5]},
			"faces": {
				"north": {"uv": [3, 1, 0, 2], "texture": "#1"},
				"east": {"uv": [1, 0, 0, 1], "texture": "#1"},
				"south": {"uv": [3, 1, 0, 2], "texture": "#1"},
				"west": {"uv": [1, 0, 0, 1], "texture": "#1"},
				"up": {"uv": [3, 1, 0, 2], "texture": "#1"},
				"down": {"uv": [3, 1, 0, 2], "texture": "#1"}
			}
		},
		{
			"from": [5, 9.9, 15],
			"to": [8, 10.9, 16],
			"rotation": {"angle": 45, "axis": "y", "origin": [7.5, 12.4, 15.5]},
			"faces": {
				"north": {"uv": [0, 1, 3, 2], "texture": "#1"},
				"east": {"uv": [0, 0, 1, 1], "texture": "#1"},
				"south": {"uv": [4, 4, 7, 5], "texture": "#1"},
				"west": {"uv": [0, 0, 1, 1], "texture": "#1"},
				"up": {"uv": [0, 1, 3, 2], "texture": "#1"},
				"down": {"uv": [0, 1, 3, 2], "texture": "#1"}
			}
		},
		{
			"from": [8, 9.9, 15],
			"to": [11, 10.9, 16],
			"rotation": {"angle": -45, "axis": "y", "origin": [8.5, 12.4, 15.5]},
			"faces": {
				"north": {"uv": [3, 1, 0, 2], "texture": "#1"},
				"east": {"uv": [1, 0, 0, 1], "texture": "#1"},
				"south": {"uv": [4, 4, 7, 5], "texture": "#1"},
				"west": {"uv": [1, 0, 0, 1], "texture": "#1"},
				"up": {"uv": [3, 1, 0, 2], "texture": "#1"},
				"down": {"uv": [3, 1, 0, 2], "texture": "#1"}
			}
		},
		{
			"from": [6, 10.9, 15],
			"to": [9, 11.9, 16],
			"rotation": {"angle": 45, "axis": "y", "origin": [7.5, 12.4, 15.5]},
			"faces": {
				"north": {"uv": [0, 1, 3, 2], "texture": "#1"},
				"east": {"uv": [0, 0, 1, 1], "texture": "#1"},
				"south": {"uv": [0, 1, 3, 2], "texture": "#1"},
				"west": {"uv": [0, 0, 1, 1], "texture": "#1"},
				"up": {"uv": [0, 1, 3, 2], "texture": "#1"},
				"down": {"uv": [0, 1, 3, 2], "texture": "#1"}
			}
		},
		{
			"from": [7, 10.9, 15],
			"to": [10, 11.9, 16],
			"rotation": {"angle": -45, "axis": "y", "origin": [8.5, 12.4, 15.5]},
			"faces": {
				"north": {"uv": [3, 1, 0, 2], "texture": "#1"},
				"east": {"uv": [1, 0, 0, 1], "texture": "#1"},
				"south": {"uv": [3, 1, 0, 2], "texture": "#1"},
				"west": {"uv": [1, 0, 0, 1], "texture": "#1"},
				"up": {"uv": [3, 1, 0, 2], "texture": "#1"},
				"down": {"uv": [3, 1, 0, 2], "texture": "#1"}
			}
		},
		{
			"from": [7, 11.9, 15],
			"to": [9, 12.9, 16],
			"rotation": {"angle": 45, "axis": "y", "origin": [7.5, 12.4, 15.5]},
			"faces": {
				"north": {"uv": [0, 1, 3, 2], "texture": "#1"},
				"east": {"uv": [0, 0, 1, 1], "texture": "#1"},
				"south": {"uv": [0, 1, 3, 2], "texture": "#1"},
				"west": {"uv": [0, 0, 1, 1], "texture": "#1"},
				"up": {"uv": [0, 1, 3, 2], "texture": "#1"},
				"down": {"uv": [0, 1, 3, 2], "texture": "#1"}
			}
		},
		{
			"from": [7, 11.9, 15],
			"to": [9, 12.9, 16],
			"rotation": {"angle": -45, "axis": "y", "origin": [8.5, 12.4, 15.5]},
			"faces": {
				"north": {"uv": [3, 1, 0, 2], "texture": "#1"},
				"east": {"uv": [1, 0, 0, 1], "texture": "#1"},
				"south": {"uv": [3, 1, 0, 2], "texture": "#1"},
				"west": {"uv": [1, 0, 0, 1], "texture": "#1"},
				"up": {"uv": [3, 1, 0, 2], "texture": "#1"},
				"down": {"uv": [3, 1, 0, 2], "texture": "#1"}
			}
		}
	]
}