{
	"credit": "Made with Blockbench",
	"texture_size": [64, 64],
	"textures": {
		"0": "hats/hat/pharaoh",
		"particle": "hats/hat/pharaoh"
	},
	"elements": [
		{
			"from": [4, 9, 4],
			"to": [12, 10, 10],
			"faces": {
				"north": {"uv": [1.5, 3.75, 3.5, 4], "texture": "#0"},
				"east": {"uv": [0, 3.75, 1.5, 4], "texture": "#0"},
				"south": {"uv": [5, 3.75, 7, 4], "texture": "#0"},
				"west": {"uv": [3.5, 3.75, 5, 4], "texture": "#0"},
				"up": {"uv": [3.5, 3.75, 1.5, 2.25], "texture": "#0"},
				"down": {"uv": [5.5, 2.25, 3.5, 3.75], "texture": "#0"}
			}
		},
		{
			"from": [4, 10.55061, 2.35772],
			"to": [12, 11.55061, 3.77193],
			"rotation": {"angle": -45, "axis": "x", "origin": [8.05, 11.05061, 5.75772]},
			"faces": {
				"north": {"uv": [0.25, 4.25, 2.25, 4.5], "texture": "#0"},
				"east": {"uv": [0, 4.25, 0.25, 4.5], "texture": "#0"},
				"south": {"uv": [2.5, 4.25, 4.5, 4.5], "texture": "#0"},
				"west": {"uv": [2.25, 4.25, 2.5, 4.5], "texture": "#0"},
				"up": {"uv": [2.25, 4.25, 0.25, 4], "texture": "#0"},
				"down": {"uv": [4.25, 4, 2.25, 4.25], "texture": "#0"}
			}
		},
		{
			"from": [4, 8.69038, 9.33328],
			"to": [12, 9.69038, 10.74749],
			"rotation": {"angle": 45, "axis": "x", "origin": [8.05, 9.04038, 10.04038]},
			"faces": {
				"north": {"uv": [4.5, 4.5, 6.5, 4.75], "texture": "#0"},
				"east": {"uv": [4.25, 4.5, 4.5, 4.75], "texture": "#0"},
				"south": {"uv": [6.75, 4.5, 8.75, 4.75], "texture": "#0"},
				"west": {"uv": [6.5, 4.5, 6.75, 4.75], "texture": "#0"},
				"up": {"uv": [6.5, 4.5, 4.5, 4.25], "texture": "#0"},
				"down": {"uv": [8.5, 4.25, 6.5, 4.5], "texture": "#0"}
			}
		},
		{
			"from": [4, 8, 3],
			"to": [12, 9, 11],
			"faces": {
				"north": {"uv": [2, 2, 4, 2.25], "texture": "#0"},
				"east": {"uv": [0, 2, 2, 2.25], "texture": "#0"},
				"south": {"uv": [6, 2, 8, 2.25], "texture": "#0"},
				"west": {"uv": [4, 2, 6, 2.25], "texture": "#0"},
				"up": {"uv": [4, 2, 2, 0], "texture": "#0"},
				"down": {"uv": [6, 0, 4, 2], "texture": "#0"}
			}
		},
		{
			"from": [12.45273, 1.22607, 5.1],
			"to": [14.65273, 2.22607, 8.9],
			"rotation": {"angle": 22.5, "axis": "z", "origin": [13.55273, 1.72607, 7]},
			"faces": {
				"north": {"uv": [0.25, 3, 0.75, 3.25], "texture": "#0"},
				"east": {"uv": [0, 3, 0.25, 3.25], "texture": "#0"},
				"south": {"uv": [1, 3, 1.5, 3.25], "texture": "#0"},
				"west": {"uv": [0.75, 3, 1, 3.25], "texture": "#0"},
				"up": {"uv": [0.75, 3, 0.25, 2.75], "texture": "#0"},
				"down": {"uv": [1.25, 2.75, 0.75, 3], "texture": "#0"}
			}
		},
		{
			"from": [14.86992, 1.66329, 5.1],
			"to": [15.86992, 3.86329, 8.9],
			"rotation": {"angle": -22.5, "axis": "z", "origin": [15.36992, 4.46329, 7]},
			"faces": {
				"north": {"uv": [5.75, 3, 6, 3.5], "texture": "#0"},
				"east": {"uv": [5.5, 3, 5.75, 3.5], "texture": "#0"},
				"south": {"uv": [6.25, 3, 6.5, 3.5], "texture": "#0"},
				"west": {"uv": [6, 3, 6.25, 3.5], "texture": "#0"},
				"up": {"uv": [6, 3, 5.75, 2.75], "texture": "#0"},
				"down": {"uv": [6.25, 2.75, 6, 3], "texture": "#0"}
			}
		},
		{
			"from": [13.56879, 3.31314, 5.1],
			"to": [14.56879, 10.11314, 8.9],
			"rotation": {"angle": 22.5, "axis": "z", "origin": [14.06879, 6.11314, 7]},
			"faces": {
				"north": {"uv": [4.75, 5, 5, 6.5], "texture": "#0"},
				"east": {"uv": [4.5, 5, 4.75, 6.5], "texture": "#0"},
				"south": {"uv": [5.25, 5, 5.5, 6.5], "texture": "#0"},
				"west": {"uv": [5, 5, 5.25, 6.5], "texture": "#0"},
				"up": {"uv": [5, 5, 4.75, 4.75], "texture": "#0"},
				"down": {"uv": [5.25, 4.75, 5, 5], "texture": "#0"}
			}
		},
		{
			"from": [13.8, 2.5, 5.05],
			"to": [14.8, 5.3, 8.95],
			"faces": {
				"north": {"uv": [0.25, 8, 0.5, 8.5], "texture": "#0"},
				"east": {"uv": [0, 8, 0.25, 8.5], "texture": "#0"},
				"south": {"uv": [0.75, 8, 1, 8.5], "texture": "#0"},
				"west": {"uv": [0.5, 8, 0.75, 8.5], "texture": "#0"},
				"up": {"uv": [0.5, 8, 0.25, 7.75], "texture": "#0"},
				"down": {"uv": [0.75, 7.75, 0.5, 8], "texture": "#0"}
			}
		},
		{
			"from": [13, 2, 5],
			"to": [14, 7.5, 9],
			"faces": {
				"north": {"uv": [0.5, 0.5, 0.75, 1.75], "texture": "#0"},
				"east": {"uv": [0, 0.5, 0.5, 1.75], "texture": "#0"},
				"south": {"uv": [1.25, 0.5, 1.5, 1.75], "texture": "#0"},
				"west": {"uv": [0.75, 0.5, 1.25, 1.75], "texture": "#0"},
				"up": {"uv": [0.75, 0.5, 0.5, 0], "texture": "#0"},
				"down": {"uv": [1, 0, 0.75, 0.5], "texture": "#0"}
			}
		},
		{
			"from": [12, 0, 5],
			"to": [13, 10, 9],
			"faces": {
				"north": {"uv": [0.5, 5, 0.75, 7.5], "texture": "#0"},
				"east": {"uv": [0, 5, 0.5, 7.5], "texture": "#0"},
				"south": {"uv": [1.25, 5, 1.5, 7.5], "texture": "#0"},
				"west": {"uv": [0.75, 5, 1.25, 7.5], "texture": "#0"},
				"up": {"uv": [0.75, 5, 0.5, 4.5], "texture": "#0"},
				"down": {"uv": [1, 4.5, 0.75, 5], "texture": "#0"}
			}
		},
		{
			"from": [1.31662, 1.22607, 5.1],
			"to": [3.51662, 2.22607, 8.9],
			"rotation": {"angle": -22.5, "axis": "z", "origin": [2.41662, 1.72607, 7]},
			"faces": {
				"north": {"uv": [5.75, 2.5, 6.25, 2.75], "texture": "#0"},
				"east": {"uv": [5.5, 2.5, 5.75, 2.75], "texture": "#0"},
				"south": {"uv": [6.5, 2.5, 7, 2.75], "texture": "#0"},
				"west": {"uv": [6.25, 2.5, 6.5, 2.75], "texture": "#0"},
				"up": {"uv": [6.25, 2.5, 5.75, 2.25], "texture": "#0"},
				"down": {"uv": [6.75, 2.25, 6.25, 2.5], "texture": "#0"}
			}
		},
		{
			"from": [0.75, 1.79269, 5.1],
			"to": [1.75, 3.99269, 8.9],
			"rotation": {"angle": 22.5, "axis": "z", "origin": [1.25, 2.89269, 7]},
			"faces": {
				"north": {"uv": [6.25, 0.25, 6.5, 0.75], "texture": "#0"},
				"east": {"uv": [6, 0.25, 6.25, 0.75], "texture": "#0"},
				"south": {"uv": [6.75, 0.25, 7, 0.75], "texture": "#0"},
				"west": {"uv": [6.5, 0.25, 6.75, 0.75], "texture": "#0"},
				"up": {"uv": [6.5, 0.25, 6.25, 0], "texture": "#0"},
				"down": {"uv": [6.75, 0, 6.5, 0.25], "texture": "#0"}
			}
		},
		{
			"from": [1.63017, 3.26747, 5.1],
			"to": [2.63017, 10.06747, 8.9],
			"rotation": {"angle": -22.5, "axis": "z", "origin": [2.13017, 6.66747, 7.1]},
			"faces": {
				"north": {"uv": [5.75, 5, 6, 6.5], "texture": "#0"},
				"east": {"uv": [5.5, 5, 5.75, 6.5], "texture": "#0"},
				"south": {"uv": [6.25, 5, 6.5, 6.5], "texture": "#0"},
				"west": {"uv": [6, 5, 6.25, 6.5], "texture": "#0"},
				"up": {"uv": [6, 5, 5.75, 4.75], "texture": "#0"},
				"down": {"uv": [6.25, 4.75, 6, 5], "texture": "#0"}
			}
		},
		{
			"from": [1.16936, 2.5, 5.05],
			"to": [2.16936, 5.3, 8.95],
			"rotation": {"angle": 0, "axis": "y", "origin": [1.60968, 4.19677, 7]},
			"faces": {
				"north": {"uv": [2.5, 8.75, 2.75, 9.25], "texture": "#0"},
				"east": {"uv": [2.25, 8.75, 2.5, 9.25], "texture": "#0"},
				"south": {"uv": [3, 8.75, 3.25, 9.25], "texture": "#0"},
				"west": {"uv": [2.75, 8.75, 3, 9.25], "texture": "#0"},
				"up": {"uv": [2.75, 8.75, 2.5, 8.5], "texture": "#0"},
				"down": {"uv": [3, 8.5, 2.75, 8.75], "texture": "#0"}
			}
		},
		{
			"from": [1.96936, 2, 5],
			"to": [2.96936, 7.5, 9],
			"rotation": {"angle": 0, "axis": "y", "origin": [1.60968, 4.19677, 7]},
			"faces": {
				"north": {"uv": [3.5, 5, 3.75, 6.25], "texture": "#0"},
				"east": {"uv": [3, 5, 3.5, 6.25], "texture": "#0"},
				"south": {"uv": [4.25, 5, 4.5, 6.25], "texture": "#0"},
				"west": {"uv": [3.75, 5, 4.25, 6.25], "texture": "#0"},
				"up": {"uv": [3.75, 5, 3.5, 4.5], "texture": "#0"},
				"down": {"uv": [4, 4.5, 3.75, 5], "texture": "#0"}
			}
		},
		{
			"from": [2.96936, 0, 5],
			"to": [3.96936, 10, 9],
			"rotation": {"angle": 0, "axis": "y", "origin": [1.60968, 4.19677, 7]},
			"faces": {
				"north": {"uv": [2, 5, 2.25, 7.5], "texture": "#0"},
				"east": {"uv": [1.5, 5, 2, 7.5], "texture": "#0"},
				"south": {"uv": [2.75, 5, 3, 7.5], "texture": "#0"},
				"west": {"uv": [2.25, 5, 2.75, 7.5], "texture": "#0"},
				"up": {"uv": [2.25, 5, 2, 4.5], "texture": "#0"},
				"down": {"uv": [2.5, 4.5, 2.25, 5], "texture": "#0"}
			}
		}
	],
	"display": {
		"thirdperson_righthand": {
			"rotation": [90, 0, 0],
			"translation": [0, -2.5, -0.75]
		},
		"thirdperson_lefthand": {
			"rotation": [90, 0, 0],
			"translation": [0, -2.5, -0.75]
		},
		"firstperson_righthand": {
			"rotation": [122, 0, 0]
		},
		"firstperson_lefthand": {
			"rotation": [122, 0, 0]
		},
		"ground": {
			"rotation": [-180, 0, 0],
			"translation": [0, -1.75, 0]
		},
		"head": {
			"translation": [0, 5.25, 1.5],
			"scale": [1.63, 1.49, 1.66906]
		},
		"fixed": {
			"rotation": [90, 0, 0],
			"translation": [0, -4, -1.5],
			"scale": [3.99, 3.99, 3.99]
		}
	},
	"groups": [
		{
			"name": "top",
			"origin": [0, 0, 0],
			"color": 0,
			"children": [0, 1, 2, 3]
		},
		{
			"name": "right",
			"origin": [0, 0, 0],
			"color": 0,
			"children": [4, 5, 6, 7, 8, 9]
		},
		{
			"name": "left",
			"origin": [0, 0, 0],
			"color": 0,
			"children": [10, 11, 12, 13, 14, 15]
		}
	]
}