{
	"credit": "Made with Blockbench",
	"parent": "piratehat",
	"textures": {
		"0": "hats/hat/piratehat",
		"particle": "hats/hat/piratehat"
	},
	"elements": [
		{
			"from": [1.29081, 0, 7.11086],
			"to": [2.29081, 1.99, 8.89086],
			"rotation": {"angle": 0, "axis": "y", "origin": [-0.70919, 0, 1.06086]},
			"faces": {
				"north": {"uv": [10.5, 9, 11, 9.5], "texture": "#0"},
				"east": {"uv": [10, 9, 10.5, 9.5], "texture": "#0"},
				"south": {"uv": [11.5, 9, 12, 9.5], "texture": "#0"},
				"west": {"uv": [11, 9, 11.5, 9.5], "texture": "#0"},
				"up": {"uv": [11, 9, 10.5, 8.5], "texture": "#0"},
				"down": {"uv": [11.5, 8.5, 11, 9], "texture": "#0"}
			}
		},
		{
			"from": [7, 0, 4],
			"to": [9, 6, 5],
			"faces": {
				"north": {"uv": [7.5, 6.5, 8.5, 9.5], "texture": "#0"},
				"east": {"uv": [7, 6.5, 7.5, 9.5], "texture": "#0"},
				"south": {"uv": [9, 6.5, 10, 9.5], "texture": "#0"},
				"west": {"uv": [8.5, 6.5, 9, 9.5], "texture": "#0"},
				"up": {"uv": [8.5, 6.5, 7.5, 6], "texture": "#0"},
				"down": {"uv": [9.5, 6, 8.5, 6.5], "texture": "#0"}
			}
		},
		{
			"from": [7, 0, 11],
			"to": [9, 6, 12],
			"faces": {
				"north": {"uv": [4.5, 6.5, 5.5, 9.5], "texture": "#0"},
				"east": {"uv": [4, 6.5, 4.5, 9.5], "texture": "#0"},
				"south": {"uv": [6, 6.5, 7, 9.5], "texture": "#0"},
				"west": {"uv": [5.5, 6.5, 6, 9.5], "texture": "#0"},
				"up": {"uv": [5.5, 6.5, 4.5, 6], "texture": "#0"},
				"down": {"uv": [6.5, 6, 5.5, 6.5], "texture": "#0"}
			}
		},
		{
			"from": [8.73254, 0, 10.65538],
			"to": [11.73254, 5, 11.65538],
			"rotation": {"angle": 22.5, "axis": "y", "origin": [9.73254, 0.5, 11.15538]},
			"faces": {
				"north": {"uv": [0.5, 6.5, 2, 9], "texture": "#0"},
				"east": {"uv": [0, 6.5, 0.5, 9], "texture": "#0"},
				"south": {"uv": [2.5, 6.5, 4, 9], "texture": "#0"},
				"west": {"uv": [2, 6.5, 2.5, 9], "texture": "#0"},
				"up": {"uv": [2, 6.5, 0.5, 6], "texture": "#0"},
				"down": {"uv": [3.5, 6, 2, 6.5], "texture": "#0"}
			}
		},
		{
			"from": [12.00387, 0, 11.41261],
			"to": [14.00387, 3, 12.41261],
			"rotation": {"angle": 45, "axis": "y", "origin": [10.00387, 0.5, 11.91261]},
			"faces": {
				"north": {"uv": [0.5, 9.5, 1.5, 11], "texture": "#0"},
				"east": {"uv": [0, 9.5, 0.5, 11], "texture": "#0"},
				"south": {"uv": [2, 9.5, 3, 11], "texture": "#0"},
				"west": {"uv": [1.5, 9.5, 2, 11], "texture": "#0"},
				"up": {"uv": [1.5, 9.5, 0.5, 9], "texture": "#0"},
				"down": {"uv": [2.5, 9, 1.5, 9.5], "texture": "#0"}
			}
		},
		{
			"from": [5.7743, 0, 16.29129],
			"to": [7.7743, 3, 17.29129],
			"rotation": {"angle": -45, "axis": "y", "origin": [13.7743, 0.5, 9.79129]},
			"faces": {
				"north": {"uv": [8.5, 4.5, 9.5, 6], "texture": "#0"},
				"east": {"uv": [8, 4.5, 8.5, 6], "texture": "#0"},
				"south": {"uv": [10, 4.5, 11, 6], "texture": "#0"},
				"west": {"uv": [9.5, 4.5, 10, 6], "texture": "#0"},
				"up": {"uv": [9.5, 4.5, 8.5, 4], "texture": "#0"},
				"down": {"uv": [10.5, 4, 9.5, 4.5], "texture": "#0"}
			}
		},
		{
			"from": [8.53941, 0, 7.95135],
			"to": [10.53941, 3, 8.95135],
			"rotation": {"angle": -45, "axis": "y", "origin": [13.53941, 1.5, 10.45135]},
			"faces": {
				"north": {"uv": [8.5, 2.5, 9.5, 4], "texture": "#0"},
				"east": {"uv": [8, 2.5, 8.5, 4], "texture": "#0"},
				"south": {"uv": [10, 2.5, 11, 4], "texture": "#0"},
				"west": {"uv": [9.5, 2.5, 10, 4], "texture": "#0"},
				"up": {"uv": [9.5, 2.5, 8.5, 2], "texture": "#0"},
				"down": {"uv": [10.5, 2, 9.5, 2.5], "texture": "#0"}
			}
		},
		{
			"from": [8.53166, 0, 3.36556],
			"to": [10.53166, 3, 4.36556],
			"rotation": {"angle": 45, "axis": "y", "origin": [9.53166, 0.5, 11.86556]},
			"faces": {
				"north": {"uv": [8.5, 0.5, 9.5, 2], "texture": "#0"},
				"east": {"uv": [8, 0.5, 8.5, 2], "texture": "#0"},
				"south": {"uv": [10, 0.5, 11, 2], "texture": "#0"},
				"west": {"uv": [9.5, 0.5, 10, 2], "texture": "#0"},
				"up": {"uv": [9.5, 0.5, 8.5, 0], "texture": "#0"},
				"down": {"uv": [10.5, 0, 9.5, 0.5], "texture": "#0"}
			}
		},
		{
			"from": [4.30552, 0, 10.46404],
			"to": [7.30552, 5, 11.46404],
			"rotation": {"angle": -22.5, "axis": "y", "origin": [5.80552, 0.5, 10.96404]},
			"faces": {
				"north": {"uv": [4.5, 3.5, 6, 6], "texture": "#0"},
				"east": {"uv": [4, 3.5, 4.5, 6], "texture": "#0"},
				"south": {"uv": [6.5, 3.5, 8, 6], "texture": "#0"},
				"west": {"uv": [6, 3.5, 6.5, 6], "texture": "#0"},
				"up": {"uv": [6, 3.5, 4.5, 3], "texture": "#0"},
				"down": {"uv": [7.5, 3, 6, 3.5], "texture": "#0"}
			}
		},
		{
			"from": [6.24405, 0, 2.85507],
			"to": [9.24405, 5, 3.85507],
			"rotation": {"angle": -22.5, "axis": "y", "origin": [4.74405, 0.5, 10.35507]},
			"faces": {
				"north": {"uv": [0.5, 3.5, 2, 6], "texture": "#0"},
				"east": {"uv": [0, 3.5, 0.5, 6], "texture": "#0"},
				"south": {"uv": [2.5, 3.5, 4, 6], "texture": "#0"},
				"west": {"uv": [2, 3.5, 2.5, 6], "texture": "#0"},
				"up": {"uv": [2, 3.5, 0.5, 3], "texture": "#0"},
				"down": {"uv": [3.5, 3, 2, 3.5], "texture": "#0"}
			}
		},
		{
			"from": [10.56221, 0, 2.90446],
			"to": [12.56221, 2, 3.90446],
			"rotation": {"angle": -22.5, "axis": "y", "origin": [3.06221, 0.5, 10.40446]},
			"faces": {
				"north": {"uv": [10.5, 6.5, 11.5, 7.5], "texture": "#0"},
				"east": {"uv": [10, 6.5, 10.5, 7.5], "texture": "#0"},
				"south": {"uv": [12, 6.5, 13, 7.5], "texture": "#0"},
				"west": {"uv": [11.5, 6.5, 12, 7.5], "texture": "#0"},
				"up": {"uv": [11.5, 6.5, 10.5, 6], "texture": "#0"},
				"down": {"uv": [12.5, 6, 11.5, 6.5], "texture": "#0"}
			}
		},
		{
			"from": [12.59397, 0, 8.30989],
			"to": [14.59397, 2, 9.30989],
			"rotation": {"angle": 22.5, "axis": "y", "origin": [13.59397, 0.5, 8.80989]},
			"faces": {
				"north": {"uv": [9.5, 10, 10.5, 11], "texture": "#0"},
				"east": {"uv": [9, 10, 9.5, 11], "texture": "#0"},
				"south": {"uv": [11, 10, 12, 11], "texture": "#0"},
				"west": {"uv": [10.5, 10, 11, 11], "texture": "#0"},
				"up": {"uv": [10.5, 10, 9.5, 9.5], "texture": "#0"},
				"down": {"uv": [11.5, 9.5, 10.5, 10], "texture": "#0"}
			}
		},
		{
			"from": [0.64483, 0, 2.86328],
			"to": [2.64483, 2, 3.86328],
			"rotation": {"angle": 22.5, "axis": "y", "origin": [11.64483, 0.5, 3.36328]},
			"faces": {
				"north": {"uv": [6.5, 10, 7.5, 11], "texture": "#0"},
				"east": {"uv": [6, 10, 6.5, 11], "texture": "#0"},
				"south": {"uv": [8, 10, 9, 11], "texture": "#0"},
				"west": {"uv": [7.5, 10, 8, 11], "texture": "#0"},
				"up": {"uv": [7.5, 10, 6.5, 9.5], "texture": "#0"},
				"down": {"uv": [8.5, 9.5, 7.5, 10], "texture": "#0"}
			}
		},
		{
			"from": [-0.39528, 0, 5.36572],
			"to": [1.60472, 2, 6.36572],
			"rotation": {"angle": -22.5, "axis": "y", "origin": [-5.89528, 0.5, 11.86572]},
			"faces": {
				"north": {"uv": [3.5, 10, 4.5, 11], "texture": "#0"},
				"east": {"uv": [3, 10, 3.5, 11], "texture": "#0"},
				"south": {"uv": [5, 10, 6, 11], "texture": "#0"},
				"west": {"uv": [4.5, 10, 5, 11], "texture": "#0"},
				"up": {"uv": [4.5, 10, 3.5, 9.5], "texture": "#0"},
				"down": {"uv": [5.5, 9.5, 4.5, 10], "texture": "#0"}
			}
		},
		{
			"from": [6.87013, 0, 3.4291],
			"to": [9.87013, 5, 4.4291],
			"rotation": {"angle": 22.5, "axis": "y", "origin": [9.87013, 0.5, 10.9291]},
			"faces": {
				"north": {"uv": [0.5, 0.5, 2, 3], "texture": "#0"},
				"east": {"uv": [0, 0.5, 0.5, 3], "texture": "#0"},
				"south": {"uv": [2.5, 0.5, 4, 3], "texture": "#0"},
				"west": {"uv": [2, 0.5, 2.5, 3], "texture": "#0"},
				"up": {"uv": [2, 0.5, 0.5, 0], "texture": "#0"},
				"down": {"uv": [3.5, 0, 2, 0.5], "texture": "#0"}
			}
		},
		{
			"from": [13.70919, 0, 7.11086],
			"to": [14.70919, 1.99, 8.89086],
			"rotation": {"angle": 0, "axis": "y", "origin": [-1.29081, 0, 1.06086]},
			"faces": {
				"north": {"uv": [10.5, 8, 11, 8.5], "texture": "#0"},
				"east": {"uv": [10, 8, 10.5, 8.5], "texture": "#0"},
				"south": {"uv": [11.5, 8, 12, 8.5], "texture": "#0"},
				"west": {"uv": [11, 8, 11.5, 8.5], "texture": "#0"},
				"up": {"uv": [11, 8, 10.5, 7.5], "texture": "#0"},
				"down": {"uv": [11.5, 7.5, 11, 8], "texture": "#0"}
			}
		},
		{
			"name": "A",
			"from": [4, 1, 6],
			"to": [12, 2, 10],
			"faces": {
				"north": {"uv": [0, 8, 8, 9], "texture": "#0"},
				"east": {"uv": [8, 1, 12, 2], "texture": "#0"},
				"south": {"uv": [8, 0, 16, 1], "texture": "#0"},
				"west": {"uv": [8, 2, 12, 3], "texture": "#0"},
				"up": {"uv": [16, 15, 8, 11], "texture": "#0"},
				"down": {"uv": [16, 11, 8, 15], "texture": "#0"}
			}
		},
		{
			"name": "B",
			"from": [5, 1, 10],
			"to": [11, 2, 11],
			"faces": {
				"north": {"uv": [0, 0, 6, 1], "texture": "#0"},
				"east": {"uv": [0, 4, 1, 5], "texture": "#0"},
				"south": {"uv": [0, 1, 6, 2], "texture": "#0"},
				"west": {"uv": [1, 4, 2, 5], "texture": "#0"},
				"up": {"uv": [14, 14, 8, 13], "texture": "#0"},
				"down": {"uv": [16, 13.5, 10, 14.5], "texture": "#0"}
			}
		},
		{
			"name": "C",
			"from": [5, 1, 5],
			"to": [11, 2, 6],
			"faces": {
				"north": {"uv": [0, 0, 6, 1], "texture": "#0"},
				"east": {"uv": [0, 4, 1, 5], "texture": "#0"},
				"south": {"uv": [0, 1, 6, 2], "texture": "#0"},
				"west": {"uv": [1, 4, 2, 5], "texture": "#0"},
				"up": {"uv": [14, 14, 8, 13], "texture": "#0"},
				"down": {"uv": [16, 14, 10, 15], "texture": "#0"}
			}
		},
		{
			"name": "D",
			"from": [3.5, 1, 6.75],
			"to": [4, 2, 9.25],
			"faces": {
				"north": {"uv": [2, 2, 3, 3], "texture": "#0"},
				"east": {"uv": [0, 0, 3, 1], "texture": "#0"},
				"south": {"uv": [3, 0, 4, 1], "texture": "#0"},
				"west": {"uv": [0, 1, 3, 2], "texture": "#0"},
				"up": {"uv": [9, 16, 8, 13], "texture": "#0"},
				"down": {"uv": [14, 11.5, 13, 14.5], "texture": "#0"}
			}
		},
		{
			"name": "G",
			"from": [13, 1, 7.25],
			"to": [13.75, 1.9995, 8.75],
			"faces": {
				"north": {"uv": [0, 0, 1, 1], "texture": "#0"},
				"east": {"uv": [0, 1, 1, 2], "texture": "#0"},
				"south": {"uv": [1, 0, 2, 1], "texture": "#0"},
				"west": {"uv": [1, 1, 2, 2], "texture": "#0"},
				"up": {"uv": [9, 14, 8, 13], "texture": "#0"},
				"down": {"uv": [12.25, 12.25, 11.25, 13.25], "texture": "#0"}
			}
		},
		{
			"name": "G",
			"from": [1.75, 1, 7.5],
			"to": [2.75, 1.9995, 8.5],
			"faces": {
				"north": {"uv": [0, 0, 1, 1], "texture": "#0"},
				"east": {"uv": [0, 1, 1, 2], "texture": "#0"},
				"south": {"uv": [1, 0, 2, 1], "texture": "#0"},
				"west": {"uv": [1, 1, 2, 2], "texture": "#0"},
				"up": {"uv": [9, 14, 8, 13], "texture": "#0"},
				"down": {"uv": [12.75, 13.5, 11.75, 14.5], "texture": "#0"}
			}
		},
		{
			"name": "G",
			"from": [2.75, 1, 7.25],
			"to": [3.5, 1.9995, 8.75],
			"faces": {
				"north": {"uv": [0, 0, 1, 1], "texture": "#0"},
				"east": {"uv": [0, 1, 1, 2], "texture": "#0"},
				"south": {"uv": [1, 0, 2, 1], "texture": "#0"},
				"west": {"uv": [1, 1, 2, 2], "texture": "#0"},
				"up": {"uv": [9, 14, 8, 13], "texture": "#0"},
				"down": {"uv": [11.5, 12.5, 10.5, 13.5], "texture": "#0"}
			}
		},
		{
			"name": "J",
			"from": [12, 1, 6.75],
			"to": [13, 1.9995, 9.25],
			"faces": {
				"north": {"uv": [0, 0, 1, 1], "texture": "#0"},
				"east": {"uv": [0, 1, 1, 2], "texture": "#0"},
				"south": {"uv": [1, 0, 2, 1], "texture": "#0"},
				"west": {"uv": [1, 1, 2, 2], "texture": "#0"},
				"up": {"uv": [9, 14, 8, 13], "texture": "#0"},
				"down": {"uv": [13.5, 12.75, 12.5, 13.75], "texture": "#0"}
			}
		}
	],
	"display": {
		"thirdperson_righthand": {
			"rotation": [69, 0, -58],
			"translation": [8.75, -1, -0.5]
		},
		"thirdperson_lefthand": {
			"rotation": [79, -11, -61],
			"translation": [8.25, -3, -0.75]
		},
		"firstperson_righthand": {
			"translation": [0, 7.75, 0]
		},
		"firstperson_lefthand": {
			"translation": [0, 8, 0]
		},
		"ground": {
			"translation": [0, 5.75, 0]
		},
		"gui": {
			"rotation": [29, -140, 0],
			"translation": [0, 7, 0],
			"scale": [1.5, 1.5, 1.5]
		},
		"head": {
			"translation": [0, 19.75, 0],
			"scale": [1.7207, 1.7207, 1.7207]
		},
		"fixed": {
			"translation": [0, 5.75, 0]
		}
	},
	"groups": [
		{
			"name": "hat",
			"origin": [13.53941, 1.5, 10.45135],
			"color": 0,
			"children": [0, 1, 2, 3, 4, 5, 6, 7, 8, 9, 10, 11, 12, 13, 14, 15]
		},
		16,
		17,
		18,
		19,
		20,
		21,
		22,
		23
	]
}