{
	"credit": "Made with Blockbench",
	"texture_size": [32, 32],
	"textures": {
		"0": "hats/hat/police",
		"particle": "hats/hat/police"
	},
	"elements": [
		{
			"from": [3.95, 8, 3.95],
			"to": [12.05, 10, 12.05],
			"rotation": {"angle": 0, "axis": "y", "origin": [8, 11.5, 8]},
			"faces": {
				"north": {"uv": [9, 8.5, 13, 9.5], "texture": "#0"},
				"east": {"uv": [9, 9.5, 13, 10.5], "texture": "#0"},
				"south": {"uv": [4.5, 10, 8.5, 11], "texture": "#0"},
				"west": {"uv": [0, 10.5, 4, 11.5], "texture": "#0"},
				"up": {"uv": [4, 4, 0, 0], "texture": "#0"},
				"down": {"uv": [4, 4, 0, 8], "texture": "#0"}
			}
		},
		{
			"from": [3.5, 9.5, 8.5],
			"to": [12.5, 10.5, 12.5],
			"rotation": {"angle": 0, "axis": "y", "origin": [8, 11.5, 8]},
			"faces": {
				"north": {"uv": [8.5, 10.5, 13, 11], "texture": "#0"},
				"east": {"uv": [12.5, 0.5, 14.5, 1], "texture": "#0"},
				"south": {"uv": [4, 11, 8.5, 11.5], "texture": "#0"},
				"west": {"uv": [12.5, 1, 14.5, 1.5], "texture": "#0"},
				"up": {"uv": [12.5, 4.5, 8, 2.5], "texture": "#0"},
				"down": {"uv": [9, 8, 4.5, 10], "texture": "#0"}
			}
		},
		{
			"from": [3.5, 10, 3.5],
			"to": [12.5, 11, 8.5],
			"rotation": {"angle": 0, "axis": "y", "origin": [8, 10.5, 6]},
			"faces": {
				"north": {"uv": [8.5, 11, 13, 11.5], "texture": "#0"},
				"east": {"uv": [0, 12.5, 2.5, 13], "texture": "#0"},
				"south": {"uv": [0, 11.5, 4.5, 12], "texture": "#0"},
				"west": {"uv": [12.5, 0, 15, 0.5], "texture": "#0"},
				"up": {"uv": [4.5, 10.5, 0, 8], "texture": "#0"},
				"down": {"uv": [12.5, 0, 8, 2.5], "texture": "#0"}
			}
		},
		{
			"from": [3.925, 8.5, 3.925],
			"to": [12.075, 9.5, 12.075],
			"rotation": {"angle": 0, "axis": "y", "origin": [8, 11.5, 8]},
			"faces": {
				"north": {"uv": [0, 12, 4, 12.5], "texture": "#0"},
				"east": {"uv": [4, 12, 8, 12.5], "texture": "#0"},
				"south": {"uv": [8, 12, 12, 12.5], "texture": "#0"},
				"west": {"uv": [12, 12, 16, 12.5], "texture": "#0"},
				"up": {"uv": [8, 4, 4, 0], "texture": "#0"},
				"down": {"uv": [8, 4, 4, 8], "texture": "#0"}
			}
		},
		{
			"from": [3.5, 9.05, 1.5],
			"to": [12.5, 10.05, 5.5],
			"rotation": {"angle": -22.5, "axis": "x", "origin": [8, 8.5, 8]},
			"faces": {
				"north": {"uv": [4.5, 11.5, 9, 12], "texture": "#0"},
				"east": {"uv": [12.5, 1.5, 14.5, 2], "texture": "#0"},
				"south": {"uv": [9, 11.5, 13.5, 12], "texture": "#0"},
				"west": {"uv": [12.5, 2, 14.5, 2.5], "texture": "#0"},
				"up": {"uv": [12.5, 6.5, 8, 4.5], "texture": "#0"},
				"down": {"uv": [13.5, 6.5, 9, 8.5], "texture": "#0"}
			}
		}
	],
	"gui_light": "front",
	"display": {
		"thirdperson_righthand": {
			"rotation": [-180, -22.5, -90],
			"translation": [-2, -2, -3.75],
			"scale": [0.75, 0.75, 0.75]
		},
		"thirdperson_lefthand": {
			"rotation": [-180, -22.5, -90],
			"translation": [-2, -2, -3.75],
			"scale": [0.75, 0.75, 0.75]
		},
		"firstperson_righthand": {
			"rotation": [-5, 112, 13],
			"translation": [0.5, 0, -0.5],
			"scale": [0.75, 0.75, 0.75]
		},
		"firstperson_lefthand": {
			"rotation": [-5, 112, 13],
			"translation": [0.5, 0, -0.5],
			"scale": [0.75, 0.75, 0.75]
		},
		"ground": {
			"scale": [0.75, 0.75, 0.75]
		},
		"gui": {
			"rotation": [15, 145, 0],
			"translation": [0.75, -1, 0],
			"scale": [1.15, 1.15, 1.15]
		},
		"head": {
			"translation": [0, 3, 0],
			"scale": [1.88, 1.88, 1.88]
		},
		"fixed": {
			"rotation": [-83, 0, 0],
			"translation": [0, 1.25, 0.25],
			"scale": [1.65, 1.65, 1.65]
		}
	},
	"groups": [
		{
			"name": "group",
			"origin": [12.2706, 8.65328, 8],
			"color": 0,
			"children": [0, 1, 2, 3, 4]
		}
	]
}