{
	"credit": "Made with Blockbench",
	"textures": {
		"0": "block/red_wool",
		"7": "block/light_blue_wool",
		"9": "block/lime_wool",
		"10": "block/magenta_wool",
		"particle": "block/red_wool"
	},
	"elements": [
		{
			"from": [6, 0, -1],
			"to": [10.8, 4.8, 3.8],
			"rotation": {"angle": 0, "axis": "y", "origin": [6, 0, 3.8]},
			"faces": {
				"north": {"uv": [16, 0, 0, 16], "texture": "#0"},
				"east": {"uv": [16, 0, 0, 16], "texture": "#0"},
				"south": {"uv": [16, 0, 0, 16], "texture": "#0"},
				"west": {"uv": [16, 0, 0, 16], "texture": "#0"},
				"up": {"uv": [0, 16, 16, 0], "texture": "#0"},
				"down": {"uv": [0, 16, 16, 0], "texture": "#0"}
			}
		},
		{
			"from": [8.1, 0, -1.15],
			"to": [8.7, 4.95, 3.95],
			"rotation": {"angle": 0, "axis": "y", "origin": [6, 0, 3.8]},
			"faces": {
				"north": {"uv": [2, 0, 0, 16], "texture": "#9"},
				"east": {"uv": [2, 0, 0, 16], "texture": "#9"},
				"south": {"uv": [2, 0, 0, 16], "texture": "#9"},
				"west": {"uv": [2, 0, 0, 16], "texture": "#9"},
				"up": {"uv": [0, 16, 2, 0], "texture": "#9"},
				"down": {"uv": [0, 16, 2, 0], "texture": "#9"}
			}
		},
		{
			"from": [5.85, 0, 1.1],
			"to": [10.95, 4.947, 1.7],
			"rotation": {"angle": 0, "axis": "y", "origin": [8.4, 2.475, 1.4]},
			"faces": {
				"north": {"uv": [2, 0, 0, 16], "texture": "#9"},
				"east": {"uv": [2, 0, 0, 16], "texture": "#9"},
				"south": {"uv": [2, 0, 0, 16], "texture": "#9"},
				"west": {"uv": [2, 0, 0, 16], "texture": "#9"},
				"up": {"uv": [0, 2, 16, 0], "texture": "#9"},
				"down": {"uv": [0, 16, 2, 0], "texture": "#9"}
			}
		},
		{
			"from": [-1.4, 0, 0.4],
			"to": [5, 6.4, 6.8],
			"rotation": {"angle": 0, "axis": "y", "origin": [-1.4, 0, 6.8]},
			"faces": {
				"north": {"uv": [16, 0, 0, 16], "texture": "#7"},
				"east": {"uv": [16, 0, 0, 16], "texture": "#7"},
				"south": {"uv": [16, 0, 0, 16], "texture": "#7"},
				"west": {"uv": [16, 0, 0, 16], "texture": "#7"},
				"up": {"uv": [0, 16, 16, 0], "texture": "#7"},
				"down": {"uv": [0, 16, 16, 0], "texture": "#7"}
			}
		},
		{
			"from": [1.4, 0, 0.2],
			"to": [2.2, 6.6, 7],
			"rotation": {"angle": 0, "axis": "y", "origin": [-1.4, 0, 6.8]},
			"faces": {
				"north": {"uv": [2, 0, 0, 16], "texture": "#10"},
				"east": {"uv": [2, 0, 0, 16], "texture": "#10"},
				"south": {"uv": [2, 0, 0, 16], "texture": "#10"},
				"west": {"uv": [2, 0, 0, 16], "texture": "#10"},
				"up": {"uv": [0, 16, 2, 0], "texture": "#10"},
				"down": {"uv": [0, 16, 2, 0], "texture": "#10"}
			}
		},
		{
			"from": [-1.6, 0, 3.2],
			"to": [5.2, 6.596, 4],
			"rotation": {"angle": 0, "axis": "y", "origin": [1.8, 3.3, 3.6]},
			"faces": {
				"north": {"uv": [2, 0, 0, 16], "texture": "#10"},
				"east": {"uv": [2, 0, 0, 16], "texture": "#10"},
				"south": {"uv": [2, 0, 0, 16], "texture": "#10"},
				"west": {"uv": [2, 0, 0, 16], "texture": "#10"},
				"up": {"uv": [0, 2, 16, 0], "texture": "#10"},
				"down": {"uv": [0, 16, 2, 0], "texture": "#10"}
			}
		},
		{
			"from": [5, 0, 4],
			"to": [13, 8, 12],
			"rotation": {"angle": 0, "axis": "y", "origin": [5, 0, 12]},
			"faces": {
				"north": {"uv": [16, 0, 0, 16], "texture": "#9"},
				"east": {"uv": [16, 0, 0, 16], "texture": "#9"},
				"south": {"uv": [16, 0, 0, 16], "texture": "#9"},
				"west": {"uv": [16, 0, 0, 16], "texture": "#9"},
				"up": {"uv": [0, 16, 16, 0], "texture": "#9"},
				"down": {"uv": [0, 16, 16, 0], "texture": "#9"}
			}
		},
		{
			"from": [8.5, 0, 3.75],
			"to": [9.5, 8.25, 12.25],
			"rotation": {"angle": 0, "axis": "y", "origin": [5, 0, 12]},
			"faces": {
				"north": {"uv": [2, 0, 0, 16], "texture": "#0"},
				"east": {"uv": [2, 0, 0, 16], "texture": "#0"},
				"south": {"uv": [2, 0, 0, 16], "texture": "#0"},
				"west": {"uv": [2, 0, 0, 16], "texture": "#0"},
				"up": {"uv": [0, 16, 2, 0], "texture": "#0"},
				"down": {"uv": [0, 16, 2, 0], "texture": "#0"}
			}
		},
		{
			"from": [4.75, 0, 7.5],
			"to": [13.25, 8.245, 8.5],
			"rotation": {"angle": 0, "axis": "y", "origin": [9, 4.125, 8]},
			"faces": {
				"north": {"uv": [2, 0, 0, 16], "texture": "#0"},
				"east": {"uv": [2, 0, 0, 16], "texture": "#0"},
				"south": {"uv": [2, 0, 0, 16], "texture": "#0"},
				"west": {"uv": [2, 0, 0, 16], "texture": "#0"},
				"up": {"uv": [0, 2, 16, 0], "texture": "#0"},
				"down": {"uv": [0, 16, 2, 0], "texture": "#0"}
			}
		},
		{
			"from": [7.35, 5.25, 1.25],
			"to": [7.65, 5.85, 1.55],
			"rotation": {"angle": 0, "axis": "y", "origin": [6, 0, 3.8]},
			"faces": {
				"north": {"uv": [1, 0, 0, 2], "texture": "#9"},
				"east": {"uv": [1, 0, 0, 2], "texture": "#9"},
				"south": {"uv": [1, 0, 0, 2], "texture": "#9"},
				"west": {"uv": [1, 0, 0, 2], "texture": "#9"},
				"up": {"uv": [0, 2, 1, 0], "texture": "#9"},
				"down": {"uv": [0, 2, 1, 0], "texture": "#9"}
			}
		},
		{
			"from": [7.65, 5.85, 1.25],
			"to": [8.25, 6.15, 1.55],
			"rotation": {"angle": 0, "axis": "y", "origin": [6, 0, 3.8]},
			"faces": {
				"north": {"uv": [2, 0, 0, 1], "texture": "#9"},
				"east": {"uv": [2, 0, 0, 1], "texture": "#9"},
				"south": {"uv": [2, 0, 0, 1], "texture": "#9"},
				"west": {"uv": [2, 0, 0, 1], "texture": "#9"},
				"up": {"uv": [0, 1, 2, 0], "texture": "#9"},
				"down": {"uv": [0, 1, 2, 0], "texture": "#9"}
			}
		},
		{
			"from": [8.55, 5.85, 1.25],
			"to": [9.15, 6.15, 1.55],
			"rotation": {"angle": 0, "axis": "y", "origin": [6, 0, 3.8]},
			"faces": {
				"north": {"uv": [2, 0, 0, 1], "texture": "#9"},
				"east": {"uv": [2, 0, 0, 1], "texture": "#9"},
				"south": {"uv": [2, 0, 0, 1], "texture": "#9"},
				"west": {"uv": [2, 0, 0, 1], "texture": "#9"},
				"up": {"uv": [0, 1, 2, 0], "texture": "#9"},
				"down": {"uv": [0, 1, 2, 0], "texture": "#9"}
			}
		},
		{
			"from": [9.15, 5.25, 1.25],
			"to": [9.45, 5.85, 1.55],
			"rotation": {"angle": 0, "axis": "y", "origin": [6, 0, 3.8]},
			"faces": {
				"north": {"uv": [1, 0, 0, 2], "texture": "#9"},
				"east": {"uv": [1, 0, 0, 2], "texture": "#9"},
				"south": {"uv": [1, 0, 0, 2], "texture": "#9"},
				"west": {"uv": [1, 0, 0, 2], "texture": "#9"},
				"up": {"uv": [0, 2, 1, 0], "texture": "#9"},
				"down": {"uv": [0, 2, 1, 0], "texture": "#9"}
			}
		},
		{
			"from": [8.85, 5.25, 1.25],
			"to": [9.15, 5.55, 1.55],
			"rotation": {"angle": 0, "axis": "y", "origin": [6, 0, 3.8]},
			"faces": {
				"north": {"uv": [1, 0, 0, 1], "texture": "#9"},
				"east": {"uv": [1, 0, 0, 1], "texture": "#9"},
				"south": {"uv": [1, 0, 0, 1], "texture": "#9"},
				"west": {"uv": [1, 0, 0, 1], "texture": "#9"},
				"up": {"uv": [0, 1, 1, 0], "texture": "#9"},
				"down": {"uv": [0, 1, 1, 0], "texture": "#9"}
			}
		},
		{
			"from": [7.95, 4.95, 1.25],
			"to": [8.85, 5.25, 1.55],
			"rotation": {"angle": 0, "axis": "y", "origin": [6, 0, 3.8]},
			"faces": {
				"north": {"uv": [3, 0, 0, 1], "texture": "#9"},
				"east": {"uv": [3, 0, 0, 1], "texture": "#9"},
				"south": {"uv": [3, 0, 0, 1], "texture": "#9"},
				"west": {"uv": [3, 0, 0, 1], "texture": "#9"},
				"up": {"uv": [0, 1, 3, 0], "texture": "#9"},
				"down": {"uv": [0, 1, 3, 0], "texture": "#9"}
			}
		},
		{
			"from": [8.25, 5.25, 1.25],
			"to": [8.55, 5.85, 1.55],
			"rotation": {"angle": 0, "axis": "y", "origin": [6, 0, 3.8]},
			"faces": {
				"north": {"uv": [1, 0, 0, 2], "texture": "#9"},
				"east": {"uv": [1, 0, 0, 2], "texture": "#9"},
				"south": {"uv": [1, 0, 0, 2], "texture": "#9"},
				"west": {"uv": [1, 0, 0, 2], "texture": "#9"},
				"up": {"uv": [0, 2, 1, 0], "texture": "#9"},
				"down": {"uv": [0, 2, 1, 0], "texture": "#9"}
			}
		},
		{
			"from": [7.65, 5.25, 1.25],
			"to": [7.95, 5.55, 1.55],
			"rotation": {"angle": 0, "axis": "y", "origin": [6, 0, 3.8]},
			"faces": {
				"north": {"uv": [1, 0, 0, 1], "texture": "#9"},
				"east": {"uv": [1, 0, 0, 1], "texture": "#9"},
				"south": {"uv": [1, 0, 0, 1], "texture": "#9"},
				"west": {"uv": [1, 0, 0, 1], "texture": "#9"},
				"up": {"uv": [0, 1, 1, 0], "texture": "#9"},
				"down": {"uv": [0, 1, 1, 0], "texture": "#9"}
			}
		},
		{
			"from": [8.4, 4.8, 0.2],
			"to": [8.7, 5.1, 1.4],
			"rotation": {"angle": -22.5, "axis": "y", "origin": [8.55, 4.95, 1.25]},
			"faces": {
				"north": {"uv": [1, 0, 0, 1], "texture": "#9"},
				"east": {"uv": [1, 0, 0, 1], "texture": "#9"},
				"south": {"uv": [1, 0, 0, 1], "texture": "#9"},
				"west": {"uv": [1, 0, 0, 1], "texture": "#9"},
				"up": {"uv": [0, 1, 1, 0], "texture": "#9"},
				"down": {"uv": [0, 1, 1, 0], "texture": "#9"}
			}
		},
		{
			"from": [8.1, 4.8, 0.2],
			"to": [8.4, 5.1, 1.4],
			"rotation": {"angle": 22.5, "axis": "y", "origin": [8.25, 4.95, 1.25]},
			"faces": {
				"north": {"uv": [0, 0, 1, 1], "texture": "#9"},
				"east": {"uv": [0, 0, 1, 1], "texture": "#9"},
				"south": {"uv": [0, 0, 1, 1], "texture": "#9"},
				"west": {"uv": [0, 0, 1, 1], "texture": "#9"},
				"up": {"uv": [1, 1, 0, 0], "texture": "#9"},
				"down": {"uv": [1, 1, 0, 0], "texture": "#9"}
			}
		},
		{
			"from": [1.6, 7, 3.4],
			"to": [2, 7.8, 3.8],
			"rotation": {"angle": 0, "axis": "y", "origin": [-1.4, 0, 6.8]},
			"faces": {
				"north": {"uv": [1, 0, 0, 2], "texture": "#10"},
				"east": {"uv": [1, 0, 0, 2], "texture": "#10"},
				"south": {"uv": [1, 0, 0, 2], "texture": "#10"},
				"west": {"uv": [1, 0, 0, 2], "texture": "#10"},
				"up": {"uv": [0, 2, 1, 0], "texture": "#10"},
				"down": {"uv": [0, 2, 1, 0], "texture": "#10"}
			}
		},
		{
			"from": [0.4, 7, 3.4],
			"to": [0.8, 7.8, 3.8],
			"rotation": {"angle": 0, "axis": "y", "origin": [-1.4, 0, 6.8]},
			"faces": {
				"north": {"uv": [1, 0, 0, 2], "texture": "#10"},
				"east": {"uv": [1, 0, 0, 2], "texture": "#10"},
				"south": {"uv": [1, 0, 0, 2], "texture": "#10"},
				"west": {"uv": [1, 0, 0, 2], "texture": "#10"},
				"up": {"uv": [0, 2, 1, 0], "texture": "#10"},
				"down": {"uv": [0, 2, 1, 0], "texture": "#10"}
			}
		},
		{
			"from": [2.8, 7, 3.4],
			"to": [3.2, 7.8, 3.8],
			"rotation": {"angle": 0, "axis": "y", "origin": [-1.4, 0, 6.8]},
			"faces": {
				"north": {"uv": [1, 0, 0, 2], "texture": "#10"},
				"east": {"uv": [1, 0, 0, 2], "texture": "#10"},
				"south": {"uv": [1, 0, 0, 2], "texture": "#10"},
				"west": {"uv": [1, 0, 0, 2], "texture": "#10"},
				"up": {"uv": [0, 2, 1, 0], "texture": "#10"},
				"down": {"uv": [0, 2, 1, 0], "texture": "#10"}
			}
		},
		{
			"from": [0.8, 7.8, 3.4],
			"to": [1.6, 8.2, 3.8],
			"rotation": {"angle": 0, "axis": "y", "origin": [-1.4, 0, 6.8]},
			"faces": {
				"north": {"uv": [2, 0, 0, 1], "texture": "#10"},
				"east": {"uv": [2, 0, 0, 1], "texture": "#10"},
				"south": {"uv": [2, 0, 0, 1], "texture": "#10"},
				"west": {"uv": [2, 0, 0, 1], "texture": "#10"},
				"up": {"uv": [0, 1, 2, 0], "texture": "#10"},
				"down": {"uv": [0, 1, 2, 0], "texture": "#10"}
			}
		},
		{
			"from": [2, 7.8, 3.4],
			"to": [2.8, 8.2, 3.8],
			"rotation": {"angle": 0, "axis": "y", "origin": [-1.4, 0, 6.8]},
			"faces": {
				"north": {"uv": [2, 0, 0, 1], "texture": "#10"},
				"east": {"uv": [2, 0, 0, 1], "texture": "#10"},
				"south": {"uv": [2, 0, 0, 1], "texture": "#10"},
				"west": {"uv": [2, 0, 0, 1], "texture": "#10"},
				"up": {"uv": [0, 1, 2, 0], "texture": "#10"},
				"down": {"uv": [0, 1, 2, 0], "texture": "#10"}
			}
		},
		{
			"from": [0.8, 7, 3.4],
			"to": [1.2, 7.4, 3.8],
			"rotation": {"angle": 0, "axis": "y", "origin": [-1.4, 0, 6.8]},
			"faces": {
				"north": {"uv": [1, 0, 0, 1], "texture": "#10"},
				"east": {"uv": [1, 0, 0, 1], "texture": "#10"},
				"south": {"uv": [1, 0, 0, 1], "texture": "#10"},
				"west": {"uv": [1, 0, 0, 1], "texture": "#10"},
				"up": {"uv": [0, 1, 1, 0], "texture": "#10"},
				"down": {"uv": [0, 1, 1, 0], "texture": "#10"}
			}
		},
		{
			"from": [2.4, 7, 3.4],
			"to": [2.8, 7.4, 3.8],
			"rotation": {"angle": 0, "axis": "y", "origin": [-1.4, 0, 6.8]},
			"faces": {
				"north": {"uv": [1, 0, 0, 1], "texture": "#10"},
				"east": {"uv": [1, 0, 0, 1], "texture": "#10"},
				"south": {"uv": [1, 0, 0, 1], "texture": "#10"},
				"west": {"uv": [1, 0, 0, 1], "texture": "#10"},
				"up": {"uv": [0, 1, 1, 0], "texture": "#10"},
				"down": {"uv": [0, 1, 1, 0], "texture": "#10"}
			}
		},
		{
			"from": [1.2, 6.6, 3.4],
			"to": [2.4, 7, 3.8],
			"rotation": {"angle": 0, "axis": "y", "origin": [-1.4, 0, 6.8]},
			"faces": {
				"north": {"uv": [3, 0, 0, 1], "texture": "#10"},
				"east": {"uv": [3, 0, 0, 1], "texture": "#10"},
				"south": {"uv": [3, 0, 0, 1], "texture": "#10"},
				"west": {"uv": [3, 0, 0, 1], "texture": "#10"},
				"up": {"uv": [0, 1, 3, 0], "texture": "#10"},
				"down": {"uv": [0, 1, 3, 0], "texture": "#10"}
			}
		},
		{
			"from": [1.8, 6.4, 2],
			"to": [2.2, 6.8, 3.6],
			"rotation": {"angle": -22.5, "axis": "y", "origin": [2, 6.6, 3.4]},
			"faces": {
				"north": {"uv": [1, 0, 0, 1], "texture": "#10"},
				"east": {"uv": [1, 0, 0, 1], "texture": "#10"},
				"south": {"uv": [1, 0, 0, 1], "texture": "#10"},
				"west": {"uv": [1, 0, 0, 1], "texture": "#10"},
				"up": {"uv": [0, 1, 1, 0], "texture": "#10"},
				"down": {"uv": [0, 1, 1, 0], "texture": "#10"}
			}
		},
		{
			"from": [1.4, 6.4, 2],
			"to": [1.8, 6.8, 3.6],
			"rotation": {"angle": 22.5, "axis": "y", "origin": [1.6, 6.6, 3.4]},
			"faces": {
				"north": {"uv": [0, 0, 1, 1], "texture": "#10"},
				"east": {"uv": [0, 0, 1, 1], "texture": "#10"},
				"south": {"uv": [0, 0, 1, 1], "texture": "#10"},
				"west": {"uv": [0, 0, 1, 1], "texture": "#10"},
				"up": {"uv": [1, 1, 0, 0], "texture": "#10"},
				"down": {"uv": [1, 1, 0, 0], "texture": "#10"}
			}
		},
		{
			"from": [8.75, 8.75, 7.75],
			"to": [9.25, 9.75, 8.25],
			"rotation": {"angle": 0, "axis": "y", "origin": [5, 0, 12]},
			"faces": {
				"north": {"uv": [1, 0, 0, 2], "texture": "#0"},
				"east": {"uv": [1, 0, 0, 2], "texture": "#0"},
				"south": {"uv": [1, 0, 0, 2], "texture": "#0"},
				"west": {"uv": [1, 0, 0, 2], "texture": "#0"},
				"up": {"uv": [0, 2, 1, 0], "texture": "#0"},
				"down": {"uv": [0, 2, 1, 0], "texture": "#0"}
			}
		},
		{
			"from": [7.25, 8.75, 7.75],
			"to": [7.75, 9.75, 8.25],
			"rotation": {"angle": 0, "axis": "y", "origin": [5, 0, 12]},
			"faces": {
				"north": {"uv": [1, 0, 0, 2], "texture": "#0"},
				"east": {"uv": [1, 0, 0, 2], "texture": "#0"},
				"south": {"uv": [1, 0, 0, 2], "texture": "#0"},
				"west": {"uv": [1, 0, 0, 2], "texture": "#0"},
				"up": {"uv": [0, 2, 1, 0], "texture": "#0"},
				"down": {"uv": [0, 2, 1, 0], "texture": "#0"}
			}
		},
		{
			"from": [10.25, 8.75, 7.75],
			"to": [10.75, 9.75, 8.25],
			"rotation": {"angle": 0, "axis": "y", "origin": [5, 0, 12]},
			"faces": {
				"north": {"uv": [1, 0, 0, 2], "texture": "#0"},
				"east": {"uv": [1, 0, 0, 2], "texture": "#0"},
				"south": {"uv": [1, 0, 0, 2], "texture": "#0"},
				"west": {"uv": [1, 0, 0, 2], "texture": "#0"},
				"up": {"uv": [0, 2, 1, 0], "texture": "#0"},
				"down": {"uv": [0, 2, 1, 0], "texture": "#0"}
			}
		},
		{
			"from": [7.75, 9.75, 7.75],
			"to": [8.75, 10.25, 8.25],
			"rotation": {"angle": 0, "axis": "y", "origin": [5, 0, 12]},
			"faces": {
				"north": {"uv": [2, 0, 0, 1], "texture": "#0"},
				"east": {"uv": [2, 0, 0, 1], "texture": "#0"},
				"south": {"uv": [2, 0, 0, 1], "texture": "#0"},
				"west": {"uv": [2, 0, 0, 1], "texture": "#0"},
				"up": {"uv": [0, 1, 2, 0], "texture": "#0"},
				"down": {"uv": [0, 1, 2, 0], "texture": "#0"}
			}
		},
		{
			"from": [9.25, 9.75, 7.75],
			"to": [10.25, 10.25, 8.25],
			"rotation": {"angle": 0, "axis": "y", "origin": [5, 0, 12]},
			"faces": {
				"north": {"uv": [2, 0, 0, 1], "texture": "#0"},
				"east": {"uv": [2, 0, 0, 1], "texture": "#0"},
				"south": {"uv": [2, 0, 0, 1], "texture": "#0"},
				"west": {"uv": [2, 0, 0, 1], "texture": "#0"},
				"up": {"uv": [0, 1, 2, 0], "texture": "#0"},
				"down": {"uv": [0, 1, 2, 0], "texture": "#0"}
			}
		},
		{
			"from": [7.75, 8.75, 7.75],
			"to": [8.25, 9.25, 8.25],
			"rotation": {"angle": 0, "axis": "y", "origin": [5, 0, 12]},
			"faces": {
				"north": {"uv": [1, 0, 0, 1], "texture": "#0"},
				"east": {"uv": [1, 0, 0, 1], "texture": "#0"},
				"south": {"uv": [1, 0, 0, 1], "texture": "#0"},
				"west": {"uv": [1, 0, 0, 1], "texture": "#0"},
				"up": {"uv": [0, 1, 1, 0], "texture": "#0"},
				"down": {"uv": [0, 1, 1, 0], "texture": "#0"}
			}
		},
		{
			"from": [9.75, 8.75, 7.75],
			"to": [10.25, 9.25, 8.25],
			"rotation": {"angle": 0, "axis": "y", "origin": [5, 0, 12]},
			"faces": {
				"north": {"uv": [1, 0, 0, 1], "texture": "#0"},
				"east": {"uv": [1, 0, 0, 1], "texture": "#0"},
				"south": {"uv": [1, 0, 0, 1], "texture": "#0"},
				"west": {"uv": [1, 0, 0, 1], "texture": "#0"},
				"up": {"uv": [0, 1, 1, 0], "texture": "#0"},
				"down": {"uv": [0, 1, 1, 0], "texture": "#0"}
			}
		},
		{
			"from": [8.25, 8.25, 7.75],
			"to": [9.75, 8.75, 8.25],
			"rotation": {"angle": 0, "axis": "y", "origin": [5, 0, 12]},
			"faces": {
				"north": {"uv": [3, 0, 0, 1], "texture": "#0"},
				"east": {"uv": [3, 0, 0, 1], "texture": "#0"},
				"south": {"uv": [3, 0, 0, 1], "texture": "#0"},
				"west": {"uv": [3, 0, 0, 1], "texture": "#0"},
				"up": {"uv": [0, 1, 3, 0], "texture": "#0"},
				"down": {"uv": [0, 1, 3, 0], "texture": "#0"}
			}
		},
		{
			"from": [9, 8, 6],
			"to": [9.5, 8.5, 8],
			"rotation": {"angle": -22.5, "axis": "y", "origin": [9.25, 8.25, 7.75]},
			"faces": {
				"north": {"uv": [1, 0, 0, 1], "texture": "#0"},
				"east": {"uv": [1, 0, 0, 1], "texture": "#0"},
				"south": {"uv": [1, 0, 0, 1], "texture": "#0"},
				"west": {"uv": [1, 0, 0, 1], "texture": "#0"},
				"up": {"uv": [0, 1, 1, 0], "texture": "#0"},
				"down": {"uv": [0, 1, 1, 0], "texture": "#0"}
			}
		},
		{
			"from": [8.5, 8, 6],
			"to": [9, 8.5, 8],
			"rotation": {"angle": 22.5, "axis": "y", "origin": [8.75, 8.25, 7.75]},
			"faces": {
				"north": {"uv": [0, 0, 1, 1], "texture": "#0"},
				"east": {"uv": [0, 0, 1, 1], "texture": "#0"},
				"south": {"uv": [0, 0, 1, 1], "texture": "#0"},
				"west": {"uv": [0, 0, 1, 1], "texture": "#0"},
				"up": {"uv": [1, 1, 0, 0], "texture": "#0"},
				"down": {"uv": [1, 1, 0, 0], "texture": "#0"}
			}
		}
	],
	"display": {
		"thirdperson_righthand": {
			"translation": [1.75, 6, 4.25],
			"scale": [0.76, 0.76, 0.76]
		},
		"thirdperson_lefthand": {
			"translation": [1.75, 6, 4.25],
			"scale": [0.76, 0.76, 0.76]
		},
		"firstperson_righthand": {
			"rotation": [0, 110, 0],
			"translation": [0, 4.75, -0.5],
			"scale": [0.76, 0.76, 0.76]
		},
		"firstperson_lefthand": {
			"rotation": [0, 110, 0],
			"translation": [0, 4.75, -0.5],
			"scale": [0.76, 0.76, 0.76]
		},
		"ground": {
			"translation": [0, 3, 0],
			"scale": [0.76, 0.76, 0.76]
		},
		"gui": {
			"rotation": [18, -150, 0],
			"translation": [-2.25, 3, 0],
			"scale": [0.8, 0.8, 0.8]
		},
		"head": {
			"translation": [2.25, 14.25, 2.25]
		},
		"fixed": {
			"translation": [2.5, 3.5, 0]
		}
	},
	"groups": [
		0,
		1,
		2,
		3,
		4,
		5,
		6,
		7,
		8,
		{
			"name": "Bow",
			"origin": [0, 0, 0],
			"color": 0,
			"children": [9, 10, 11, 12, 13, 14, 15, 16, 17, 18, 19, 20, 21, 22, 23, 24, 25, 26, 27, 28, 29, 30, 31, 32, 33, 34, 35, 36, 37, 38]
		}
	]
}