{
	"credit": "Made with Blockbench",
	"textures": {
		"0": "block/carved_pumpkin",
		"1": "block/pumpkin_side",
		"3": "block/pumpkin_top",
		"4": "block/jack_o_lantern",
		"particle": "block/carved_pumpkin"
	},
	"elements": [
		{
			"from": [0, 0, 0],
			"to": [16, 1, 16],
			"faces": {
				"north": {"uv": [0, 15, 16, 16], "texture": "#1"},
				"east": {"uv": [0, 15, 16, 16], "texture": "#1"},
				"south": {"uv": [0, 15, 16, 16], "texture": "#1"},
				"west": {"uv": [0, 15, 16, 16], "texture": "#1"},
				"up": {"uv": [0, 0, 16, 16], "texture": "#1"},
				"down": {"uv": [0, 0, 16, 16], "texture": "#3"}
			}
		},
		{
			"from": [0, 1, 0],
			"to": [1, 16, 16],
			"faces": {
				"north": {"uv": [15, 0, 16, 15], "texture": "#1"},
				"east": {"uv": [0, 0, 16, 16], "texture": "#1"},
				"south": {"uv": [0, 0, 1, 15], "texture": "#1"},
				"west": {"uv": [0, 0, 16, 15], "texture": "#1"},
				"up": {"uv": [15, 0, 16, 16], "texture": "#3"},
				"down": {"uv": [0, 0, 1, 16], "texture": "#missing"}
			}
		},
		{
			"from": [15, 1, 0],
			"to": [16, 16, 16],
			"faces": {
				"north": {"uv": [0, 0, 1, 15], "texture": "#1"},
				"east": {"uv": [0, 0, 16, 15], "texture": "#1"},
				"south": {"uv": [15, 0, 16, 15], "texture": "#1"},
				"west": {"uv": [0, 0, 16, 16], "texture": "#1"},
				"up": {"uv": [0, 0, 1, 16], "texture": "#3"},
				"down": {"uv": [0, 0, 1, 16], "texture": "#missing"}
			}
		},
		{
			"from": [1, 1, 15],
			"to": [15, 16, 16],
			"faces": {
				"north": {"uv": [0, 0, 16, 16], "texture": "#1"},
				"east": {"uv": [0, 0, 1, 15], "texture": "#missing"},
				"south": {"uv": [1, 0, 15, 15], "texture": "#1"},
				"west": {"uv": [0, 0, 1, 15], "texture": "#missing"},
				"up": {"uv": [1, 0, 15, 1], "texture": "#3"},
				"down": {"uv": [0, 0, 14, 1], "texture": "#missing"}
			}
		},
		{
			"from": [1, 15, 0],
			"to": [15, 16, 15],
			"faces": {
				"north": {"uv": [1, 0, 15, 1], "texture": "#0"},
				"east": {"uv": [0, 0, 15, 1], "texture": "#missing"},
				"south": {"uv": [0, 0, 14, 1], "texture": "#missing"},
				"west": {"uv": [0, 0, 15, 1], "texture": "#missing"},
				"up": {"uv": [1, 0, 15, 15], "texture": "#3"},
				"down": {"uv": [0, 0, 16, 16], "texture": "#1"}
			}
		},
		{
			"from": [14, 1, 0],
			"to": [15, 15, 1],
			"faces": {
				"north": {"uv": [1, 1, 2, 15], "texture": "#0"},
				"east": {"uv": [0, 0, 1, 14], "texture": "#missing"},
				"south": {"uv": [1, 1, 2, 15], "texture": "#0"},
				"west": {"uv": [1, 1, 2, 15], "texture": "#0"},
				"up": {"uv": [0, 0, 1, 1], "texture": "#missing"},
				"down": {"uv": [0, 0, 1, 1], "texture": "#missing"}
			}
		},
		{
			"from": [13, 6, 0],
			"to": [14, 15, 1],
			"faces": {
				"north": {"uv": [2, 1, 3, 10], "texture": "#0"},
				"east": {"uv": [0, 0, 1, 9], "texture": "#missing"},
				"south": {"uv": [2, 1, 3, 10], "texture": "#0"},
				"west": {"uv": [2, 1, 3, 10], "texture": "#0"},
				"up": {"uv": [0, 0, 1, 1], "texture": "#missing"},
				"down": {"uv": [2, 9, 3, 10], "texture": "#0"}
			}
		},
		{
			"from": [12, 12, 0],
			"to": [13, 14, 1],
			"faces": {
				"north": {"uv": [3, 2, 4, 4], "texture": "#0"},
				"east": {"uv": [3, 2, 4, 4], "texture": "#0"},
				"south": {"uv": [3, 2, 4, 4], "texture": "#0"},
				"west": {"uv": [3, 2, 4, 4], "texture": "#0"},
				"up": {"uv": [3, 2, 4, 4], "texture": "#0"},
				"down": {"uv": [3, 2, 4, 4], "texture": "#0"}
			}
		},
		{
			"from": [2, 10, 0],
			"to": [3, 14, 1],
			"faces": {
				"north": {"uv": [13, 2, 14, 6], "texture": "#0"},
				"east": {"uv": [13, 2, 14, 6], "texture": "#0"},
				"south": {"uv": [13, 2, 14, 6], "texture": "#0"},
				"west": {"uv": [0, 0, 1, 4], "texture": "#missing"},
				"up": {"uv": [0, 0, 1, 1], "texture": "#missing"},
				"down": {"uv": [13, 5, 14, 6], "texture": "#0"}
			}
		},
		{
			"from": [3, 12, 0],
			"to": [4, 14, 1],
			"faces": {
				"north": {"uv": [11, 2, 12, 3], "texture": "#0"},
				"east": {"uv": [11, 2, 12, 3], "texture": "#0"},
				"south": {"uv": [11, 2, 12, 3], "texture": "#0"},
				"west": {"uv": [0, 0, 1, 2], "texture": "#missing"},
				"up": {"uv": [0, 0, 1, 1], "texture": "#missing"},
				"down": {"uv": [11, 2, 12, 3], "texture": "#0"}
			}
		},
		{
			"from": [4, 13, 0],
			"to": [5, 14, 1],
			"faces": {
				"north": {"uv": [11, 2, 12, 3], "texture": "#0"},
				"east": {"uv": [11, 2, 12, 3], "texture": "#0"},
				"south": {"uv": [11, 2, 12, 3], "texture": "#0"},
				"west": {"uv": [0, 0, 1, 1], "texture": "#missing"},
				"up": {"uv": [0, 0, 1, 1], "texture": "#missing"},
				"down": {"uv": [11, 2, 12, 3], "texture": "#0"}
			}
		},
		{
			"from": [6, 8, 0],
			"to": [10, 9, 1],
			"faces": {
				"north": {"uv": [6, 7, 10, 8], "texture": "#0"},
				"east": {"uv": [6, 7, 7, 8], "texture": "#0"},
				"south": {"uv": [6, 7, 10, 8], "rotation": 180, "texture": "#0"},
				"west": {"uv": [9, 7, 10, 8], "texture": "#0"},
				"up": {"uv": [6, 7, 10, 8], "rotation": 180, "texture": "#0"},
				"down": {"uv": [0, 0, 4, 1], "texture": "#missing"}
			}
		},
		{
			"from": [2, 7, 0],
			"to": [13, 8, 1],
			"faces": {
				"north": {"uv": [3, 8, 14, 9], "texture": "#0"},
				"east": {"uv": [0, 0, 1, 1], "texture": "#missing"},
				"south": {"uv": [3, 8, 14, 9], "rotation": 180, "texture": "#0"},
				"west": {"uv": [0, 0, 1, 1], "texture": "#missing"},
				"up": {"uv": [3, 8, 14, 9], "rotation": 180, "texture": "#0"},
				"down": {"uv": [3, 8, 14, 9], "rotation": 180, "texture": "#0"}
			}
		},
		{
			"from": [12, 8, 0],
			"to": [13, 9, 1],
			"faces": {
				"north": {"uv": [3, 7, 4, 8], "texture": "#0"},
				"east": {"uv": [3, 7, 4, 8], "texture": "#0"},
				"south": {"uv": [3, 7, 4, 8], "texture": "#0"},
				"west": {"uv": [3, 7, 4, 8], "texture": "#0"},
				"up": {"uv": [3, 7, 4, 8], "texture": "#0"},
				"down": {"uv": [3, 7, 4, 8], "texture": "#0"}
			}
		},
		{
			"from": [11, 6, 0],
			"to": [12, 7, 1],
			"faces": {
				"north": {"uv": [4, 9, 5, 10], "texture": "#0"},
				"east": {"uv": [4, 9, 5, 10], "texture": "#0"},
				"south": {"uv": [4, 9, 5, 10], "texture": "#0"},
				"west": {"uv": [4, 9, 5, 10], "texture": "#0"},
				"up": {"uv": [4, 9, 5, 10], "texture": "#0"},
				"down": {"uv": [4, 9, 5, 10], "texture": "#0"}
			}
		},
		{
			"from": [3, 6, 0],
			"to": [4, 7, 1],
			"faces": {
				"north": {"uv": [12, 9, 13, 10], "texture": "#0"},
				"east": {"uv": [12, 9, 13, 10], "texture": "#0"},
				"south": {"uv": [12, 9, 13, 10], "texture": "#0"},
				"west": {"uv": [12, 9, 13, 10], "texture": "#0"},
				"up": {"uv": [12, 9, 13, 10], "texture": "#0"},
				"down": {"uv": [12, 9, 13, 10], "texture": "#0"}
			}
		},
		{
			"from": [8, 6, 0],
			"to": [10, 7, 1],
			"faces": {
				"north": {"uv": [6, 9, 8, 10], "texture": "#0"},
				"east": {"uv": [6, 9, 7, 10], "rotation": 180, "texture": "#0"},
				"south": {"uv": [6, 9, 8, 10], "rotation": 180, "texture": "#0"},
				"west": {"uv": [7, 9, 8, 10], "rotation": 180, "texture": "#0"},
				"up": {"uv": [0, 0, 2, 1], "texture": "#missing"},
				"down": {"uv": [6, 9, 8, 10], "rotation": 180, "texture": "#0"}
			}
		},
		{
			"from": [5, 6, 0],
			"to": [7, 7, 1],
			"faces": {
				"north": {"uv": [9, 9, 11, 10], "texture": "#0"},
				"east": {"uv": [9, 9, 11, 10], "texture": "#0"},
				"south": {"uv": [9, 9, 11, 10], "texture": "#0"},
				"west": {"uv": [9, 9, 11, 10], "texture": "#0"},
				"up": {"uv": [0, 0, 2, 1], "texture": "#missing"},
				"down": {"uv": [9, 9, 11, 10], "texture": "#0"}
			}
		},
		{
			"from": [6, 13, 0],
			"to": [10, 14, 1],
			"faces": {
				"north": {"uv": [6, 2, 10, 3], "texture": "#0"},
				"east": {"uv": [6, 2, 7, 3], "texture": "#0"},
				"south": {"uv": [6, 2, 10, 3], "texture": "#0"},
				"west": {"uv": [6, 2, 7, 3], "texture": "#0"},
				"up": {"uv": [0, 0, 4, 1], "texture": "#missing"},
				"down": {"uv": [6, 2, 10, 3], "texture": "#0"}
			}
		},
		{
			"from": [7, 9, 0],
			"to": [9, 13, 1],
			"faces": {
				"north": {"uv": [7, 3, 9, 7], "texture": "#0"},
				"east": {"uv": [7, 3, 8, 7], "texture": "#0"},
				"south": {"uv": [7, 3, 9, 7], "texture": "#0"},
				"west": {"uv": [8, 3, 9, 7], "texture": "#0"},
				"up": {"uv": [7, 3, 9, 7], "texture": "#0"},
				"down": {"uv": [7, 3, 9, 7], "texture": "#0"}
			}
		},
		{
			"from": [1, 14, 0],
			"to": [13, 15, 1],
			"faces": {
				"north": {"uv": [3, 1, 15, 2], "texture": "#0"},
				"east": {"uv": [0, 0, 1, 1], "texture": "#missing"},
				"south": {"uv": [3, 1, 15, 2], "rotation": 180, "texture": "#0"},
				"west": {"uv": [0, 0, 1, 1], "texture": "#missing"},
				"up": {"uv": [0, 0, 12, 1], "texture": "#missing"},
				"down": {"uv": [3, 1, 15, 2], "rotation": 180, "texture": "#0"}
			}
		},
		{
			"from": [13, 2, 0],
			"to": [14, 4, 1],
			"faces": {
				"north": {"uv": [2, 12, 3, 14], "texture": "#0"},
				"east": {"uv": [0, 0, 1, 2], "texture": "#missing"},
				"south": {"uv": [2, 12, 3, 14], "texture": "#0"},
				"west": {"uv": [2, 12, 3, 14], "texture": "#0"},
				"up": {"uv": [2, 12, 3, 14], "texture": "#0"},
				"down": {"uv": [0, 0, 1, 1], "texture": "#missing"}
			}
		},
		{
			"from": [10, 2, 0],
			"to": [11, 4, 1],
			"faces": {
				"north": {"uv": [5, 12, 6, 14], "texture": "#0"},
				"east": {"uv": [5, 12, 6, 14], "texture": "#0"},
				"south": {"uv": [5, 12, 6, 14], "texture": "#0"},
				"west": {"uv": [5, 12, 6, 14], "texture": "#0"},
				"up": {"uv": [5, 12, 6, 13], "texture": "#0"},
				"down": {"uv": [0, 0, 1, 1], "texture": "#missing"}
			}
		},
		{
			"from": [11, 2, 0],
			"to": [12, 3, 1],
			"faces": {
				"north": {"uv": [4, 13, 5, 14], "texture": "#0"},
				"east": {"uv": [4, 13, 5, 14], "texture": "#0"},
				"south": {"uv": [4, 13, 5, 14], "texture": "#0"},
				"west": {"uv": [4, 13, 5, 14], "texture": "#0"},
				"up": {"uv": [4, 13, 5, 14], "texture": "#0"},
				"down": {"uv": [4, 13, 5, 14], "texture": "#0"}
			}
		},
		{
			"from": [5, 2, 0],
			"to": [9, 3, 1],
			"faces": {
				"north": {"uv": [7, 13, 11, 14], "texture": "#0"},
				"east": {"uv": [7, 13, 8, 14], "texture": "#0"},
				"south": {"uv": [7, 13, 11, 14], "rotation": 180, "texture": "#0"},
				"west": {"uv": [7, 13, 8, 14], "texture": "#0"},
				"up": {"uv": [7, 13, 11, 14], "rotation": 180, "texture": "#0"},
				"down": {"uv": [0, 0, 4, 1], "texture": "#missing"}
			}
		},
		{
			"from": [1, 2, 0],
			"to": [4, 3, 1],
			"faces": {
				"north": {"uv": [12, 13, 15, 14], "texture": "#0"},
				"east": {"uv": [12, 13, 13, 14], "rotation": 90, "texture": "#0"},
				"south": {"uv": [12, 13, 15, 14], "rotation": 180, "texture": "#0"},
				"west": {"uv": [0, 0, 1, 1], "texture": "#missing"},
				"up": {"uv": [12, 13, 15, 14], "rotation": 180, "texture": "#0"},
				"down": {"uv": [0, 0, 3, 1], "texture": "#missing"}
			}
		},
		{
			"from": [7, 3, 0],
			"to": [8, 4, 1],
			"faces": {
				"north": {"uv": [8, 12, 9, 13], "texture": "#0"},
				"east": {"uv": [8, 12, 9, 13], "texture": "#0"},
				"south": {"uv": [8, 12, 9, 13], "texture": "#0"},
				"west": {"uv": [8, 12, 9, 13], "texture": "#0"},
				"up": {"uv": [8, 12, 9, 13], "texture": "#0"},
				"down": {"uv": [8, 12, 9, 13], "texture": "#0"}
			}
		},
		{
			"from": [3, 3, 0],
			"to": [4, 4, 1],
			"faces": {
				"north": {"uv": [12, 12, 13, 13], "texture": "#0"},
				"east": {"uv": [12, 12, 13, 13], "texture": "#0"},
				"south": {"uv": [12, 12, 13, 13], "texture": "#0"},
				"west": {"uv": [12, 12, 13, 13], "texture": "#0"},
				"up": {"uv": [12, 12, 13, 13], "texture": "#0"},
				"down": {"uv": [12, 12, 13, 13], "texture": "#0"}
			}
		},
		{
			"from": [1, 5, 0],
			"to": [2, 14, 1],
			"faces": {
				"north": {"uv": [14, 2, 15, 11], "texture": "#0"},
				"east": {"uv": [14, 2, 15, 11], "texture": "#0"},
				"south": {"uv": [14, 2, 15, 11], "texture": "#0"},
				"west": {"uv": [0, 0, 1, 9], "texture": "#missing"},
				"up": {"uv": [0, 0, 1, 1], "texture": "#missing"},
				"down": {"uv": [14, 9, 15, 11], "texture": "#0"}
			}
		},
		{
			"from": [1, 1, 0],
			"to": [14, 2, 1],
			"faces": {
				"north": {"uv": [2, 14, 15, 15], "texture": "#0"},
				"east": {"uv": [0, 0, 1, 1], "texture": "#missing"},
				"south": {"uv": [2, 14, 15, 15], "texture": "#0"},
				"west": {"uv": [0, 0, 1, 1], "texture": "#missing"},
				"up": {"uv": [2, 14, 15, 15], "texture": "#0"},
				"down": {"uv": [0, 0, 13, 1], "texture": "#missing"}
			}
		},
		{
			"from": [1, 1, 0.7],
			"to": [15, 15, 1],
			"faces": {
				"north": {"uv": [1, 1, 15, 15], "texture": "#4"},
				"east": {"uv": [0, 0, 0.6, 14], "texture": "#missing"},
				"south": {"uv": [0, 0, 14, 14], "texture": "#missing"},
				"west": {"uv": [0, 0, 0.6, 14], "texture": "#missing"},
				"up": {"uv": [0, 0, 14, 0.6], "texture": "#missing"},
				"down": {"uv": [0, 0, 14, 0.6], "texture": "#missing"}
			}
		},
		{
			"from": [5, 15.5, 6],
			"to": [9, 16.7, 8],
			"faces": {
				"north": {"uv": [7, 5, 8, 6], "texture": "#3"},
				"east": {"uv": [8, 6, 9, 8], "rotation": 90, "texture": "#3"},
				"south": {"uv": [5, 7, 9, 8], "texture": "#3"},
				"west": {"uv": [8, 6, 9, 8], "rotation": 90, "texture": "#3"},
				"up": {"uv": [5, 6, 9, 8], "texture": "#3"},
				"down": {"uv": [0, 0, 4, 2], "texture": "#missing"}
			}
		},
		{
			"from": [5, 15.5, 5],
			"to": [8, 16.7, 6],
			"faces": {
				"north": {"uv": [5, 5, 8, 6], "rotation": 180, "texture": "#3"},
				"east": {"uv": [7, 5, 8, 6], "texture": "#3"},
				"south": {"uv": [0, 0, 3, 1], "texture": "#missing"},
				"west": {"uv": [5, 5, 6, 6], "texture": "#3"},
				"up": {"uv": [5, 5, 8, 6], "texture": "#3"},
				"down": {"uv": [0, 0, 3, 1], "texture": "#missing"}
			}
		},
		{
			"from": [6, 15.5, 8],
			"to": [10, 16.7, 9],
			"faces": {
				"north": {"uv": [7, 5, 8, 6], "texture": "#3"},
				"east": {"uv": [7, 5, 8, 6], "texture": "#3"},
				"south": {"uv": [7, 5, 8, 6], "texture": "#3"},
				"west": {"uv": [7, 5, 8, 6], "texture": "#3"},
				"up": {"uv": [6, 8, 10, 9], "texture": "#3"},
				"down": {"uv": [0, 0, 4, 1], "texture": "#missing"}
			}
		},
		{
			"from": [7, 15.5, 9],
			"to": [9, 16.7, 10],
			"faces": {
				"north": {"uv": [0, 0, 2, 1], "texture": "#missing"},
				"east": {"uv": [7, 5, 8, 6], "texture": "#3"},
				"south": {"uv": [7, 5, 8, 6], "texture": "#3"},
				"west": {"uv": [7, 5, 8, 6], "texture": "#3"},
				"up": {"uv": [7, 9, 9, 10], "texture": "#3"},
				"down": {"uv": [0, 0, 2, 1], "texture": "#missing"}
			}
		}
	],
	"display": {
		"thirdperson_righthand": {
			"translation": [0, 4, 2],
			"scale": [0.5, 0.5, 0.5]
		},
		"thirdperson_lefthand": {
			"translation": [0, 4, 2],
			"scale": [0.5, 0.5, 0.5]
		},
		"firstperson_righthand": {
			"scale": [0.5, 0.5, 0.5]
		},
		"firstperson_lefthand": {
			"scale": [0.5, 0.5, 0.5]
		},
		"ground": {
			"translation": [0, 0.5, 0],
			"scale": [0.5, 0.5, 0.5]
		},
		"gui": {
			"rotation": [18, -150, 0],
			"scale": [0.7, 0.7, 0.7]
		},
		"fixed": {
			"translation": [0, -0.5, 6]
		}
	}
}