{
	"credit": "Made with Blockbench",
	"texture_size": [16, 8],
	"textures": {
		"0": "block/lightning_rod",
		"1": "hats/lightning1"
	},
	"elements": [
		{
			"from": [4, -3, 7],
			"to": [6, 9, 9],
			"rotation": {"angle": 45, "axis": "z", "origin": [0, 0, 0]},
			"faces": {
				"north": {"uv": [0, 4, 2, 16], "texture": "#0"},
				"east": {"uv": [0, 4, 2, 16], "texture": "#0"},
				"south": {"uv": [0, 4, 2, 16], "texture": "#0"},
				"west": {"uv": [0, 4, 2, 16], "texture": "#0"},
				"up": {"uv": [0, 4, 2, 6], "texture": "#0"},
				"down": {"uv": [0, 14, 2, 16], "texture": "#0"}
			}
		},
		{
			"from": [4, 20, 6],
			"to": [8, 24, 10],
			"rotation": {"angle": -45, "axis": "z", "origin": [0, 0, 0]},
			"faces": {
				"north": {"uv": [4, 0, 0, 4], "texture": "#0"},
				"east": {"uv": [4, 0, 0, 4], "texture": "#0"},
				"south": {"uv": [4, 0, 0, 4], "texture": "#0"},
				"west": {"uv": [4, 0, 0, 4], "texture": "#0"},
				"up": {"uv": [4, 0, 0, 4], "texture": "#0"},
				"down": {"uv": [4, 0, 0, 4], "texture": "#0"}
			}
		},
		{
			"from": [5, 8, 7],
			"to": [7, 20, 9],
			"rotation": {"angle": -45, "axis": "z", "origin": [0, 0, 0]},
			"faces": {
				"north": {"uv": [2, 4, 0, 16], "texture": "#0"},
				"east": {"uv": [2, 4, 0, 16], "texture": "#0"},
				"south": {"uv": [2, 4, 0, 16], "texture": "#0"},
				"west": {"uv": [2, 4, 0, 16], "texture": "#0"},
				"up": {"uv": [2, 4, 0, 6], "texture": "#0"},
				"down": {"uv": [2, 14, 0, 16], "texture": "#0"}
			}
		},
		{
			"from": [3, 9, 6],
			"to": [7, 13, 10],
			"rotation": {"angle": 45, "axis": "z", "origin": [0, 0, 0]},
			"faces": {
				"north": {"uv": [0, 0, 4, 4], "texture": "#0"},
				"east": {"uv": [0, 0, 4, 4], "texture": "#0"},
				"south": {"uv": [0, 0, 4, 4], "texture": "#0"},
				"west": {"uv": [0, 0, 4, 4], "texture": "#0"},
				"up": {"uv": [0, 0, 4, 4], "texture": "#0"},
				"down": {"uv": [0, 0, 4, 4], "texture": "#0"}
			}
		},
		{
			"from": [-3, 12, 7.5],
			"to": [2, 13, 8.5],
			"faces": {
				"north": {"uv": [0, 4, 16, 12], "texture": "#1"},
				"east": {"uv": [0, 4, 16, 12], "texture": "#1"},
				"south": {"uv": [0, 4, 16, 12], "texture": "#1"},
				"west": {"uv": [0, 4, 16, 12], "texture": "#1"},
				"up": {"uv": [0, 0, 16, 2], "texture": "#1"},
				"down": {"uv": [0, 0, 16, 2], "texture": "#1"}
			}
		},
		{
			"from": [14, 12, 7.5],
			"to": [19, 13, 8.5],
			"faces": {
				"north": {"uv": [0, 4, 16, 12], "texture": "#1"},
				"east": {"uv": [0, 4, 16, 12], "texture": "#1"},
				"south": {"uv": [0, 4, 16, 12], "texture": "#1"},
				"west": {"uv": [0, 4, 16, 12], "texture": "#1"},
				"up": {"uv": [0, 0, 16, 2], "texture": "#1"},
				"down": {"uv": [0, 0, 16, 2], "texture": "#1"}
			}
		},
		{
			"from": [3, 21, 4.5],
			"to": [9, 22, 5.5],
			"rotation": {"angle": -45, "axis": "z", "origin": [0, 0, 0]},
			"faces": {
				"north": {"uv": [0, 4, 16, 12], "texture": "#1"},
				"east": {"uv": [0, 4, 16, 12], "texture": "#1"},
				"south": {"uv": [0, 4, 16, 12], "texture": "#1"},
				"west": {"uv": [0, 4, 16, 12], "texture": "#1"},
				"up": {"uv": [0, 0, 16, 2], "texture": "#1"},
				"down": {"uv": [0, 0, 16, 2], "texture": "#1"}
			}
		},
		{
			"from": [3, 21, 10.5],
			"to": [9, 22, 11.5],
			"rotation": {"angle": -45, "axis": "z", "origin": [0, 0, 0]},
			"faces": {
				"north": {"uv": [0, 4, 16, 12], "texture": "#1"},
				"east": {"uv": [0, 4, 16, 12], "texture": "#1"},
				"south": {"uv": [0, 4, 16, 12], "texture": "#1"},
				"west": {"uv": [0, 4, 16, 12], "texture": "#1"},
				"up": {"uv": [0, 0, 16, 2], "texture": "#1"},
				"down": {"uv": [0, 0, 16, 2], "texture": "#1"}
			}
		},
		{
			"from": [2.5, 21, 5.5],
			"to": [3.5, 22, 10.5],
			"rotation": {"angle": -45, "axis": "z", "origin": [0, 0, 0]},
			"faces": {
				"north": {"uv": [0, 4, 16, 12], "texture": "#1"},
				"east": {"uv": [0, 4, 16, 12], "texture": "#1"},
				"south": {"uv": [0, 4, 16, 12], "texture": "#1"},
				"west": {"uv": [0, 4, 16, 12], "texture": "#1"},
				"up": {"uv": [0, 0, 16, 2], "texture": "#1"},
				"down": {"uv": [0, 0, 16, 2], "texture": "#1"}
			}
		},
		{
			"from": [8.5, 21, 5.5],
			"to": [9.5, 22, 10.5],
			"rotation": {"angle": -45, "axis": "z", "origin": [0, 0, 0]},
			"faces": {
				"north": {"uv": [0, 4, 16, 12], "texture": "#1"},
				"east": {"uv": [0, 4, 16, 12], "texture": "#1"},
				"south": {"uv": [0, 4, 16, 12], "texture": "#1"},
				"west": {"uv": [0, 4, 16, 12], "texture": "#1"},
				"up": {"uv": [0, 0, 16, 2], "texture": "#1"},
				"down": {"uv": [0, 0, 16, 2], "texture": "#1"}
			}
		},
		{
			"from": [2, 10, 10.5],
			"to": [8, 11, 11.5],
			"rotation": {"angle": 45, "axis": "z", "origin": [0, 0, 0]},
			"faces": {
				"north": {"uv": [0, 4, 16, 12], "texture": "#1"},
				"east": {"uv": [0, 4, 16, 12], "texture": "#1"},
				"south": {"uv": [0, 4, 16, 12], "texture": "#1"},
				"west": {"uv": [0, 4, 16, 12], "texture": "#1"},
				"up": {"uv": [0, 0, 16, 2], "texture": "#1"},
				"down": {"uv": [0, 0, 16, 2], "texture": "#1"}
			}
		},
		{
			"from": [1.5, 10, 5.5],
			"to": [2.5, 11, 10.5],
			"rotation": {"angle": 45, "axis": "z", "origin": [0, 0, 0]},
			"faces": {
				"north": {"uv": [0, 4, 16, 12], "texture": "#1"},
				"east": {"uv": [0, 4, 16, 12], "texture": "#1"},
				"south": {"uv": [0, 4, 16, 12], "texture": "#1"},
				"west": {"uv": [0, 4, 16, 12], "texture": "#1"},
				"up": {"uv": [0, 0, 16, 2], "texture": "#1"},
				"down": {"uv": [0, 0, 16, 2], "texture": "#1"}
			}
		},
		{
			"from": [2, 10, 4.5],
			"to": [8, 11, 5.5],
			"rotation": {"angle": 45, "axis": "z", "origin": [0, 0, 0]},
			"faces": {
				"north": {"uv": [0, 4, 16, 12], "texture": "#1"},
				"east": {"uv": [0, 4, 16, 12], "texture": "#1"},
				"south": {"uv": [0, 4, 16, 12], "texture": "#1"},
				"west": {"uv": [0, 4, 16, 12], "texture": "#1"},
				"up": {"uv": [0, 0, 16, 2], "texture": "#1"},
				"down": {"uv": [0, 0, 16, 2], "texture": "#1"}
			}
		},
		{
			"from": [7.5, 10, 5.5],
			"to": [8.5, 11, 10.5],
			"rotation": {"angle": 45, "axis": "z", "origin": [0, 0, 0]},
			"faces": {
				"north": {"uv": [0, 4, 16, 12], "texture": "#1"},
				"east": {"uv": [0, 4, 16, 12], "texture": "#1"},
				"south": {"uv": [0, 4, 16, 12], "texture": "#1"},
				"west": {"uv": [0, 4, 16, 12], "texture": "#1"},
				"up": {"uv": [0, 0, 16, 2], "texture": "#1"},
				"down": {"uv": [0, 0, 16, 2], "texture": "#1"}
			}
		},
		{
			"from": [11, 12.5, 7.5],
			"to": [14, 13.5, 8.5],
			"faces": {
				"north": {"uv": [0, 4, 16, 12], "texture": "#1"},
				"east": {"uv": [0, 4, 16, 12], "texture": "#1"},
				"south": {"uv": [0, 4, 16, 12], "texture": "#1"},
				"west": {"uv": [0, 4, 16, 12], "texture": "#1"},
				"up": {"uv": [0, 0, 16, 2], "texture": "#1"},
				"down": {"uv": [0, 0, 16, 2], "texture": "#1"}
			}
		},
		{
			"from": [2, 12.5, 7.5],
			"to": [5, 13.5, 8.5],
			"faces": {
				"north": {"uv": [0, 4, 16, 12], "texture": "#1"},
				"east": {"uv": [0, 4, 16, 12], "texture": "#1"},
				"south": {"uv": [0, 4, 16, 12], "texture": "#1"},
				"west": {"uv": [0, 4, 16, 12], "texture": "#1"},
				"up": {"uv": [0, 0, 16, 2], "texture": "#1"},
				"down": {"uv": [0, 0, 16, 2], "texture": "#1"}
			}
		},
		{
			"from": [5, 13, 7.5],
			"to": [11, 14, 8.5],
			"faces": {
				"north": {"uv": [0, 4, 16, 12], "texture": "#1"},
				"east": {"uv": [0, 4, 16, 12], "texture": "#1"},
				"south": {"uv": [0, 4, 16, 12], "texture": "#1"},
				"west": {"uv": [0, 4, 16, 12], "texture": "#1"},
				"up": {"uv": [0, 0, 16, 2], "texture": "#1"},
				"down": {"uv": [0, 0, 16, 2], "texture": "#1"}
			}
		}
	],
	"display": {
		"thirdperson_righthand": {
			"translation": [0, 1.75, 0.75],
			"scale": [0.5, 0.5, 0.5]
		},
		"thirdperson_lefthand": {
			"translation": [0, 1.75, 0.75],
			"scale": [0.5, 0.5, 0.5]
		},
		"firstperson_righthand": {
			"scale": [0.5, 0.5, 0.5]
		},
		"firstperson_lefthand": {
			"scale": [0.5, 0.5, 0.5]
		},
		"ground": {
			"scale": [0.5, 0.5, 0.5]
		},
		"gui": {
			"rotation": [20, -165.5, 0],
			"scale": [0.6, 0.6, 0.6]
		},
		"head": {
			"translation": [0, 10.75, 0]
		},
		"fixed": {
			"scale": [0.6, 0.6, 0.6]
		}
	}
}