{
	"credit": "Made with Blockbench",
	"texture_size": [32, 16],
	"textures": {
		"47": "hats/hat/skull"
	},
	"elements": [
		{
			"from": [2, 11, 2],
			"to": [5, 12, 3],
			"faces": {
				"north": {"uv": [2.5, 5, 4, 6], "texture": "#47"},
				"east": {"uv": [3.5, 5, 4, 6], "texture": "#47"},
				"south": {"uv": [4, 5, 2.5, 6], "texture": "#47"},
				"west": {"uv": [3.5, 5, 4, 6], "texture": "#47"},
				"up": {"uv": [2.5, 5, 4, 6], "texture": "#47"},
				"down": {"uv": [2.5, 5, 4, 6], "texture": "#47"}
			}
		},
		{
			"from": [7, 11, 2],
			"to": [10, 12, 3],
			"faces": {
				"north": {"uv": [0, 5, 1.5, 6], "texture": "#47"},
				"east": {"uv": [0, 5, 0.5, 6], "texture": "#47"},
				"south": {"uv": [0, 5, 1.5, 6], "texture": "#47"},
				"west": {"uv": [0, 5, 0.5, 6], "texture": "#47"},
				"up": {"uv": [0, 5, 1.5, 6], "texture": "#47"},
				"down": {"uv": [0, 5, 1.5, 6], "texture": "#47"}
			}
		},
		{
			"from": [5, 12, 2],
			"to": [7, 17, 3],
			"faces": {
				"north": {"uv": [1.5, 0, 2.5, 5], "texture": "#47"},
				"east": {"uv": [1.5, 0, 2, 5], "texture": "#47"},
				"south": {"uv": [2.5, 0, 1.5, 5], "texture": "#47"},
				"west": {"uv": [2, 0, 2.5, 5], "texture": "#47"},
				"up": {"uv": [1.5, 0, 2.5, 1], "texture": "#47"},
				"down": {"uv": [1.5, 4, 2.5, 5], "texture": "#47"}
			}
		},
		{
			"from": [2, 14, 2],
			"to": [5, 17, 3],
			"faces": {
				"north": {"uv": [2.5, 0, 4, 3], "texture": "#47"},
				"east": {"uv": [2.5, 0, 3, 3], "texture": "#47"},
				"south": {"uv": [2.5, 0, 4, 3], "texture": "#47"},
				"west": {"uv": [3.5, 0, 4, 3], "texture": "#47"},
				"up": {"uv": [2.5, 0, 4, 1], "texture": "#47"},
				"down": {"uv": [2.5, 2, 4, 3], "texture": "#47"}
			}
		},
		{
			"from": [7, 14, 2],
			"to": [10, 17, 3],
			"faces": {
				"north": {"uv": [0, 0, 1.5, 3], "texture": "#47"},
				"east": {"uv": [0, 0, 0.5, 3], "texture": "#47"},
				"south": {"uv": [0, 0, 1.5, 3], "texture": "#47"},
				"west": {"uv": [0, 0, 0.5, 3], "texture": "#47"},
				"up": {"uv": [0, 0, 1.5, 1], "texture": "#47"},
				"down": {"uv": [0, 0, 1.5, 1], "texture": "#47"}
			}
		},
		{
			"from": [2, 12, 2],
			"to": [3, 14, 3],
			"faces": {
				"north": {"uv": [3.5, 3, 4, 5], "texture": "#47"},
				"east": {"uv": [3.5, 3, 4, 5], "texture": "#47"},
				"south": {"uv": [3.5, 3, 4, 5], "texture": "#47"},
				"west": {"uv": [3.5, 3, 4, 5], "texture": "#47"},
				"up": {"uv": [2, 3, 1, 2], "texture": "#missing"},
				"down": {"uv": [3, 2, 2, 3], "texture": "#missing"}
			}
		},
		{
			"from": [9, 12, 2],
			"to": [10, 14, 3],
			"faces": {
				"north": {"uv": [0, 3, 0.5, 5], "texture": "#47"},
				"east": {"uv": [0, 3, 0.5, 5], "texture": "#47"},
				"south": {"uv": [0, 3, 0.5, 5], "texture": "#47"},
				"west": {"uv": [0, 3, 0.5, 5], "texture": "#47"},
				"up": {"uv": [2, 3, 1, 2], "texture": "#missing"},
				"down": {"uv": [3, 2, 2, 3], "texture": "#missing"}
			}
		},
		{
			"from": [4, 10, 2],
			"to": [8, 11, 3],
			"faces": {
				"north": {"uv": [1, 6, 3, 7], "texture": "#47"},
				"east": {"uv": [1, 6, 1.5, 7], "texture": "#47"},
				"south": {"uv": [1, 6, 3, 7], "texture": "#47"},
				"west": {"uv": [2.5, 6, 3, 7], "texture": "#47"},
				"up": {"uv": [4, 3, 0, 2], "texture": "#missing"},
				"down": {"uv": [1, 6, 3, 7], "texture": "#47"}
			}
		},
		{
			"from": [7, 9, 2],
			"to": [8, 10, 3],
			"faces": {
				"north": {"uv": [1, 8, 1.5, 7], "texture": "#47"},
				"east": {"uv": [1, 8, 1.5, 7], "texture": "#47"},
				"south": {"uv": [1, 8, 1.5, 7], "texture": "#47"},
				"west": {"uv": [1, 8, 1.5, 7], "texture": "#47"},
				"up": {"uv": [1, 8, 1.5, 7], "texture": "#47"},
				"down": {"uv": [1, 8, 1.5, 7], "texture": "#47"}
			}
		},
		{
			"from": [4, 9, 2],
			"to": [6, 10, 3],
			"faces": {
				"north": {"uv": [2, 8, 3, 7], "texture": "#47"},
				"east": {"uv": [1, 8, 1.5, 7], "texture": "#47"},
				"south": {"uv": [1, 8, 1.5, 7], "texture": "#47"},
				"west": {"uv": [1, 8, 1.5, 7], "texture": "#47"},
				"up": {"uv": [1, 8, 1.5, 7], "texture": "#47"},
				"down": {"uv": [1, 8, 1.5, 7], "texture": "#47"}
			}
		},
		{
			"from": [3, 11, 9],
			"to": [9, 17, 10],
			"faces": {
				"north": {"uv": [10.5, 7, 7.5, 13], "texture": "#47"},
				"east": {"uv": [6, 1, 7, 4], "texture": "#missing"},
				"south": {"uv": [7.5, 7, 10.5, 13], "texture": "#47"},
				"west": {"uv": [6, 4, 7, 7], "texture": "#missing"},
				"up": {"uv": [7.5, 7, 10.5, 8], "texture": "#47"},
				"down": {"uv": [7.5, 12, 10.5, 13], "texture": "#47"}
			}
		},
		{
			"from": [3, 16, 3],
			"to": [9, 17, 9],
			"faces": {
				"north": {"uv": [10.5, 0, 7.5, 1], "texture": "#47"},
				"east": {"uv": [10.5, 0, 7.5, 1], "texture": "#47"},
				"south": {"uv": [10.5, 0, 7.5, 1], "texture": "#47"},
				"west": {"uv": [10.5, 0, 7.5, 1], "texture": "#47"},
				"up": {"uv": [10.5, 0, 7.5, 6], "texture": "#47"},
				"down": {"uv": [10.5, 6, 7.5, 0], "texture": "#47"}
			}
		},
		{
			"from": [5, 11, 2],
			"to": [5.25, 12, 3],
			"faces": {
				"north": {"uv": [1, 5, 1.5, 6], "texture": "#47"},
				"east": {"uv": [0, 1, 1, 2], "texture": "#missing"},
				"south": {"uv": [1, 5, 1.5, 6], "texture": "#47"},
				"west": {"uv": [1, 1, 2, 2], "texture": "#missing"},
				"up": {"uv": [1, 3, 0, 2], "texture": "#missing"},
				"down": {"uv": [3, 0, 2, 1], "texture": "#missing"}
			}
		},
		{
			"from": [6.75, 11, 2],
			"to": [7, 12, 3],
			"faces": {
				"north": {"uv": [2.5, 5, 3, 6], "texture": "#47"},
				"east": {"uv": [0, 1, 1, 2], "texture": "#missing"},
				"south": {"uv": [1, 5, 1.5, 6], "texture": "#47"},
				"west": {"uv": [1, 1, 2, 2], "texture": "#missing"},
				"up": {"uv": [1, 3, 0, 2], "texture": "#missing"},
				"down": {"uv": [3, 0, 2, 1], "texture": "#missing"}
			}
		},
		{
			"from": [5.25, 11, 2],
			"to": [6.75, 12, 3],
			"faces": {
				"north": {"uv": [1.5, 5, 2.5, 6], "texture": "#47"},
				"east": {"uv": [2, 1, 3, 2], "texture": "#missing"},
				"south": {"uv": [1.5, 5, 2.5, 6], "texture": "#47"},
				"west": {"uv": [2, 2, 3, 3], "texture": "#missing"},
				"up": {"uv": [2, 3, 0, 2], "texture": "#missing"},
				"down": {"uv": [4, 0, 2, 1], "texture": "#missing"}
			}
		},
		{
			"from": [2, 11, 3],
			"to": [3, 13, 4],
			"faces": {
				"north": {"uv": [5, 3, 4.5, 5], "texture": "#47"},
				"east": {"uv": [5, 3, 4.5, 5], "texture": "#47"},
				"south": {"uv": [5, 3, 4.5, 5], "texture": "#47"},
				"west": {"uv": [5, 3, 4.5, 5], "texture": "#47"},
				"up": {"uv": [5, 3, 4.5, 4], "texture": "#47"},
				"down": {"uv": [5, 4, 4.5, 5], "texture": "#47"}
			}
		},
		{
			"from": [2, 12, 4],
			"to": [3, 14, 10],
			"faces": {
				"north": {"uv": [7, 3, 7.5, 5], "texture": "#47"},
				"east": {"uv": [4.5, 3, 7.5, 5], "texture": "#47"},
				"south": {"uv": [7, 3, 7.5, 5], "texture": "#47"},
				"west": {"uv": [4.5, 3, 7.5, 5], "texture": "#47"},
				"up": {"uv": [4.5, 3, 7.5, 4], "rotation": 90, "texture": "#47"},
				"down": {"uv": [4.5, 4, 7.5, 5], "rotation": 90, "texture": "#47"}
			}
		},
		{
			"from": [2, 11, 6],
			"to": [3, 12, 10],
			"faces": {
				"north": {"uv": [5.5, 5, 6, 6], "texture": "#47"},
				"east": {"uv": [5.5, 5, 7.5, 6], "texture": "#47"},
				"south": {"uv": [7, 5, 7.5, 6], "texture": "#47"},
				"west": {"uv": [5.5, 5, 7.5, 6], "texture": "#47"},
				"up": {"uv": [5.5, 5, 7.5, 6], "rotation": 90, "texture": "#47"},
				"down": {"uv": [5.5, 5, 7.5, 6], "rotation": 90, "texture": "#47"}
			}
		},
		{
			"from": [2, 15, 6],
			"to": [3, 17, 10],
			"faces": {
				"north": {"uv": [5.5, 0, 6, 2], "texture": "#47"},
				"east": {"uv": [7.5, 0, 5.5, 2], "texture": "#47"},
				"south": {"uv": [7, 0, 7.5, 2], "texture": "#47"},
				"west": {"uv": [5.5, 0, 7.5, 2], "texture": "#47"},
				"up": {"uv": [5.5, 0, 7.5, 1], "rotation": 90, "texture": "#47"},
				"down": {"uv": [5.5, 1, 7.5, 2], "rotation": 90, "texture": "#47"}
			}
		},
		{
			"from": [2, 14, 3],
			"to": [3, 17, 4],
			"faces": {
				"north": {"uv": [4, 0, 4.5, 3], "texture": "#47"},
				"east": {"uv": [4, 0, 4.5, 3], "texture": "#47"},
				"south": {"uv": [4, 0, 4.5, 3], "texture": "#47"},
				"west": {"uv": [4, 0, 4.5, 3], "texture": "#47"},
				"up": {"uv": [4, 0, 4.5, 1], "texture": "#47"},
				"down": {"uv": [4, 2, 4.5, 3], "texture": "#47"}
			}
		},
		{
			"from": [2, 16, 4],
			"to": [3, 17, 5],
			"faces": {
				"north": {"uv": [4.5, 0, 5, 1], "texture": "#47"},
				"east": {"uv": [4.5, 0, 5, 1], "texture": "#47"},
				"south": {"uv": [4.5, 0, 5, 1], "texture": "#47"},
				"west": {"uv": [4.5, 0, 5, 1], "texture": "#47"},
				"up": {"uv": [4.5, 0, 5, 1], "texture": "#47"},
				"down": {"uv": [4.5, 0, 5, 1], "texture": "#47"}
			}
		},
		{
			"from": [2, 14, 5],
			"to": [3, 15, 10],
			"faces": {
				"north": {"uv": [5, 2, 5.5, 3], "texture": "#47"},
				"east": {"uv": [7.5, 2, 5, 3], "texture": "#47"},
				"south": {"uv": [7, 2, 7.5, 3], "texture": "#47"},
				"west": {"uv": [5, 2, 7.5, 3], "texture": "#47"},
				"up": {"uv": [5, 2, 7.5, 3], "rotation": 90, "texture": "#47"},
				"down": {"uv": [5, 2, 7.5, 3], "rotation": 90, "texture": "#47"}
			}
		},
		{
			"from": [9, 11, 3],
			"to": [10, 13, 4],
			"faces": {
				"north": {"uv": [5, 3, 4.5, 5], "texture": "#47"},
				"east": {"uv": [5, 3, 4.5, 5], "texture": "#47"},
				"south": {"uv": [5, 3, 4.5, 5], "texture": "#47"},
				"west": {"uv": [5, 3, 4.5, 5], "texture": "#47"},
				"up": {"uv": [5, 3, 4.5, 4], "texture": "#47"},
				"down": {"uv": [5, 4, 4.5, 5], "texture": "#47"}
			}
		},
		{
			"from": [9, 12, 4],
			"to": [10, 14, 10],
			"faces": {
				"north": {"uv": [7, 3, 7.5, 5], "texture": "#47"},
				"east": {"uv": [4.5, 3, 7.5, 5], "texture": "#47"},
				"south": {"uv": [7, 3, 7.5, 5], "texture": "#47"},
				"west": {"uv": [4.5, 3, 7.5, 5], "texture": "#47"},
				"up": {"uv": [4.5, 3, 7.5, 4], "rotation": 90, "texture": "#47"},
				"down": {"uv": [4.5, 4, 7.5, 5], "rotation": 90, "texture": "#47"}
			}
		},
		{
			"from": [9, 11, 6],
			"to": [10, 12, 10],
			"faces": {
				"north": {"uv": [5.5, 5, 6, 6], "texture": "#47"},
				"east": {"uv": [5.5, 5, 7.5, 6], "texture": "#47"},
				"south": {"uv": [7, 5, 7.5, 6], "texture": "#47"},
				"west": {"uv": [5.5, 5, 7.5, 6], "texture": "#47"},
				"up": {"uv": [5.5, 5, 7.5, 6], "rotation": 90, "texture": "#47"},
				"down": {"uv": [5.5, 5, 7.5, 6], "rotation": 90, "texture": "#47"}
			}
		},
		{
			"from": [9, 15, 6],
			"to": [10, 17, 10],
			"faces": {
				"north": {"uv": [5.5, 0, 6, 2], "texture": "#47"},
				"east": {"uv": [7.5, 0, 5.5, 2], "texture": "#47"},
				"south": {"uv": [7, 0, 7.5, 2], "texture": "#47"},
				"west": {"uv": [5.5, 0, 7.5, 2], "texture": "#47"},
				"up": {"uv": [5.5, 0, 7.5, 1], "rotation": 90, "texture": "#47"},
				"down": {"uv": [5.5, 1, 7.5, 2], "rotation": 90, "texture": "#47"}
			}
		},
		{
			"from": [9, 14, 3],
			"to": [10, 17, 4],
			"faces": {
				"north": {"uv": [4, 0, 4.5, 3], "texture": "#47"},
				"east": {"uv": [4, 0, 4.5, 3], "texture": "#47"},
				"south": {"uv": [4, 0, 4.5, 3], "texture": "#47"},
				"west": {"uv": [4, 0, 4.5, 3], "texture": "#47"},
				"up": {"uv": [4, 0, 4.5, 1], "texture": "#47"},
				"down": {"uv": [4, 2, 4.5, 3], "texture": "#47"}
			}
		},
		{
			"from": [9, 16, 4],
			"to": [10, 17, 5],
			"faces": {
				"north": {"uv": [4.5, 0, 5, 1], "texture": "#47"},
				"east": {"uv": [4.5, 0, 5, 1], "texture": "#47"},
				"south": {"uv": [4.5, 0, 5, 1], "texture": "#47"},
				"west": {"uv": [4.5, 0, 5, 1], "texture": "#47"},
				"up": {"uv": [4.5, 0, 5, 1], "texture": "#47"},
				"down": {"uv": [4.5, 0, 5, 1], "texture": "#47"}
			}
		},
		{
			"from": [9, 14, 5],
			"to": [10, 15, 10],
			"faces": {
				"north": {"uv": [5, 2, 5.5, 3], "texture": "#47"},
				"east": {"uv": [7.5, 2, 5, 3], "texture": "#47"},
				"south": {"uv": [7, 2, 7.5, 3], "texture": "#47"},
				"west": {"uv": [5, 2, 7.5, 3], "texture": "#47"},
				"up": {"uv": [5, 2, 7.5, 3], "rotation": 90, "texture": "#47"},
				"down": {"uv": [5, 2, 7.5, 3], "rotation": 90, "texture": "#47"}
			}
		}
	],
	"display": {
		"thirdperson_righthand": {
			"translation": [1.25, -2.25, 1],
			"scale": [0.7, 0.7, 0.7]
		},
		"thirdperson_lefthand": {
			"translation": [-1.5, -2.25, 1],
			"scale": [0.7, 0.7, 0.7]
		},
		"firstperson_righthand": {
			"translation": [0, -3.25, 0],
			"scale": [0.8, 0.74, 0.74]
		},
		"firstperson_lefthand": {
			"translation": [0, -3.25, 0],
			"scale": [0.8, 0.74, 0.74]
		},
		"ground": {
			"translation": [2.5, -5, 3],
			"scale": [1.22, 1.22, 1.22]
		},
		"gui": {
			"rotation": [20, -165, 0],
			"translation": [-2.5, -5.25, 0],
			"scale": [1.19, 1.19, 1.19]
		},
		"head": {
			"translation": [3.75, -9.5, 3.25],
			"scale": [1.88, 1.88, 1.88]
		},
		"fixed": {
			"translation": [2.75, -7.75, 1.75],
			"scale": [1.57, 1.57, 1.57]
		}
	},
	"groups": [
		0,
		1,
		2,
		3,
		4,
		5,
		6,
		7,
		8,
		9,
		10,
		11,
		12,
		13,
		14,
		{
			"name": "side1",
			"origin": [0, 0, 0],
			"color": 0,
			"children": [15, 16, 17, 18, 19, 20, 21]
		},
		{
			"name": "side2",
			"origin": [0, 0, 0],
			"color": 0,
			"children": [22, 23, 24, 25, 26, 27, 28]
		}
	]
}