{
	"credit": "Made with Blockbench",
	"parent": "block/block",
	"textures": {
		"0": "block/green_concrete",
		"2": "block/slime_block",
		"particle": "block/slime_block"
	},
	"elements": [
		{
			"from": [0.5, 13, 0.5],
			"to": [15.5, 15.5, 15.5],
			"rotation": {"angle": 0, "axis": "y", "origin": [14, 22, 14]},
			"faces": {
				"north": {"uv": [0, 0, 12, 2], "texture": "#2"},
				"east": {"uv": [0, 0, 12, 2], "texture": "#2"},
				"south": {"uv": [0, 0, 12, 2], "texture": "#2"},
				"west": {"uv": [0, 0, 12, 2], "texture": "#2"},
				"up": {"uv": [0, 0, 12, 2], "texture": "#2"},
				"down": {"uv": [0, 0, 12, 2], "texture": "#2"}
			}
		},
		{
			"from": [9, 12, 0.5],
			"to": [13, 13, 15.5],
			"rotation": {"angle": 0, "axis": "y", "origin": [14, 20, 14]},
			"faces": {
				"north": {"uv": [0, 0, 12, 1], "texture": "#2"},
				"east": {"uv": [0, 0, 12, 1], "texture": "#2"},
				"south": {"uv": [0, 0, 12, 1], "texture": "#2"},
				"west": {"uv": [0, 0, 12, 1], "texture": "#2"},
				"down": {"uv": [0, 0, 12, 1], "texture": "#2"}
			}
		},
		{
			"from": [5, 12, 0.5],
			"to": [8, 13, 15.5],
			"rotation": {"angle": 0, "axis": "y", "origin": [9, 20, 14]},
			"faces": {
				"north": {"uv": [0, 0, 12, 1], "texture": "#2"},
				"east": {"uv": [0, 0, 12, 1], "texture": "#2"},
				"south": {"uv": [0, 0, 12, 1], "texture": "#2"},
				"west": {"uv": [0, 0, 12, 1], "texture": "#2"},
				"down": {"uv": [0, 0, 12, 1], "texture": "#2"}
			}
		},
		{
			"from": [3, 12, 0.5],
			"to": [4, 13, 15.5],
			"rotation": {"angle": 0, "axis": "y", "origin": [6, 20, 14]},
			"faces": {
				"north": {"uv": [0, 0, 1, 1], "texture": "#2"},
				"east": {"uv": [0, 0, 12, 1], "texture": "#2"},
				"south": {"uv": [0, 0, 12, 1], "texture": "#2"},
				"west": {"uv": [0, 0, 12, 1], "texture": "#2"},
				"down": {"uv": [0, 0, 12, 1], "texture": "#2"}
			}
		},
		{
			"from": [0.5, 12, 3],
			"to": [15.5, 13, 6],
			"rotation": {"angle": 0, "axis": "y", "origin": [16, 20, 15]},
			"faces": {
				"north": {"uv": [0, 0, 12, 1], "texture": "#2"},
				"east": {"uv": [0, 0, 3, 1], "texture": "#2"},
				"south": {"uv": [0, 0, 3, 1], "texture": "#2"},
				"west": {"uv": [0, 0, 3, 1], "texture": "#2"},
				"down": {"uv": [0, 0, 3, 1], "texture": "#2"}
			}
		},
		{
			"from": [4, 12, 3],
			"to": [12, 13, 13],
			"rotation": {"angle": 0, "axis": "y", "origin": [16, 20, 15]},
			"faces": {
				"north": {"uv": [0, 0, 3, 1], "texture": "#2"},
				"east": {"uv": [0, 0, 3, 1], "texture": "#2"},
				"south": {"uv": [0, 0, 3, 1], "texture": "#2"},
				"west": {"uv": [0, 0, 3, 1], "texture": "#2"},
				"up": {"uv": [0, 0, 3, 1], "texture": "#2"},
				"down": {"uv": [0, 0, 3, 1], "texture": "#2"}
			}
		},
		{
			"from": [0.5, 12, 7],
			"to": [15.5, 13, 12],
			"rotation": {"angle": 0, "axis": "y", "origin": [16, 20, 19]},
			"faces": {
				"north": {"uv": [0, 0, 5, 1], "texture": "#2"},
				"east": {"uv": [0, 0, 5, 1], "texture": "#2"},
				"south": {"uv": [0, 0, 5, 1], "texture": "#2"},
				"west": {"uv": [0, 0, 5, 1], "texture": "#2"},
				"down": {"uv": [0, 0, 5, 1], "texture": "#2"}
			}
		},
		{
			"from": [0.5, 11, 4],
			"to": [15.5, 12, 5],
			"rotation": {"angle": 0, "axis": "y", "origin": [16, 19, 15]},
			"faces": {
				"north": {"uv": [0, 0, 1, 1], "texture": "#2"},
				"east": {"uv": [0, 0, 1, 1], "texture": "#2"},
				"south": {"uv": [0, 0, 1, 1], "texture": "#2"},
				"west": {"uv": [0, 0, 1, 1], "texture": "#2"},
				"up": {"uv": [0, 0, 1, 1], "texture": "#2"},
				"down": {"uv": [0, 0, 1, 1], "texture": "#2"}
			}
		},
		{
			"from": [0.5, 11, 8],
			"to": [15.5, 12, 10],
			"rotation": {"angle": 0, "axis": "y", "origin": [16, 19, 20]},
			"faces": {
				"north": {"uv": [0, 0, 12, 2], "texture": "#2"},
				"east": {"uv": [0, 0, 2, 1], "texture": "#2"},
				"south": {"uv": [0, 0, 12, 2], "texture": "#2"},
				"west": {"uv": [0, 0, 2, 1], "texture": "#2"},
				"up": {"uv": [0, 0, 12, 2], "texture": "#2"},
				"down": {"uv": [0, 0, 12, 2], "texture": "#2"}
			}
		},
		{
			"from": [6, 11, 0.5],
			"to": [7, 12, 15.5],
			"rotation": {"angle": 0, "axis": "y", "origin": [9, 19, 14]},
			"faces": {
				"north": {"uv": [0, 0, 12, 1], "texture": "#2"},
				"east": {"uv": [0, 0, 12, 1], "texture": "#2"},
				"south": {"uv": [0, 0, 12, 1], "texture": "#2"},
				"west": {"uv": [0, 0, 12, 1], "texture": "#2"},
				"down": {"uv": [0, 0, 12, 1], "texture": "#2"}
			}
		},
		{
			"from": [9, 11, 0.5],
			"to": [12, 12, 15.5],
			"rotation": {"angle": 0, "axis": "y", "origin": [14, 19, 14]},
			"faces": {
				"north": {"uv": [0, 0, 12, 1], "texture": "#2"},
				"east": {"uv": [0, 0, 12, 1], "texture": "#2"},
				"south": {"uv": [0, 0, 12, 1], "texture": "#2"},
				"west": {"uv": [0, 0, 12, 1], "texture": "#2"},
				"down": {"uv": [0, 0, 12, 1], "texture": "#2"}
			}
		},
		{
			"from": [10, 10, 0.5],
			"to": [11, 11, 15.5],
			"rotation": {"angle": 0, "axis": "y", "origin": [14, 18, 14]},
			"faces": {
				"north": {"uv": [0, 0, 12, 1], "texture": "#2"},
				"east": {"uv": [0, 0, 12, 1], "texture": "#2"},
				"south": {"uv": [0, 0, 12, 1], "texture": "#2"},
				"west": {"uv": [0, 0, 12, 1], "texture": "#2"},
				"down": {"uv": [0, 0, 12, 1], "texture": "#2"}
			}
		},
		{
			"from": [9.9, 20.5, 2.5],
			"to": [13.5, 24, 6.1],
			"rotation": {"angle": 0, "axis": "y", "origin": [14.9, 27, 13.6]},
			"faces": {
				"north": {"uv": [0, 0, 3.6, 3.5], "texture": "#0"},
				"east": {"uv": [0, 0, 3.6, 3.5], "texture": "#0"},
				"south": {"uv": [0, 0, 3.6, 3.5], "texture": "#0"},
				"west": {"uv": [0, 0, 3.6, 3.5], "texture": "#0"},
				"up": {"uv": [0, 0, 3.6, 3.5], "texture": "#0"},
				"down": {"uv": [0, 0, 3.6, 3.5], "texture": "#0"}
			}
		},
		{
			"from": [2.5, 20.5, 2.5],
			"to": [6.1, 24, 6.1],
			"rotation": {"angle": 0, "axis": "y", "origin": [7.6, 27, 13.6]},
			"faces": {
				"north": {"uv": [0, 0, 3.6, 3.5], "texture": "#0"},
				"east": {"uv": [0, 0, 3.6, 3.5], "texture": "#0"},
				"south": {"uv": [0, 0, 3.6, 3.5], "texture": "#0"},
				"west": {"uv": [0, 0, 3.6, 3.5], "texture": "#0"},
				"up": {"uv": [0, 0, 3.6, 3.5], "texture": "#0"},
				"down": {"uv": [0, 0, 3.6, 3.5], "texture": "#0"}
			}
		},
		{
			"from": [8.3, 17.1, 2.5],
			"to": [9.8, 18.6, 4.1],
			"rotation": {"angle": 0, "axis": "y", "origin": [11.3, 23.6, 13.6]},
			"faces": {
				"north": {"uv": [0, 0, 3.6, 1.5], "texture": "#0"},
				"east": {"uv": [0, 0, 3.6, 1.5], "texture": "#0"},
				"south": {"uv": [0, 0, 3.6, 1.5], "texture": "#0"},
				"west": {"uv": [0, 0, 3.6, 1.5], "texture": "#0"},
				"up": {"uv": [0, 0, 3.6, 1.5], "texture": "#0"},
				"down": {"uv": [0, 0, 3.6, 1.5], "texture": "#0"}
			}
		},
		{
			"from": [4.7, 16.96, 4.7],
			"to": [11.3, 23.56, 11.3],
			"rotation": {"angle": 0, "axis": "y", "origin": [2.72, 2.72, 2.72]},
			"faces": {
				"north": {"uv": [3, 3, 13, 13], "texture": "#2"},
				"east": {"uv": [3, 3, 13, 13], "texture": "#2"},
				"south": {"uv": [3, 3, 13, 13], "texture": "#2"},
				"west": {"uv": [3, 3, 13, 13], "texture": "#2"},
				"up": {"uv": [3, 3, 13, 13], "texture": "#2"},
				"down": {"uv": [3, 3, 13, 13], "texture": "#2"}
			}
		},
		{
			"from": [2.72, 15.48, 2.72],
			"to": [13.28, 26.04, 13.28],
			"rotation": {"angle": 0, "axis": "y", "origin": [2.72, 2.72, 2.72]},
			"faces": {
				"north": {"uv": [0, 0, 16, 16], "texture": "#2", "cullface": "north"},
				"east": {"uv": [0, 0, 16, 16], "texture": "#2", "cullface": "east"},
				"south": {"uv": [0, 0, 16, 16], "texture": "#2", "cullface": "south"},
				"west": {"uv": [0, 0, 16, 16], "texture": "#2", "cullface": "west"},
				"up": {"uv": [0, 0, 16, 16], "texture": "#2", "cullface": "up"},
				"down": {"uv": [0, 0, 16, 16], "texture": "#2", "cullface": "down"}
			}
		}
	],
	"display": {
		"thirdperson_righthand": {
			"translation": [0, -2.5, 0],
			"scale": [0.5, 0.5, 0.5]
		},
		"thirdperson_lefthand": {
			"translation": [0, -2.5, 0],
			"scale": [0.5, 0.5, 0.5]
		},
		"firstperson_righthand": {
			"scale": [0.5, 0.5, 0.5]
		},
		"firstperson_lefthand": {
			"scale": [0.5, 0.5, 0.5]
		},
		"ground": {
			"translation": [0, -4.5, 0],
			"scale": [0.5, 0.5, 0.5]
		},
		"gui": {
			"rotation": [20, -165, 0],
			"translation": [0, -6, 0],
			"scale": [0.75, 0.75, 0.75]
		},
		"fixed": {
			"translation": [0, -9.5, 0]
		}
	},
	"groups": [0, 1, 2, 3, 4, 5, 6, 7, 8, 9, 10, 11, 12, 13, 14,
		{
			"name": "slime_block",
			"origin": [8, 8, 8],
			"color": 0,
			"children": [15, 16]
		}
	]
}