{
	"credit": "Made with Blockbench",
	"texture_size": [64, 32],
	"textures": {
		"2": "block/lava_still",
		"3": "zigafide/magmacube",
		"particle": "block/green_concrete"
	},
	"elements": [
		{
			"from": [3, 15, 3],
			"to": [13, 25, 13],
			"rotation": {"angle": 0, "axis": "y", "origin": [14, 22, 14]},
			"faces": {
				"north": {"uv": [8, 8, 10, 12], "texture": "#3"},
				"east": {"uv": [2, 0.5, 4, 4.5], "texture": "#3"},
				"south": {"uv": [4, 0.5, 6, 4.5], "texture": "#3"},
				"west": {"uv": [4, 0.5, 6, 4.5], "texture": "#3"},
				"up": {"uv": [10, 5, 12, 9], "texture": "#3"},
				"down": {"uv": [4, 0.5, 6, 4.5], "texture": "#3"}
			}
		},
		{
			"from": [1, 13, 1],
			"to": [15, 15, 15],
			"rotation": {"angle": 0, "axis": "y", "origin": [14, 22, 14]},
			"faces": {
				"north": {"uv": [0, 0, 12, 2], "texture": "#2"},
				"east": {"uv": [0, 0, 12, 2], "texture": "#2"},
				"south": {"uv": [0, 0, 12, 2], "texture": "#2"},
				"west": {"uv": [0, 0, 12, 2], "texture": "#2"},
				"up": {"uv": [0, 0, 12, 12], "texture": "#2"},
				"down": {"uv": [0, 0, 12, 2], "texture": "#2"}
			}
		},
		{
			"from": [9, 12, 1],
			"to": [13, 13, 15],
			"rotation": {"angle": 0, "axis": "y", "origin": [14, 20, 14]},
			"faces": {
				"north": {"uv": [3, 2, 7, 3], "texture": "#2"},
				"east": {"uv": [0, 0, 12, 1], "texture": "#2"},
				"south": {"uv": [3, 2, 7, 3], "texture": "#2"},
				"west": {"uv": [0, 0, 12, 1], "texture": "#2"},
				"up": {"uv": [0, 0, 12, 1], "texture": "#2"},
				"down": {"uv": [14, 6, 14.75, 7], "texture": "#2"}
			}
		},
		{
			"from": [5, 12, 1],
			"to": [8, 13, 15],
			"rotation": {"angle": 0, "axis": "y", "origin": [9, 20, 14]},
			"faces": {
				"north": {"uv": [0, 0, 3, 1], "texture": "#2"},
				"east": {"uv": [0, 0, 12, 1], "texture": "#2"},
				"south": {"uv": [0, 0, 3, 1], "texture": "#2"},
				"west": {"uv": [0, 0, 12, 1], "texture": "#2"},
				"up": {"uv": [0, 0, 12, 1], "texture": "#2"},
				"down": {"uv": [14, 6, 14.75, 7], "texture": "#2"}
			}
		},
		{
			"from": [3, 12, 1],
			"to": [4, 13, 15],
			"rotation": {"angle": 0, "axis": "y", "origin": [6, 20, 14]},
			"faces": {
				"north": {"uv": [14, 6, 14.75, 7], "texture": "#2"},
				"east": {"uv": [0, 0, 12, 1], "texture": "#2"},
				"south": {"uv": [14, 6, 14.75, 7], "texture": "#2"},
				"west": {"uv": [0, 0, 12, 1], "texture": "#2"},
				"up": {"uv": [0, 0, 12, 1], "texture": "#2"},
				"down": {"uv": [14, 6, 14.75, 7], "texture": "#2"}
			}
		},
		{
			"from": [1, 12, 3],
			"to": [15, 13, 6],
			"rotation": {"angle": 0, "axis": "y", "origin": [16, 20, 15]},
			"faces": {
				"north": {"uv": [0, 0, 12, 1], "texture": "#2"},
				"east": {"uv": [0, 0, 3, 1], "texture": "#2"},
				"south": {"uv": [0, 0, 3, 1], "texture": "#2"},
				"west": {"uv": [0, 0, 3, 1], "texture": "#2"},
				"up": {"uv": [0, 0, 3, 1], "texture": "#2"},
				"down": {"uv": [0, 0, 3, 1], "texture": "#2"}
			}
		},
		{
			"from": [4, 12, 3],
			"to": [12, 13, 13],
			"rotation": {"angle": 0, "axis": "y", "origin": [16, 20, 15]},
			"faces": {
				"north": {"uv": [0, 0, 3, 1], "texture": "#2"},
				"east": {"uv": [0, 0, 3, 1], "texture": "#2"},
				"south": {"uv": [0, 0, 3, 1], "texture": "#2"},
				"west": {"uv": [0, 0, 3, 1], "texture": "#2"},
				"up": {"uv": [0, 0, 3, 1], "texture": "#2"},
				"down": {"uv": [0, 0, 3, 1], "texture": "#2"}
			}
		},
		{
			"from": [1, 12, 7],
			"to": [15, 13, 12],
			"rotation": {"angle": 0, "axis": "y", "origin": [16, 20, 19]},
			"faces": {
				"north": {"uv": [0, 0, 5, 1], "texture": "#2"},
				"east": {"uv": [0, 0, 5, 1], "texture": "#2"},
				"south": {"uv": [0, 0, 5, 1], "texture": "#2"},
				"west": {"uv": [0, 0, 5, 1], "texture": "#2"},
				"up": {"uv": [0, 0, 5, 1], "texture": "#2"},
				"down": {"uv": [0, 0, 5, 1], "texture": "#2"}
			}
		},
		{
			"from": [1, 11, 4],
			"to": [15, 12, 5],
			"rotation": {"angle": 0, "axis": "y", "origin": [16, 19, 15]},
			"faces": {
				"north": {"uv": [0, 0, 1, 1], "texture": "#2"},
				"east": {"uv": [0, 0, 1, 1], "texture": "#2"},
				"south": {"uv": [0, 0, 1, 1], "texture": "#2"},
				"west": {"uv": [0, 0, 1, 1], "texture": "#2"},
				"up": {"uv": [0, 0, 1, 1], "texture": "#2"},
				"down": {"uv": [0, 0, 1, 1], "texture": "#2"}
			}
		},
		{
			"from": [1, 11, 8],
			"to": [15, 12, 10],
			"rotation": {"angle": 0, "axis": "y", "origin": [16, 19, 20]},
			"faces": {
				"north": {"uv": [0, 0, 12, 2], "texture": "#2"},
				"east": {"uv": [0, 0, 2, 1], "texture": "#2"},
				"south": {"uv": [0, 0, 12, 2], "texture": "#2"},
				"west": {"uv": [0, 0, 2, 1], "texture": "#2"},
				"up": {"uv": [0, 0, 12, 2], "texture": "#2"},
				"down": {"uv": [0, 0, 12, 2], "texture": "#2"}
			}
		},
		{
			"from": [6, 11, 1],
			"to": [7, 12, 15],
			"rotation": {"angle": 0, "axis": "y", "origin": [9, 19, 14]},
			"faces": {
				"north": {"uv": [14, 6, 14.75, 7], "texture": "#2"},
				"east": {"uv": [0, 0, 12, 1], "texture": "#2"},
				"south": {"uv": [14, 6, 14.75, 7], "texture": "#2"},
				"west": {"uv": [0, 0, 12, 1], "texture": "#2"},
				"up": {"uv": [0, 0, 12, 1], "texture": "#2"},
				"down": {"uv": [14, 6, 14.75, 7], "texture": "#2"}
			}
		},
		{
			"from": [9, 11, 1],
			"to": [12, 12, 15],
			"rotation": {"angle": 0, "axis": "y", "origin": [14, 19, 14]},
			"faces": {
				"north": {"uv": [0, 0, 3, 1], "texture": "#2"},
				"east": {"uv": [0, 0, 12, 1], "texture": "#2"},
				"south": {"uv": [0, 0, 3, 1], "texture": "#2"},
				"west": {"uv": [0, 0, 12, 1], "texture": "#2"},
				"up": {"uv": [0, 0, 12, 1], "texture": "#2"},
				"down": {"uv": [14, 6, 14.75, 7], "texture": "#2"}
			}
		},
		{
			"from": [10, 10, 1],
			"to": [11, 11, 15],
			"rotation": {"angle": 0, "axis": "y", "origin": [14, 18, 14]},
			"faces": {
				"north": {"uv": [14, 6, 14.75, 7], "texture": "#2"},
				"east": {"uv": [0, 0, 12, 1], "texture": "#2"},
				"south": {"uv": [14, 6, 14.75, 7], "texture": "#2"},
				"west": {"uv": [0, 0, 12, 1], "texture": "#2"},
				"up": {"uv": [0, 0, 12, 1], "texture": "#2"},
				"down": {"uv": [14, 6, 14.75, 7], "texture": "#2"}
			}
		},
		{
			"from": [9.2, 20, 2.5],
			"to": [11.8, 22.5, 3.2],
			"rotation": {"angle": 0, "axis": "y", "origin": [18, 29, 10]},
			"faces": {
				"north": {"uv": [8.25, 9, 8.75, 10], "texture": "#3"},
				"east": {"uv": [8.25, 9, 8.5, 10], "texture": "#3"},
				"south": {"uv": [8.25, 9, 8.75, 10], "texture": "#3"},
				"west": {"uv": [8.25, 9, 8.75, 10], "texture": "#3"},
				"up": {"uv": [8.25, 9, 8.75, 9.5], "texture": "#3"},
				"down": {"uv": [9.25, 9.5, 9.75, 10], "texture": "#3"}
			}
		},
		{
			"from": [4.2, 20, 2.5],
			"to": [6.8, 22.5, 3.2],
			"rotation": {"angle": 0, "axis": "y", "origin": [13, 29, 10]},
			"faces": {
				"north": {"uv": [9.25, 9, 9.75, 10], "texture": "#3"},
				"east": {"uv": [9.5, 9, 9.75, 10], "texture": "#3"},
				"south": {"uv": [9.25, 9, 9.75, 10], "texture": "#3"},
				"west": {"uv": [9.25, 9, 9.5, 10], "texture": "#3"},
				"up": {"uv": [8.25, 9, 8.75, 9.5], "texture": "#3"},
				"down": {"uv": [8.25, 9.5, 8.75, 10], "texture": "#3"}
			}
		}
	]
}