{
	"credit": "Made with Blockbench",
	"textures": {
		"2": "block/lava_still",
		"3": "hats/magmacube"
	},
	"elements": [
		{
			"from": [3, 15.5, 3],
			"to": [13, 25.5, 13],
			"rotation": {"angle": 0, "axis": "y", "origin": [14, 22, 14]},
			"faces": {
				"north": {"uv": [8, 8, 10, 12], "texture": "#3"},
				"east": {"uv": [2, 0.5, 4, 4.5], "texture": "#3"},
				"south": {"uv": [4, 0.5, 6, 4.5], "texture": "#3"},
				"west": {"uv": [4, 0.5, 6, 4.5], "texture": "#3"},
				"up": {"uv": [10, 5, 12, 9], "texture": "#3"},
				"down": {"uv": [4, 0.5, 6, 4.5], "texture": "#3"}
			}
		},
		{
			"from": [0.5, 13, 0.5],
			"to": [15.5, 15.5, 15.5],
			"rotation": {"angle": 0, "axis": "y", "origin": [14, 22, 14]},
			"faces": {
				"north": {"uv": [0, 0, 15, 3], "texture": "#2"},
				"east": {"uv": [0, 3, 15, 6], "texture": "#2"},
				"south": {"uv": [1, 8, 16, 11], "texture": "#2"},
				"west": {"uv": [0, 4, 15, 7], "texture": "#2"},
				"up": {"uv": [0, 0, 15, 15], "texture": "#2"},
				"down": {"uv": [0, 0, 15, 15], "texture": "#2"}
			}
		},
		{
			"from": [8.5, 12, 0.5],
			"to": [13.5, 13, 15.5],
			"rotation": {"angle": 0, "axis": "y", "origin": [14, 20, 14]},
			"faces": {
				"north": {"uv": [7, 0, 12, 0], "texture": "#2"},
				"east": {"uv": [1, 0.4, 16, 0.45], "texture": "#2"},
				"south": {"uv": [6, 0.4, 10, 0.45], "texture": "#2"},
				"west": {"uv": [1, 0.4, 16, 0.45], "texture": "#2"},
				"up": {"uv": [0, 0, 12, 1], "texture": "#2"},
				"down": {"uv": [14, 6, 14.75, 7], "texture": "#2"}
			}
		},
		{
			"from": [4.5, 12, 0.5],
			"to": [7.5, 13, 15.5],
			"rotation": {"angle": 0, "axis": "y", "origin": [9, 20, 14]},
			"faces": {
				"north": {"uv": [5, 0.65, 8, 0.7], "texture": "#2"},
				"east": {"uv": [1, 0.4, 16, 0.45], "texture": "#2"},
				"south": {"uv": [5, 0.65, 8, 0.7], "texture": "#2"},
				"west": {"uv": [1, 0.4, 16, 0.45], "texture": "#2"},
				"up": {"uv": [0, 0, 12, 1], "texture": "#2"},
				"down": {"uv": [14, 6, 14.75, 7], "texture": "#2"}
			}
		},
		{
			"from": [2.5, 12, 0.5],
			"to": [3.5, 13, 15.5],
			"rotation": {"angle": 0, "axis": "y", "origin": [6, 20, 14]},
			"faces": {
				"north": {"uv": [8, 0.8, 9, 0.85], "texture": "#2"},
				"east": {"uv": [1, 0.4, 16, 0.45], "texture": "#2"},
				"south": {"uv": [8, 0.8, 9, 0.85], "texture": "#2"},
				"west": {"uv": [1, 0.4, 16, 0.45], "texture": "#2"},
				"up": {"uv": [0, 0, 12, 1], "texture": "#2"},
				"down": {"uv": [14, 6, 14.75, 7], "texture": "#2"}
			}
		},
		{
			"from": [0.5, 12, 3],
			"to": [15.5, 13, 6],
			"rotation": {"angle": 0, "axis": "y", "origin": [16, 20, 15]},
			"faces": {
				"north": {"uv": [1, 0.4, 16, 0.45], "texture": "#2"},
				"east": {"uv": [7, 0.5, 10, 0.55], "texture": "#2"},
				"south": {"uv": [1, 0.4, 16, 0.45], "texture": "#2"},
				"west": {"uv": [6, 0.65, 9, 0.7], "texture": "#2"},
				"up": {"uv": [0, 0, 3, 1], "texture": "#2"},
				"down": {"uv": [1, 0.35, 16, 0.5], "texture": "#2"}
			}
		},
		{
			"from": [4, 12, 3],
			"to": [12, 13, 13],
			"rotation": {"angle": 0, "axis": "y", "origin": [16, 20, 15]},
			"faces": {
				"north": {"uv": [9, 0.4, 16, 0.45], "texture": "#2"},
				"east": {"uv": [0, 0, 3, 1], "texture": "#2"},
				"south": {"uv": [9, 0.4, 16, 0.45], "texture": "#2"},
				"west": {"uv": [0, 0, 3, 1], "texture": "#2"},
				"up": {"uv": [0, 0, 3, 1], "texture": "#2"},
				"down": {"uv": [0, 0, 3, 1], "texture": "#2"}
			}
		},
		{
			"from": [0.5, 12, 7],
			"to": [15.5, 13, 12],
			"rotation": {"angle": 0, "axis": "y", "origin": [16, 20, 19]},
			"faces": {
				"north": {"uv": [1, 0.4, 16, 0.45], "texture": "#2"},
				"east": {"uv": [6, 0.6, 11, 0.65], "texture": "#2"},
				"south": {"uv": [1, 0.4, 16, 0.45], "texture": "#2"},
				"west": {"uv": [6, 0.65, 11, 0.7], "texture": "#2"},
				"up": {"uv": [0, 0, 5, 1], "texture": "#2"},
				"down": {"uv": [1, 0.25, 16, 0.5], "texture": "#2"}
			}
		},
		{
			"from": [0.5, 11, 4],
			"to": [15.5, 12, 5],
			"rotation": {"angle": 0, "axis": "y", "origin": [16, 19, 15]},
			"faces": {
				"north": {"uv": [1, 0.4, 16, 0.45], "texture": "#2"},
				"east": {"uv": [13, 0.6, 14, 0.65], "texture": "#2"},
				"south": {"uv": [1, 0.4, 16, 0.45], "texture": "#2"},
				"west": {"uv": [9, 0.5, 10, 0.55], "texture": "#2"},
				"up": {"uv": [0, 0, 1, 1], "texture": "#2"},
				"down": {"uv": [1, 0.4, 16, 0.45], "texture": "#2"}
			}
		},
		{
			"from": [0.5, 11, 8],
			"to": [15.5, 12, 10],
			"rotation": {"angle": 0, "axis": "y", "origin": [16, 19, 20]},
			"faces": {
				"north": {"uv": [1, 0.4, 16, 0.45], "texture": "#2"},
				"east": {"uv": [8, 0.75, 10, 0.8], "texture": "#2"},
				"south": {"uv": [1, 0.4, 16, 0.45], "texture": "#2"},
				"west": {"uv": [8, 0.75, 10, 0.8], "texture": "#2"},
				"up": {"uv": [0, 0, 12, 2], "texture": "#2"},
				"down": {"uv": [1, 0.4, 16, 0.5], "texture": "#2"}
			}
		},
		{
			"from": [5.5, 11, 0.5],
			"to": [6.5, 12, 15.5],
			"rotation": {"angle": 0, "axis": "y", "origin": [9, 19, 14]},
			"faces": {
				"north": {"uv": [14, 0.6, 15, 0.65], "texture": "#2"},
				"east": {"uv": [1, 0.4, 16, 0.45], "texture": "#2"},
				"south": {"uv": [14, 0.6, 15, 0.65], "texture": "#2"},
				"west": {"uv": [1, 0.4, 16, 0.45], "texture": "#2"},
				"up": {"uv": [0, 0, 12, 1], "texture": "#2"},
				"down": {"uv": [14, 6, 14.75, 7], "texture": "#2"}
			}
		},
		{
			"from": [9.5, 11, 0.5],
			"to": [12.5, 12, 15.5],
			"rotation": {"angle": 0, "axis": "y", "origin": [14, 19, 14]},
			"faces": {
				"north": {"uv": [4, 0.4, 7, 0.45], "texture": "#2"},
				"east": {"uv": [1, 0.4, 16, 0.45], "texture": "#2"},
				"south": {"uv": [8, 0.65, 11, 0.7], "texture": "#2"},
				"west": {"uv": [1, 0.4, 16, 0.45], "texture": "#2"},
				"up": {"uv": [0, 0, 12, 1], "texture": "#2"},
				"down": {"uv": [14, 6, 14.75, 7], "texture": "#2"}
			}
		},
		{
			"from": [10.5, 10, 0.5],
			"to": [11.5, 11, 15.5],
			"rotation": {"angle": 0, "axis": "y", "origin": [14, 18, 14]},
			"faces": {
				"north": {"uv": [13, 0.6, 14, 0.65], "texture": "#2"},
				"east": {"uv": [0, 0.5, 15, 0.55], "texture": "#2"},
				"south": {"uv": [13, 0.6, 14, 0.65], "texture": "#2"},
				"west": {"uv": [1, 0.4, 16, 0.45], "texture": "#2"},
				"up": {"uv": [0, 0, 12, 1], "texture": "#2"},
				"down": {"uv": [14, 6, 14.75, 7], "texture": "#2"}
			}
		},
		{
			"from": [9.2, 20.5, 2.5],
			"to": [11.8, 23, 3.2],
			"rotation": {"angle": 0, "axis": "y", "origin": [18, 29, 10]},
			"faces": {
				"north": {"uv": [8.25, 9, 8.75, 10], "texture": "#3"},
				"east": {"uv": [8.25, 9, 8.5, 10], "texture": "#3"},
				"south": {"uv": [8.25, 9, 8.75, 10], "texture": "#3"},
				"west": {"uv": [8.5, 9, 8.75, 10], "texture": "#3"},
				"up": {"uv": [8.25, 9, 8.75, 9.5], "texture": "#3"},
				"down": {"uv": [9.25, 9.5, 9.75, 10], "texture": "#3"}
			}
		},
		{
			"from": [4.2, 20.5, 2.5],
			"to": [6.8, 23, 3.2],
			"rotation": {"angle": 0, "axis": "y", "origin": [13, 29, 10]},
			"faces": {
				"north": {"uv": [9.25, 9, 9.75, 10], "texture": "#3"},
				"east": {"uv": [9.25, 9, 9.5, 10], "texture": "#3"},
				"south": {"uv": [9.25, 9, 9.75, 10], "texture": "#3"},
				"west": {"uv": [9.5, 9, 9.75, 10], "texture": "#3"},
				"up": {"uv": [8.25, 9, 8.75, 9.5], "texture": "#3"},
				"down": {"uv": [8.25, 9.5, 8.75, 10], "texture": "#3"}
			}
		}
	]
}