{
	"credit": "Made with Blockbench",
	"textures": {
		"0": "hats/hat/snowman/scarf",
		"1": "block/snow",
		"3": "hats/hat/snowman/orange_candle",
		"5": "block/red_wool",
		"7": "block/coal_block",
		"8": "block/oak_log",
		"particle": "hats/hat/snowman/scarf",
		"black": "block/black_wool"
	},
	"elements": [
		{
			"from": [4.9, 4.58, 1.8],
			"to": [11.1, 10.78, 8],
			"rotation": {"angle": 0, "axis": "y", "origin": [3.04, 4.58, 1.8]},
			"faces": {
				"north": {"uv": [0, 0, 16, 16], "texture": "#1"},
				"east": {"uv": [0, 0, 16, 16], "texture": "#1"},
				"south": {"uv": [0, 0, 16, 16], "texture": "#1"},
				"west": {"uv": [0, 0, 16, 16], "texture": "#1"},
				"up": {"uv": [0, 0, 16, 16], "texture": "#1"},
				"down": {"uv": [0, 0, 16, 16], "texture": "#1"}
			}
		},
		{
			"from": [5.52, 10.78, 2.42],
			"to": [10.48, 15.74, 7.38],
			"rotation": {"angle": 0, "axis": "y", "origin": [3.04, 4.58, 1.8]},
			"faces": {
				"north": {"uv": [0, 0, 16, 16], "texture": "#1"},
				"east": {"uv": [0, 0, 16, 16], "texture": "#1"},
				"south": {"uv": [0, 0, 16, 16], "texture": "#1"},
				"west": {"uv": [0, 0, 16, 16], "texture": "#1"},
				"up": {"uv": [0, 0, 16, 16], "texture": "#1"},
				"down": {"uv": [0, 0, 16, 16], "texture": "#1"}
			}
		},
		{
			"from": [5.52, 15.74, 2.42],
			"to": [10.48, 20.7, 7.38],
			"rotation": {"angle": 0, "axis": "y", "origin": [3.04, 4.58, 1.8]},
			"faces": {
				"north": {"uv": [0, 0, 16, 16], "texture": "#1"},
				"east": {"uv": [0, 0, 16, 16], "texture": "#1"},
				"south": {"uv": [0, 0, 16, 16], "texture": "#1"},
				"west": {"uv": [0, 0, 16, 16], "texture": "#1"},
				"up": {"uv": [0, 0, 16, 16], "texture": "#1"},
				"down": {"uv": [0, 0, 16, 16], "texture": "#1"}
			}
		},
		{
			"from": [5.272, 15.74, 2.172],
			"to": [10.728, 16.67, 7.628],
			"rotation": {"angle": 0, "axis": "y", "origin": [3.04, 4.58, 1.8]},
			"faces": {
				"north": {"uv": [0, 14, 16, 16], "texture": "#0"},
				"east": {"uv": [0, 0, 2, 16], "rotation": 270, "texture": "#0"},
				"south": {"uv": [0, 14, 16, 16], "texture": "#0"},
				"west": {"uv": [0, 0, 2, 16], "rotation": 270, "texture": "#0"},
				"up": {"uv": [0, 0, 16, 16], "texture": "#0"},
				"down": {"uv": [0, 0, 16, 16], "rotation": 90, "texture": "#0"}
			}
		},
		{
			"from": [5.334, 13.88, 2.1782],
			"to": [5.954, 16.36, 2.7858],
			"rotation": {"angle": -22.5, "axis": "z", "origin": [5.582, 14.5, 2.482]},
			"faces": {
				"north": {"uv": [0, 12, 1, 16], "texture": "#0"},
				"east": {"uv": [0, 12, 1, 16], "texture": "#0"},
				"south": {"uv": [0, 12, 1, 16], "texture": "#0"},
				"west": {"uv": [0, 12, 1, 16], "texture": "#0"},
				"up": {"uv": [0, 12, 2, 16], "texture": "#0"},
				"down": {"uv": [0, 14, 2, 16], "texture": "#0"}
			}
		},
		{
			"from": [5.11561, 11.5421, 2.172],
			"to": [5.73561, 14.0221, 2.792],
			"rotation": {"angle": 0, "axis": "z", "origin": [5.61161, 14.5181, 2.482]},
			"faces": {
				"north": {"uv": [0, 12, 1, 16], "texture": "#0"},
				"east": {"uv": [0, 12, 1, 16], "texture": "#0"},
				"south": {"uv": [0, 12, 1, 16], "texture": "#0"},
				"west": {"uv": [0, 12, 1, 16], "texture": "#0"},
				"up": {"uv": [0, 12, 2, 16], "texture": "#0"},
				"down": {"uv": [0, 14, 2, 16], "texture": "#0"}
			}
		},
		{
			"from": [4.652, 20.6504, 1.552],
			"to": [11.348, 21.2704, 8.248],
			"rotation": {"angle": 0, "axis": "y", "origin": [5.024, 14.5, 3.784]},
			"faces": {
				"north": {"uv": [0, 0, 16, 1], "texture": "#black", "cullface": "north"},
				"east": {"uv": [0, 0, 16, 1], "texture": "#black", "cullface": "east"},
				"south": {"uv": [0, 0, 16, 1], "texture": "#black", "cullface": "south"},
				"west": {"uv": [0, 0, 16, 1], "texture": "#black", "cullface": "west"},
				"up": {"uv": [0, 0, 16, 16], "texture": "#black", "cullface": "up"},
				"down": {"uv": [0, 0, 16, 16], "texture": "#black", "cullface": "down"}
			}
		},
		{
			"from": [5.768, 21.2704, 2.668],
			"to": [10.232, 22.0144, 7.132],
			"rotation": {"angle": 0, "axis": "y", "origin": [5.024, 14.5, 3.784]},
			"faces": {
				"north": {"uv": [0, 0, 12, 2], "texture": "#5", "cullface": "north"},
				"east": {"uv": [0, 0, 12, 2], "texture": "#5", "cullface": "north"},
				"south": {"uv": [0, 0, 12, 2], "texture": "#5", "cullface": "north"},
				"west": {"uv": [0, 0, 12, 2], "texture": "#5", "cullface": "north"},
				"up": {"uv": [0, 0, 12, 2], "texture": "#5", "cullface": "north"},
				"down": {"uv": [0, 0, 12, 2], "texture": "#5", "cullface": "north"}
			}
		},
		{
			"from": [5.768, 22.0144, 2.668],
			"to": [10.232, 27.2224, 7.132],
			"rotation": {"angle": 0, "axis": "y", "origin": [5.024, 14.5, 3.784]},
			"faces": {
				"north": {"uv": [0, 0, 12, 14], "texture": "#black", "cullface": "north"},
				"east": {"uv": [0, 0, 12, 14], "texture": "#black", "cullface": "east"},
				"south": {"uv": [0, 0, 12, 14], "texture": "#black", "cullface": "south"},
				"west": {"uv": [0, 0, 12, 14], "texture": "#black", "cullface": "west"},
				"up": {"uv": [0, 0, 12, 12], "texture": "#black", "cullface": "up"}
			}
		},
		{
			"from": [6.45, 19.088, 1.8],
			"to": [7.38, 20.018, 2.42],
			"rotation": {"angle": 0, "axis": "y", "origin": [3.04, 14.5, 1.8]},
			"faces": {
				"north": {"uv": [0, 0, 4, 4], "texture": "#7"},
				"east": {"uv": [2, 0, 4, 4], "texture": "#7"},
				"south": {"uv": [0, 0, 1, 1], "texture": "#black"},
				"west": {"uv": [2, 0, 4, 4], "texture": "#7"},
				"up": {"uv": [0, 2, 4, 4], "texture": "#7"},
				"down": {"uv": [0, 2, 4, 4], "texture": "#7"}
			}
		},
		{
			"from": [8.186, 16.856, 2.11],
			"to": [8.806, 17.476, 2.73],
			"rotation": {"angle": 0, "axis": "y", "origin": [3.04, 14.5, 1.8]},
			"faces": {
				"north": {"uv": [0, 0, 4, 4], "texture": "#7"},
				"east": {"uv": [2, 0, 4, 4], "texture": "#7"},
				"south": {"uv": [0, 0, 1, 1], "texture": "#black"},
				"west": {"uv": [2, 0, 4, 4], "texture": "#7"},
				"up": {"uv": [0, 2, 4, 4], "texture": "#7"},
				"down": {"uv": [0, 2, 4, 4], "texture": "#7"}
			}
		},
		{
			"from": [9.178, 17.104, 2.11],
			"to": [9.798, 17.724, 2.73],
			"rotation": {"angle": 0, "axis": "y", "origin": [3.04, 14.5, 1.8]},
			"faces": {
				"north": {"uv": [0, 0, 4, 4], "texture": "#7"},
				"east": {"uv": [2, 0, 4, 4], "texture": "#7"},
				"south": {"uv": [0, 0, 1, 1], "texture": "#black"},
				"west": {"uv": [2, 0, 4, 4], "texture": "#7"},
				"up": {"uv": [0, 2, 4, 4], "texture": "#7"},
				"down": {"uv": [0, 2, 4, 4], "texture": "#7"}
			}
		},
		{
			"from": [6.264, 17.104, 2.11],
			"to": [6.884, 17.724, 2.73],
			"rotation": {"angle": 0, "axis": "y", "origin": [3.04, 14.5, 1.8]},
			"faces": {
				"north": {"uv": [0, 0, 4, 4], "texture": "#7"},
				"east": {"uv": [2, 0, 4, 4], "texture": "#7"},
				"south": {"uv": [0, 0, 1, 1], "texture": "#black"},
				"west": {"uv": [2, 0, 4, 4], "texture": "#7"},
				"up": {"uv": [0, 2, 4, 4], "texture": "#7"},
				"down": {"uv": [0, 2, 4, 4], "texture": "#7"}
			}
		},
		{
			"from": [7.194, 16.856, 2.11],
			"to": [7.814, 17.476, 2.73],
			"rotation": {"angle": 0, "axis": "y", "origin": [3.04, 14.5, 1.8]},
			"faces": {
				"north": {"uv": [0, 0, 4, 4], "texture": "#7"},
				"east": {"uv": [2, 0, 4, 4], "texture": "#7"},
				"south": {"uv": [0, 0, 1, 1], "texture": "#black"},
				"west": {"uv": [2, 0, 4, 4], "texture": "#7"},
				"up": {"uv": [0, 2, 4, 4], "texture": "#7"},
				"down": {"uv": [0, 2, 4, 4], "texture": "#7"}
			}
		},
		{
			"from": [7.69, 14.19, 2.11],
			"to": [8.31, 14.81, 2.73],
			"rotation": {"angle": 0, "axis": "y", "origin": [3.04, 14.5, 1.8]},
			"faces": {
				"north": {"uv": [0, 0, 4, 4], "texture": "#7"},
				"east": {"uv": [2, 0, 4, 4], "texture": "#7"},
				"south": {"uv": [0, 0, 1, 1], "texture": "#black"},
				"west": {"uv": [2, 0, 4, 4], "texture": "#7"},
				"up": {"uv": [0, 2, 4, 4], "texture": "#7"},
				"down": {"uv": [0, 2, 4, 4], "texture": "#7"}
			}
		},
		{
			"from": [7.69, 12.33, 2.11],
			"to": [8.31, 12.95, 2.73],
			"rotation": {"angle": 0, "axis": "y", "origin": [3.04, 14.5, 1.8]},
			"faces": {
				"north": {"uv": [0, 0, 4, 4], "texture": "#7"},
				"east": {"uv": [2, 0, 4, 4], "texture": "#7"},
				"south": {"uv": [0, 0, 1, 1], "texture": "#black"},
				"west": {"uv": [2, 0, 4, 4], "texture": "#7"},
				"up": {"uv": [0, 2, 4, 4], "texture": "#7"},
				"down": {"uv": [0, 2, 4, 4], "texture": "#7"}
			}
		},
		{
			"from": [7.69, 9.23, 1.49],
			"to": [8.31, 9.85, 2.11],
			"rotation": {"angle": 0, "axis": "y", "origin": [3.04, 14.5, 1.8]},
			"faces": {
				"north": {"uv": [0, 0, 4, 4], "texture": "#7"},
				"east": {"uv": [2, 0, 4, 4], "texture": "#7"},
				"south": {"uv": [0, 0, 1, 1], "texture": "#black"},
				"west": {"uv": [2, 0, 4, 4], "texture": "#7"},
				"up": {"uv": [0, 2, 4, 4], "texture": "#7"},
				"down": {"uv": [0, 2, 4, 4], "texture": "#7"}
			}
		},
		{
			"from": [7.69, 7.37, 1.49],
			"to": [8.31, 7.99, 2.11],
			"rotation": {"angle": 0, "axis": "y", "origin": [3.04, 14.5, 1.8]},
			"faces": {
				"north": {"uv": [0, 0, 4, 4], "texture": "#7"},
				"east": {"uv": [2, 0, 4, 4], "texture": "#7"},
				"south": {"uv": [0, 0, 1, 1], "texture": "#black"},
				"west": {"uv": [2, 0, 4, 4], "texture": "#7"},
				"up": {"uv": [0, 2, 4, 4], "texture": "#7"},
				"down": {"uv": [0, 2, 4, 4], "texture": "#7"}
			}
		},
		{
			"from": [7.69, 5.51, 1.49],
			"to": [8.31, 6.13, 2.11],
			"rotation": {"angle": 0, "axis": "y", "origin": [3.04, 14.5, 1.8]},
			"faces": {
				"north": {"uv": [0, 0, 4, 4], "texture": "#7"},
				"east": {"uv": [2, 0, 4, 4], "texture": "#7"},
				"south": {"uv": [0, 0, 1, 1], "texture": "#black"},
				"west": {"uv": [2, 0, 4, 4], "texture": "#7"},
				"up": {"uv": [0, 2, 4, 4], "texture": "#7"},
				"down": {"uv": [0, 2, 4, 4], "texture": "#7"}
			}
		},
		{
			"from": [8.62, 19.088, 1.8],
			"to": [9.55, 20.018, 2.42],
			"rotation": {"angle": 0, "axis": "y", "origin": [3.04, 14.5, 1.8]},
			"faces": {
				"north": {"uv": [0, 0, 4, 4], "texture": "#7"},
				"east": {"uv": [2, 0, 4, 4], "texture": "#7"},
				"south": {"uv": [0, 0, 1, 1], "texture": "#black"},
				"west": {"uv": [2, 0, 4, 4], "texture": "#7"},
				"up": {"uv": [0, 2, 4, 4], "texture": "#7"},
				"down": {"uv": [0, 2, 4, 4], "texture": "#7"}
			}
		},
		{
			"from": [7.442, 17.848, 1.924],
			"to": [8.558, 18.964, 3.04],
			"rotation": {"angle": 0, "axis": "y", "origin": [3.536, 14.5, 2.296]},
			"faces": {
				"north": {"uv": [0, 14, 2, 16], "texture": "#3"},
				"east": {"uv": [0, 12, 2, 14], "texture": "#3"},
				"south": {"uv": [0, 0, 2, 2], "texture": "#missing"},
				"west": {"uv": [0, 12, 2, 14], "rotation": 270, "texture": "#3"},
				"up": {"uv": [0, 12, 2, 14], "texture": "#3"},
				"down": {"uv": [0, 12, 2, 14], "rotation": 90, "texture": "#3"}
			}
		},
		{
			"from": [7.5536, 17.9038, 0.25],
			"to": [8.4464, 18.7966, 1.924],
			"rotation": {"angle": 0, "axis": "y", "origin": [3.536, 14.5, 2.296]},
			"faces": {
				"north": {"uv": [0, 10, 2, 12], "rotation": 180, "texture": "#3"},
				"east": {"uv": [0, 10, 2, 13], "texture": "#3"},
				"south": {"uv": [3, 2, 4.6, 5], "texture": "#3"},
				"west": {"uv": [0, 10, 2, 13], "rotation": 180, "texture": "#3"},
				"up": {"uv": [0, 10, 2, 13], "texture": "#3"},
				"down": {"uv": [0, 10, 2, 13], "rotation": 180, "texture": "#3"}
			}
		},
		{
			"from": [7.6652, 17.9596, -1.424],
			"to": [8.3348, 18.6292, 0.25],
			"rotation": {"angle": 0, "axis": "y", "origin": [3.536, 14.5, 2.296]},
			"faces": {
				"north": {"uv": [0, 8, 2, 10], "texture": "#3"},
				"east": {"uv": [0, 8, 2, 12], "rotation": 90, "texture": "#3"},
				"south": {"uv": [0, 0, 3, 1.2], "texture": "#3"},
				"west": {"uv": [0, 8, 2, 12], "rotation": 270, "texture": "#3"},
				"up": {"uv": [0, 8, 2, 12], "texture": "#3"},
				"down": {"uv": [0, 8, 2, 12], "texture": "#3"}
			}
		},
		{
			"from": [0.436, 13.074, 4.59],
			"to": [6.016, 13.694, 5.21],
			"rotation": {"angle": 22.5, "axis": "z", "origin": [3.04, 14.5, 1.8]},
			"faces": {
				"north": {"uv": [0, 0, 16, 4], "rotation": 180, "texture": "#8"},
				"east": {"uv": [0, 0, 2, 16], "texture": "#8"},
				"south": {"uv": [0, 0, 16, 4], "rotation": 180, "texture": "#8"},
				"west": {"uv": [0, 0, 4, 4], "rotation": 180, "texture": "#8"},
				"up": {"uv": [0, 0, 16, 4], "rotation": 180, "texture": "#8"},
				"down": {"uv": [0, 0, 16, 4], "rotation": 180, "texture": "#8"}
			}
		},
		{
			"from": [1.366, 13.136, 4.5962],
			"to": [3.536, 13.756, 5.2038],
			"rotation": {"angle": -22.5, "axis": "z", "origin": [3.04, 14.5, 1.8]},
			"faces": {
				"north": {"uv": [0, 0, 8, 4], "rotation": 180, "texture": "#8"},
				"east": {"uv": [0, 0, 2, 16], "texture": "#8"},
				"south": {"uv": [0, 0, 16, 4], "rotation": 180, "texture": "#8"},
				"west": {"uv": [0, 0, 4, 4], "rotation": 180, "texture": "#8"},
				"up": {"uv": [0, 0, 16, 4], "rotation": 180, "texture": "#8"},
				"down": {"uv": [0, 0, 16, 4], "rotation": 180, "texture": "#8"}
			}
		},
		{
			"from": [9.67041, 12.94228, 4.59],
			"to": [15.25041, 13.56228, 5.21],
			"rotation": {"angle": -22.5, "axis": "z", "origin": [13.1343, 13.64588, 4.9]},
			"faces": {
				"north": {"uv": [16, 0, 0, 4], "rotation": 180, "texture": "#8"},
				"east": {"uv": [4, 0, 0, 4], "rotation": 180, "texture": "#8"},
				"south": {"uv": [16, 0, 0, 4], "rotation": 180, "texture": "#8"},
				"west": {"uv": [2, 0, 0, 16], "texture": "#8"},
				"up": {"uv": [16, 0, 0, 4], "rotation": 180, "texture": "#8"},
				"down": {"uv": [16, 0, 0, 4], "rotation": 180, "texture": "#8"}
			}
		},
		{
			"from": [12.99013, 12.51769, 4.5962],
			"to": [14.54013, 12.95169, 5.0798],
			"rotation": {"angle": 45, "axis": "z", "origin": [13.1343, 13.64588, 4.9]},
			"faces": {
				"north": {"uv": [8, 0, 0, 4], "rotation": 180, "texture": "#8"},
				"east": {"uv": [4, 0, 0, 4], "rotation": 180, "texture": "#8"},
				"south": {"uv": [16, 0, 0, 4], "rotation": 180, "texture": "#8"},
				"west": {"uv": [2, 0, 0, 16], "texture": "#8"},
				"up": {"uv": [16, 0, 0, 4], "rotation": 180, "texture": "#8"},
				"down": {"uv": [16, 0, 0, 4], "rotation": 180, "texture": "#8"}
			}
		},
		{
			"from": [0, 2.5, -3],
			"to": [16, 4.5, 13],
			"rotation": {"angle": 0, "axis": "y", "origin": [0, 7, 0]},
			"faces": {
				"north": {"uv": [0, 0, 16, 16], "texture": "#1"},
				"east": {"uv": [0, 0, 16, 16], "texture": "#1"},
				"south": {"uv": [0, 0, 16, 16], "texture": "#1"},
				"west": {"uv": [0, 0, 16, 16], "texture": "#1"},
				"up": {"uv": [0, 0, 16, 16], "texture": "#1"},
				"down": {"uv": [0, 0, 16, 16], "texture": "#1"}
			}
		}
	],
	"display": {
		"thirdperson_righthand": {
			"translation": [0, 2.75, 3.5],
			"scale": [0.5, 0.5, 0.5]
		},
		"thirdperson_lefthand": {
			"translation": [0, 2.75, 3.5],
			"scale": [0.5, 0.5, 0.5]
		},
		"firstperson_righthand": {
			"scale": [0.75, 0.75, 0.75]
		},
		"firstperson_lefthand": {
			"scale": [0.75, 0.75, 0.75]
		},
		"ground": {
			"scale": [0.5, 0.5, 0.5]
		},
		"gui": {
			"rotation": [23, -148, 0],
			"translation": [-1, -2, 0],
			"scale": [0.55, 0.55, 0.55]
		},
		"head": {
			"translation": [0, 10.75, 3]
		},
		"fixed": {
			"translation": [0, -5, 0.75],
			"scale": [0.75, 0.75, 0.75]
		}
	},
	"groups": [
		0,
		1,
		2,
		3,
		4,
		5,
		{
			"name": "tophat",
			"origin": [8, 8, 8],
			"color": 0,
			"children": [6, 7, 8]
		},
		9,
		10,
		11,
		12,
		13,
		14,
		15,
		16,
		17,
		18,
		19,
		{
			"name": "Snowman",
			"origin": [8, 8, 8],
			"color": 0,
			"children": [
				20,
				21,
				22,
				{
					"name": "tophat",
					"origin": [8, 8, 8],
					"color": 0,
					"children": []
				}
			]
		},
		23,
		24,
		25,
		26,
		27
	]
}