{
	"credit": "Made with Blockbench",
	"texture_size": [32, 16],
	"textures": {
		"1": "hats/hat/soldier"
	},
	"elements": [
		{
			"from": [0, 1, 5],
			"to": [1, 7, 8],
			"rotation": {"angle": 0, "axis": "y", "origin": [8, 3, 15]},
			"faces": {
				"north": {"uv": [11, 2, 11.5, 10], "texture": "#1"},
				"east": {"uv": [11, 2, 13.5, 10], "texture": "#1"},
				"south": {"uv": [11, 2, 11.5, 10], "texture": "#1"},
				"west": {"uv": [11, 2, 12, 10], "texture": "#1"},
				"up": {"uv": [0, 0, 0.5, 2], "texture": "#missing"},
				"down": {"uv": [11, 2, 11.5, 10], "texture": "#1"}
			}
		},
		{
			"from": [0.5, 0, 5],
			"to": [6.5, 1, 8],
			"rotation": {"angle": 0, "axis": "y", "origin": [8, 3, 15]},
			"faces": {
				"north": {"uv": [11, 2, 13.5, 3], "texture": "#1"},
				"east": {"uv": [11, 2, 12, 3], "texture": "#1"},
				"south": {"uv": [11, 2, 13.5, 3], "texture": "#1"},
				"west": {"uv": [11, 2, 12, 3], "texture": "#1"},
				"up": {"uv": [11, 2, 13.5, 4], "texture": "#1"},
				"down": {"uv": [11, 2, 13.5, 4], "texture": "#1"}
			}
		},
		{
			"from": [9.5, 0, 5],
			"to": [15.5, 1, 8],
			"rotation": {"angle": 0, "axis": "y", "origin": [8, 3, 15]},
			"faces": {
				"north": {"uv": [11, 2, 13.5, 3], "texture": "#1"},
				"east": {"uv": [11, 2, 12, 3], "texture": "#1"},
				"south": {"uv": [11, 2, 13.5, 3], "texture": "#1"},
				"west": {"uv": [11, 2, 12, 3], "texture": "#1"},
				"up": {"uv": [11, 2, 13.5, 4], "texture": "#1"},
				"down": {"uv": [11, 2, 13.5, 4], "texture": "#1"}
			}
		},
		{
			"from": [6.5, 0, 5],
			"to": [9.5, 1, 8],
			"rotation": {"angle": 0, "axis": "y", "origin": [8, 3, 15]},
			"faces": {
				"north": {"uv": [9, 11, 10.5, 13], "texture": "#1"},
				"east": {"uv": [9, 11, 10.5, 13], "texture": "#1"},
				"south": {"uv": [9, 11, 10.5, 13], "texture": "#1"},
				"west": {"uv": [9, 11, 10.5, 13], "texture": "#1"},
				"up": {"uv": [9, 11, 10.5, 13], "texture": "#1"},
				"down": {"uv": [9, 11, 10.5, 13], "texture": "#1"}
			}
		},
		{
			"from": [15, 1, 5],
			"to": [16, 7, 8],
			"rotation": {"angle": 0, "axis": "y", "origin": [22, 3, 15]},
			"faces": {
				"north": {"uv": [11, 2, 11.5, 10], "texture": "#1"},
				"east": {"uv": [11, 2, 12, 10], "texture": "#1"},
				"south": {"uv": [11, 2, 11.5, 10], "texture": "#1"},
				"west": {"uv": [12.5, 2, 13.5, 10], "texture": "#1"},
				"up": {"uv": [3, 0, 8, 1], "texture": "#1"},
				"down": {"uv": [11, 2, 11.5, 10], "texture": "#1"}
			}
		},
		{
			"from": [-1, 7, 2],
			"to": [1, 15, 16],
			"rotation": {"angle": 0, "axis": "y", "origin": [8, 16, 10]},
			"faces": {
				"north": {"uv": [2.5, 8, 3, 12], "texture": "#1"},
				"east": {"uv": [4, 2, 6.5, 4], "texture": "#1"},
				"south": {"uv": [2.5, 8, 3, 12], "texture": "#1"},
				"west": {"uv": [3, 0, 8, 4], "texture": "#1"},
				"up": {"uv": [4.5, 0, 5, 10], "texture": "#1"},
				"down": {"uv": [7, 2, 7.5, 10], "texture": "#1"}
			}
		},
		{
			"from": [15, 7, 2],
			"to": [17, 15, 16],
			"rotation": {"angle": 0, "axis": "y", "origin": [22, 15, 9]},
			"faces": {
				"north": {"uv": [2.5, 8, 3, 12], "texture": "#1"},
				"east": {"uv": [3, 0, 8, 4], "texture": "#1"},
				"south": {"uv": [2.5, 8, 3, 12], "texture": "#1"},
				"west": {"uv": [4.5, 1, 7, 3], "texture": "#1"},
				"up": {"uv": [4.5, 0, 5, 10], "texture": "#1"},
				"down": {"uv": [4.5, 1, 5, 9], "texture": "#1"}
			}
		},
		{
			"from": [15, 15, 2],
			"to": [16, 16, 16],
			"rotation": {"angle": 0, "axis": "y", "origin": [22, 15, 9]},
			"faces": {
				"north": {"uv": [4.5, 0, 5, 1], "texture": "#1"},
				"east": {"uv": [4.5, 0, 5, 10], "texture": "#1"},
				"south": {"uv": [4.5, 0, 5, 1], "texture": "#1"},
				"west": {"uv": [4.5, 0, 5, 10], "texture": "#1"},
				"up": {"uv": [4.5, 0, 5, 10], "texture": "#1"},
				"down": {"uv": [4.5, 0, 5, 10], "texture": "#1"}
			}
		},
		{
			"from": [1, 15, 16],
			"to": [15, 16, 17],
			"rotation": {"angle": 0, "axis": "y", "origin": [22, 15, 9]},
			"faces": {
				"north": {"uv": [3, 9, 8, 10], "texture": "#1"},
				"east": {"uv": [3, 9, 3.5, 10], "texture": "#1"},
				"south": {"uv": [3, 9, 8, 10], "texture": "#1"},
				"west": {"uv": [3, 9, 3.5, 10], "texture": "#1"},
				"up": {"uv": [3, 9, 8, 10], "texture": "#1"},
				"down": {"uv": [3, 9, 8, 10], "texture": "#1"}
			}
		},
		{
			"from": [1, 15, 1],
			"to": [15, 16, 2],
			"rotation": {"angle": 0, "axis": "y", "origin": [22, 15, 9]},
			"faces": {
				"north": {"uv": [3, 9, 8, 10], "texture": "#1"},
				"east": {"uv": [3, 9, 3.5, 10], "texture": "#1"},
				"south": {"uv": [3, 9, 8, 10], "texture": "#1"},
				"west": {"uv": [3, 9, 3.5, 10], "texture": "#1"},
				"up": {"uv": [3, 9, 8, 10], "texture": "#1"},
				"down": {"uv": [3, 9, 8, 10], "texture": "#1"}
			}
		},
		{
			"from": [0, 15, 2],
			"to": [1, 16, 16],
			"rotation": {"angle": 0, "axis": "y", "origin": [22, 15, 9]},
			"faces": {
				"north": {"uv": [4.5, 0, 5, 1], "texture": "#1"},
				"east": {"uv": [4.5, 0, 5, 10], "texture": "#1"},
				"south": {"uv": [4.5, 0, 5, 1], "texture": "#1"},
				"west": {"uv": [4.5, 0, 5, 10], "texture": "#1"},
				"up": {"uv": [4.5, 0, 5, 10], "texture": "#1"},
				"down": {"uv": [4.5, 0, 5, 10], "texture": "#1"}
			}
		},
		{
			"from": [0, 7, 15],
			"to": [16, 15, 18],
			"rotation": {"angle": 0, "axis": "y", "origin": [10, 16, 23]},
			"faces": {
				"north": {"uv": [3.5, 1, 6, 5], "texture": "#1"},
				"east": {"uv": [3, 0, 3.5, 2], "texture": "#1"},
				"south": {"uv": [3, 0, 6, 4], "texture": "#1"},
				"west": {"uv": [3, 0, 3.5, 2], "texture": "#1"},
				"up": {"uv": [3, 0, 6, 1], "texture": "#1"},
				"down": {"uv": [4, 1, 6.5, 2], "texture": "#1"}
			}
		},
		{
			"from": [0, 8, 0],
			"to": [16, 15, 2],
			"rotation": {"angle": 0, "axis": "y", "origin": [8, 16, 8]},
			"faces": {
				"north": {"uv": [4, 5, 6.5, 7], "texture": "#1"},
				"east": {"uv": [4, 5, 6.5, 7], "texture": "#1"},
				"south": {"uv": [4, 5, 6.5, 7], "texture": "#1"},
				"west": {"uv": [4, 5, 6.5, 7], "texture": "#1"},
				"up": {"uv": [4, 5, 6.5, 7], "texture": "#1"},
				"down": {"uv": [4, 5, 6.5, 7], "texture": "#1"}
			}
		},
		{
			"from": [1, 15, 2],
			"to": [15, 17, 16],
			"rotation": {"angle": 0, "axis": "y", "origin": [9, 23, 10]},
			"faces": {
				"north": {"uv": [3, 2, 8, 4], "texture": "#1"},
				"east": {"uv": [4, 2, 9, 4], "texture": "#1"},
				"south": {"uv": [3, 2, 8, 4], "texture": "#1"},
				"west": {"uv": [4, 2, 9, 4], "texture": "#1"},
				"up": {"uv": [3, 0, 8, 10], "texture": "#1"},
				"down": {"uv": [4.5, 6, 7, 10], "texture": "#1"}
			}
		}
	],
	"display": {
		"thirdperson_righthand": {
			"rotation": [90, 0, 0],
			"translation": [0, -1.5, -4.5],
			"scale": [0.5, 0.5, 0.5]
		},
		"thirdperson_lefthand": {
			"rotation": [90, 0, 0],
			"translation": [0, -1.5, -4.5],
			"scale": [0.5, 0.5, 0.5]
		},
		"firstperson_righthand": {
			"scale": [0.5, 0.5, 0.5]
		},
		"firstperson_lefthand": {
			"scale": [0.5, 0.5, 0.5]
		},
		"ground": {
			"translation": [0, 2.75, 0],
			"scale": [0.5, 0.5, 0.5]
		},
		"gui": {
			"rotation": [20, -165, 0],
			"scale": [0.625, 0.625, 0.625]
		},
		"head": {
			"translation": [0, 0.25, -1],
			"scale": [0.91, 0.95, 1]
		},
		"fixed": {
			"scale": [0.5, 0.5, 0.5]
		}
	}
}