{
	"credit": "Made with Blockbench",
	"texture_size": [64, 64],
	"textures": {
		"2": "hats/hat/sombrero/sombrerobeige",
		"particle": "hats/hat/sombrero/sombrerobeige"
	},
	"elements": [
		{
			"from": [1, 8, 1],
			"to": [15, 9, 15],
			"faces": {
				"north": {"uv": [6.25, 8.5, 9.75, 8.75], "texture": "#2"},
				"east": {"uv": [6.25, 8.75, 9.75, 9], "texture": "#2"},
				"south": {"uv": [0, 9, 3.5, 9.25], "texture": "#2"},
				"west": {"uv": [5, 9, 8.5, 9.25], "texture": "#2"},
				"up": {"uv": [3.5, 3.5, 0, 0], "texture": "#2"},
				"down": {"uv": [3.5, 3.5, 0, 7], "texture": "#2"}
			}
		},
		{
			"from": [3.75, 9, 3.75],
			"to": [12.25, 13, 12.25],
			"faces": {
				"north": {"uv": [0, 7, 2, 8], "texture": "#2"},
				"east": {"uv": [7.5, 0, 9.5, 1], "texture": "#2"},
				"south": {"uv": [7.5, 1, 9.5, 2], "texture": "#2"},
				"west": {"uv": [7.75, 5, 9.75, 6], "texture": "#2"},
				"up": {"uv": [5.5, 2, 3.5, 0], "texture": "#2"},
				"down": {"uv": [5.5, 2, 3.5, 4], "texture": "#2"}
			}
		},
		{
			"from": [5, 10, 5],
			"to": [11, 14, 11],
			"faces": {
				"north": {"uv": [2, 7, 3.5, 8], "texture": "#2"},
				"east": {"uv": [7.75, 6, 9.25, 7], "texture": "#2"},
				"south": {"uv": [7.75, 7, 9.25, 8], "texture": "#2"},
				"west": {"uv": [0, 8, 1.5, 9], "texture": "#2"},
				"up": {"uv": [7.75, 6.5, 6.25, 5], "texture": "#2"},
				"down": {"uv": [7.75, 6.5, 6.25, 8], "texture": "#2"}
			}
		},
		{
			"from": [3.68, 9, 3.68],
			"to": [12.33, 11, 12.28],
			"faces": {
				"north": {"uv": [1.5, 8, 3.5, 8.5], "texture": "#2"},
				"east": {"uv": [6.25, 8, 8.25, 8.5], "texture": "#2"},
				"south": {"uv": [8.25, 8, 10.25, 8.5], "texture": "#2"},
				"west": {"uv": [1.5, 8.5, 3.5, 9], "texture": "#2"},
				"up": {"uv": [5.5, 6, 3.5, 4], "texture": "#2"},
				"down": {"uv": [7.5, 0, 5.5, 2], "texture": "#2"}
			}
		},
		{
			"from": [14.06066, 9.26777, 1],
			"to": [17.06066, 10.26777, 15],
			"rotation": {"angle": 45, "axis": "z", "origin": [16.06066, 9.76777, 8]},
			"faces": {
				"north": {"uv": [9.25, 7.75, 10, 8], "texture": "#2"},
				"east": {"uv": [5, 9.25, 8.5, 9.5], "texture": "#2"},
				"south": {"uv": [8.5, 9.25, 9.25, 9.5], "texture": "#2"},
				"west": {"uv": [9.25, 6, 12.75, 6.25], "texture": "#2"},
				"up": {"uv": [4.25, 9.5, 3.5, 6], "texture": "#2"},
				"down": {"uv": [5, 6, 4.25, 9.5], "texture": "#2"}
			}
		},
		{
			"from": [-1.06066, 9.26777, 1],
			"to": [1.93934, 10.26777, 15],
			"rotation": {"angle": -45, "axis": "z", "origin": [-0.06066, 9.76777, 8]},
			"faces": {
				"north": {"uv": [9.25, 7.25, 10, 7.5], "texture": "#2"},
				"east": {"uv": [8.5, 9, 12, 9.25], "texture": "#2"},
				"south": {"uv": [9.25, 7.5, 10, 7.75], "texture": "#2"},
				"west": {"uv": [0, 9.25, 3.5, 9.5], "texture": "#2"},
				"up": {"uv": [6.25, 5.5, 5.5, 2], "texture": "#2"},
				"down": {"uv": [6.25, 5.5, 5.5, 9], "texture": "#2"}
			}
		},
		{
			"from": [1, 8.91421, -1.20711],
			"to": [15, 9.91421, 1.79289],
			"rotation": {"angle": 45, "axis": "x", "origin": [8, 9.41421, 0.29289]},
			"faces": {
				"north": {"uv": [9.25, 6.75, 12.75, 7], "texture": "#2"},
				"east": {"uv": [9.5, 0, 10.25, 0.25], "texture": "#2"},
				"south": {"uv": [9.25, 7, 12.75, 7.25], "texture": "#2"},
				"west": {"uv": [9.5, 0.25, 10.25, 0.5], "texture": "#2"},
				"up": {"uv": [9.75, 4.25, 6.25, 3.5], "texture": "#2"},
				"down": {"uv": [9.75, 4.25, 6.25, 5], "texture": "#2"}
			}
		},
		{
			"from": [1, 3.56802, 11.69975],
			"to": [15, 4.56802, 14.69975],
			"rotation": {"angle": -45, "axis": "x", "origin": [8, 9.76777, 8]},
			"faces": {
				"north": {"uv": [9.25, 6.25, 12.75, 6.5], "texture": "#2"},
				"east": {"uv": [9.25, 9.25, 10, 9.5], "texture": "#2"},
				"south": {"uv": [9.25, 6.5, 12.75, 6.75], "texture": "#2"},
				"west": {"uv": [0, 9.5, 0.75, 9.75], "texture": "#2"},
				"up": {"uv": [9.75, 2.75, 6.25, 2], "texture": "#2"},
				"down": {"uv": [9.75, 2.75, 6.25, 3.5], "texture": "#2"}
			}
		}
	],
	"gui_light": "front",
	"display": {
		"thirdperson_righthand": {
			"rotation": [0, 0, -90],
			"translation": [-1.75, -2, -5],
			"scale": [0.65, 0.65, 0.65]
		},
		"thirdperson_lefthand": {
			"rotation": [0, 0, -90],
			"translation": [-1.75, -2, -5],
			"scale": [0.65, 0.65, 0.65]
		},
		"firstperson_righthand": {
			"rotation": [-5, -65, 13],
			"translation": [0.5, 0, -0.5],
			"scale": [0.75, 0.75, 0.75]
		},
		"firstperson_lefthand": {
			"rotation": [-5, -65, 13],
			"translation": [0.5, 0, -0.5],
			"scale": [0.75, 0.75, 0.75]
		},
		"ground": {
			"scale": [0.75, 0.75, 0.75]
		},
		"gui": {
			"rotation": [21, -27, 0],
			"translation": [0, -1.5, 0],
			"scale": [0.7, 0.7, 0.7]
		},
		"head": {
			"translation": [0, 2.5, 0],
			"scale": [1.78, 1.78, 1.78]
		},
		"fixed": {
			"rotation": [-90, 0, 0],
			"translation": [0, 0, 0.5],
			"scale": [1.49, 1.49, 1.49]
		}
	},
	"groups": [
		{
			"name": "group",
			"origin": [8, 9.76777, 8],
			"color": 0,
			"children": [0, 1, 2, 3, 4, 5, 6, 7]
		}
	]
}