{
	"credit": "Made with Blockbench",
	"textures": {
		"1": "block/black_wool",
		"3": "block/gold_block",
		"particle": "block/gold_block"
	},
	"elements": [
		{
			"from": [12, -7, 0],
			"to": [13, -6, 1],
			"rotation": {"angle": 0, "axis": "y", "origin": [8, 1, 4]},
			"faces": {
				"north": {"uv": [13, 15, 12, 16], "texture": "#3"},
				"east": {"uv": [13, 15, 12, 16], "texture": "#3"},
				"south": {"uv": [13, 15, 12, 16], "texture": "#3"},
				"west": {"uv": [13, 15, 12, 16], "texture": "#3"},
				"up": {"uv": [13, 15, 12, 16], "texture": "#3"},
				"down": {"uv": [13, 15, 12, 16], "texture": "#3"}
			}
		},
		{
			"from": [3, -7, 0],
			"to": [4, -6, 1],
			"rotation": {"angle": 0, "axis": "y", "origin": [8, 1, 4]},
			"faces": {
				"north": {"uv": [13, 15, 12, 16], "texture": "#3"},
				"east": {"uv": [13, 15, 12, 16], "texture": "#3"},
				"south": {"uv": [13, 15, 12, 16], "texture": "#3"},
				"west": {"uv": [13, 15, 12, 16], "texture": "#3"},
				"up": {"uv": [13, 15, 12, 16], "texture": "#3"},
				"down": {"uv": [13, 15, 12, 16], "texture": "#3"}
			}
		},
		{
			"from": [11, -6, 0],
			"to": [13, -5, 1],
			"rotation": {"angle": 0, "axis": "y", "origin": [8, 1, 4]},
			"faces": {
				"north": {"uv": [13, 15, 12, 16], "texture": "#3"},
				"east": {"uv": [13, 15, 12, 16], "texture": "#3"},
				"south": {"uv": [13, 15, 12, 16], "texture": "#3"},
				"west": {"uv": [13, 15, 12, 16], "texture": "#3"},
				"up": {"uv": [13, 15, 12, 16], "texture": "#3"},
				"down": {"uv": [13, 15, 12, 16], "texture": "#3"}
			}
		},
		{
			"from": [3, -6, 0],
			"to": [5, -5, 1],
			"rotation": {"angle": 0, "axis": "y", "origin": [8, 1, 4]},
			"faces": {
				"north": {"uv": [13, 15, 12, 16], "texture": "#3"},
				"east": {"uv": [13, 15, 12, 16], "texture": "#3"},
				"south": {"uv": [13, 15, 12, 16], "texture": "#3"},
				"west": {"uv": [13, 15, 12, 16], "texture": "#3"},
				"up": {"uv": [13, 15, 12, 16], "texture": "#3"},
				"down": {"uv": [13, 15, 12, 16], "texture": "#3"}
			}
		},
		{
			"from": [10, -5, 0],
			"to": [13, -4, 1],
			"rotation": {"angle": 0, "axis": "y", "origin": [8, 1, 4]},
			"faces": {
				"north": {"uv": [13, 15, 12, 16], "texture": "#3"},
				"east": {"uv": [13, 15, 12, 16], "texture": "#3"},
				"south": {"uv": [13, 15, 12, 16], "texture": "#3"},
				"west": {"uv": [13, 15, 12, 16], "texture": "#3"},
				"up": {"uv": [13, 15, 12, 16], "texture": "#3"},
				"down": {"uv": [13, 15, 12, 16], "texture": "#3"}
			}
		},
		{
			"from": [3, -5, 0],
			"to": [6, -4, 1],
			"rotation": {"angle": 0, "axis": "y", "origin": [8, 1, 4]},
			"faces": {
				"north": {"uv": [13, 15, 12, 16], "texture": "#3"},
				"east": {"uv": [13, 15, 12, 16], "texture": "#3"},
				"south": {"uv": [13, 15, 12, 16], "texture": "#3"},
				"west": {"uv": [13, 15, 12, 16], "texture": "#3"},
				"up": {"uv": [13, 15, 12, 16], "texture": "#3"},
				"down": {"uv": [13, 15, 12, 16], "texture": "#3"}
			}
		},
		{
			"from": [10, -2, -1],
			"to": [11, 2, 0],
			"rotation": {"angle": 0, "axis": "y", "origin": [8, 3, 3]},
			"faces": {
				"north": {"uv": [13, 15, 12, 16], "texture": "#3"},
				"east": {"uv": [13, 15, 12, 16], "texture": "#3"},
				"south": {"uv": [13, 15, 12, 16], "texture": "#3"},
				"west": {"uv": [13, 15, 12, 16], "texture": "#3"},
				"up": {"uv": [13, 15, 12, 16], "texture": "#3"},
				"down": {"uv": [13, 15, 12, 16], "texture": "#3"}
			}
		},
		{
			"from": [5, -2, -1],
			"to": [6, 2, 0],
			"rotation": {"angle": 0, "axis": "y", "origin": [8, 3, 3]},
			"faces": {
				"north": {"uv": [13, 15, 12, 16], "texture": "#3"},
				"east": {"uv": [13, 15, 12, 16], "texture": "#3"},
				"south": {"uv": [13, 15, 12, 16], "texture": "#3"},
				"west": {"uv": [13, 15, 12, 16], "texture": "#3"},
				"up": {"uv": [13, 15, 12, 16], "texture": "#3"},
				"down": {"uv": [13, 15, 12, 16], "texture": "#3"}
			}
		},
		{
			"from": [11, -1, -1],
			"to": [12, 3, 0],
			"rotation": {"angle": 0, "axis": "y", "origin": [8, 7, 3]},
			"faces": {
				"north": {"uv": [13, 15, 12, 16], "texture": "#3"},
				"east": {"uv": [13, 15, 12, 16], "texture": "#3"},
				"south": {"uv": [13, 15, 12, 16], "texture": "#3"},
				"west": {"uv": [13, 15, 12, 16], "texture": "#3"},
				"up": {"uv": [13, 15, 12, 16], "texture": "#3"},
				"down": {"uv": [13, 15, 12, 16], "texture": "#3"}
			}
		},
		{
			"from": [4, -1, -1],
			"to": [5, 3, 0],
			"rotation": {"angle": 0, "axis": "y", "origin": [8, 7, 3]},
			"faces": {
				"north": {"uv": [13, 15, 12, 16], "texture": "#3"},
				"east": {"uv": [13, 15, 12, 16], "texture": "#3"},
				"south": {"uv": [13, 15, 12, 16], "texture": "#3"},
				"west": {"uv": [13, 15, 12, 16], "texture": "#3"},
				"up": {"uv": [13, 15, 12, 16], "texture": "#3"},
				"down": {"uv": [13, 15, 12, 16], "texture": "#3"}
			}
		},
		{
			"from": [13, -4, 1],
			"to": [14, 7, 2],
			"rotation": {"angle": 0, "axis": "y", "origin": [10, 1, 4]},
			"faces": {
				"north": {"uv": [13, 15, 12, 16], "texture": "#3"},
				"east": {"uv": [13, 15, 12, 16], "texture": "#3"},
				"south": {"uv": [13, 15, 12, 16], "texture": "#3"},
				"west": {"uv": [13, 15, 12, 16], "texture": "#3"},
				"up": {"uv": [13, 15, 12, 16], "texture": "#3"},
				"down": {"uv": [13, 15, 12, 16], "texture": "#3"}
			}
		},
		{
			"from": [2, -4, 1],
			"to": [3, 7, 2],
			"rotation": {"angle": 0, "axis": "y", "origin": [6, 1, 4]},
			"faces": {
				"north": {"uv": [13, 15, 12, 16], "texture": "#3"},
				"east": {"uv": [13, 15, 12, 16], "texture": "#3"},
				"south": {"uv": [13, 15, 12, 16], "texture": "#3"},
				"west": {"uv": [13, 15, 12, 16], "texture": "#3"},
				"up": {"uv": [13, 15, 12, 16], "texture": "#3"},
				"down": {"uv": [13, 15, 12, 16], "texture": "#3"}
			}
		},
		{
			"from": [2, 9, 1],
			"to": [14, 14, 2],
			"rotation": {"angle": 0, "axis": "y", "origin": [6, 13, 4]},
			"faces": {
				"north": {"uv": [13, 15, 12, 16], "texture": "#3"},
				"east": {"uv": [13, 15, 12, 16], "texture": "#3"},
				"south": {"uv": [13, 15, 12, 16], "texture": "#3"},
				"west": {"uv": [13, 15, 12, 16], "texture": "#3"},
				"up": {"uv": [13, 15, 12, 16], "texture": "#3"},
				"down": {"uv": [13, 15, 12, 16], "texture": "#3"}
			}
		},
		{
			"from": [4, 14, 1],
			"to": [12, 15, 2],
			"rotation": {"angle": 0, "axis": "y", "origin": [6, 14, 4]},
			"faces": {
				"north": {"uv": [13, 15, 12, 16], "texture": "#3"},
				"east": {"uv": [13, 15, 12, 16], "texture": "#3"},
				"south": {"uv": [13, 15, 12, 16], "texture": "#3"},
				"west": {"uv": [13, 15, 12, 16], "texture": "#3"},
				"up": {"uv": [13, 15, 12, 16], "texture": "#3"},
				"down": {"uv": [13, 15, 12, 16], "texture": "#3"}
			}
		},
		{
			"from": [4, 8, 1],
			"to": [5, 9, 2],
			"rotation": {"angle": 0, "axis": "y", "origin": [6, 10, 4]},
			"faces": {
				"north": {"uv": [13, 15, 12, 16], "texture": "#3"},
				"east": {"uv": [13, 15, 12, 16], "texture": "#3"},
				"south": {"uv": [13, 15, 12, 16], "texture": "#3"},
				"west": {"uv": [13, 15, 12, 16], "texture": "#3"},
				"up": {"uv": [13, 15, 12, 16], "texture": "#3"},
				"down": {"uv": [13, 15, 12, 16], "texture": "#3"}
			}
		},
		{
			"from": [11, 8, 1],
			"to": [12, 9, 2],
			"rotation": {"angle": 0, "axis": "y", "origin": [10, 10, 4]},
			"faces": {
				"north": {"uv": [13, 15, 12, 16], "texture": "#3"},
				"east": {"uv": [13, 15, 12, 16], "texture": "#3"},
				"south": {"uv": [13, 15, 12, 16], "texture": "#3"},
				"west": {"uv": [13, 15, 12, 16], "texture": "#3"},
				"up": {"uv": [13, 15, 12, 16], "texture": "#3"},
				"down": {"uv": [13, 15, 12, 16], "texture": "#3"}
			}
		},
		{
			"from": [11, 8, 1],
			"to": [12, 9, 2],
			"rotation": {"angle": 0, "axis": "y", "origin": [10, 10, 4]},
			"faces": {
				"north": {"uv": [13, 15, 12, 16], "texture": "#3"},
				"east": {"uv": [13, 15, 12, 16], "texture": "#3"},
				"south": {"uv": [13, 15, 12, 16], "texture": "#3"},
				"west": {"uv": [13, 15, 12, 16], "texture": "#3"},
				"up": {"uv": [13, 15, 12, 16], "texture": "#3"},
				"down": {"uv": [13, 15, 12, 16], "texture": "#3"}
			}
		},
		{
			"from": [4, 8, 1],
			"to": [5, 9, 2],
			"rotation": {"angle": 0, "axis": "y", "origin": [6, 10, 4]},
			"faces": {
				"north": {"uv": [13, 15, 12, 16], "texture": "#3"},
				"east": {"uv": [13, 15, 12, 16], "texture": "#3"},
				"south": {"uv": [13, 15, 12, 16], "texture": "#3"},
				"west": {"uv": [13, 15, 12, 16], "texture": "#3"},
				"up": {"uv": [13, 15, 12, 16], "texture": "#3"},
				"down": {"uv": [13, 15, 12, 16], "texture": "#3"}
			}
		},
		{
			"from": [6, 7, 0],
			"to": [10, 8, 1],
			"rotation": {"angle": 0, "axis": "y", "origin": [7, 10, 4]},
			"faces": {
				"north": {"uv": [13, 15, 12, 16], "texture": "#3"},
				"east": {"uv": [13, 15, 12, 16], "texture": "#3"},
				"south": {"uv": [13, 15, 12, 16], "texture": "#3"},
				"west": {"uv": [13, 15, 12, 16], "texture": "#3"},
				"up": {"uv": [13, 15, 12, 16], "texture": "#3"},
				"down": {"uv": [13, 15, 12, 16], "texture": "#3"}
			}
		},
		{
			"from": [7, 2, 0],
			"to": [9, 7, 1],
			"rotation": {"angle": 0, "axis": "y", "origin": [7, 10, 4]},
			"faces": {
				"north": {"uv": [13, 15, 12, 16], "texture": "#3"},
				"east": {"uv": [13, 15, 12, 16], "texture": "#3"},
				"south": {"uv": [13, 15, 12, 16], "texture": "#3"},
				"west": {"uv": [13, 15, 12, 16], "texture": "#3"},
				"up": {"uv": [13, 15, 12, 16], "texture": "#3"},
				"down": {"uv": [13, 15, 12, 16], "texture": "#3"}
			}
		},
		{
			"from": [7, 15, 1],
			"to": [9, 16, 2],
			"rotation": {"angle": 0, "axis": "y", "origin": [9, 10, 4]},
			"faces": {
				"north": {"uv": [13, 15, 12, 16], "texture": "#3"},
				"east": {"uv": [13, 15, 12, 16], "texture": "#3"},
				"south": {"uv": [13, 15, 12, 16], "texture": "#3"},
				"west": {"uv": [13, 15, 12, 16], "texture": "#3"},
				"up": {"uv": [13, 15, 12, 16], "texture": "#3"},
				"down": {"uv": [13, 15, 12, 16], "texture": "#3"}
			}
		},
		{
			"from": [7, 16, 2],
			"to": [9, 21, 3],
			"rotation": {"angle": 0, "axis": "y", "origin": [9, 10, 4]},
			"faces": {
				"north": {"uv": [13, 15, 12, 16], "texture": "#3"},
				"east": {"uv": [13, 15, 12, 16], "texture": "#3"},
				"south": {"uv": [13, 15, 12, 16], "texture": "#3"},
				"west": {"uv": [13, 15, 12, 16], "texture": "#3"},
				"up": {"uv": [13, 15, 12, 16], "texture": "#3"},
				"down": {"uv": [13, 15, 12, 16], "texture": "#3"}
			}
		},
		{
			"from": [7, 16, 17],
			"to": [9, 18, 18],
			"rotation": {"angle": 0, "axis": "y", "origin": [9, 10, 4]},
			"faces": {
				"north": {"uv": [13, 15, 12, 16], "texture": "#3"},
				"east": {"uv": [13, 15, 12, 16], "texture": "#3"},
				"south": {"uv": [13, 15, 12, 16], "texture": "#3"},
				"west": {"uv": [13, 15, 12, 16], "texture": "#3"},
				"up": {"uv": [13, 15, 12, 16], "texture": "#3"},
				"down": {"uv": [13, 15, 12, 16], "texture": "#3"}
			}
		},
		{
			"from": [7, 17, 3],
			"to": [9, 20, 4],
			"rotation": {"angle": 0, "axis": "y", "origin": [9, 10, 4]},
			"faces": {
				"north": {"uv": [13, 15, 12, 16], "texture": "#3"},
				"east": {"uv": [13, 15, 12, 16], "texture": "#3"},
				"south": {"uv": [13, 15, 12, 16], "texture": "#3"},
				"west": {"uv": [13, 15, 12, 16], "texture": "#3"},
				"up": {"uv": [13, 15, 12, 16], "texture": "#3"},
				"down": {"uv": [13, 15, 12, 16], "texture": "#3"}
			}
		},
		{
			"from": [7, 17, 16],
			"to": [9, 19, 17],
			"rotation": {"angle": 0, "axis": "y", "origin": [9, 10, 4]},
			"faces": {
				"north": {"uv": [13, 15, 12, 16], "texture": "#3"},
				"east": {"uv": [13, 15, 12, 16], "texture": "#3"},
				"south": {"uv": [13, 15, 12, 16], "texture": "#3"},
				"west": {"uv": [13, 15, 12, 16], "texture": "#3"},
				"up": {"uv": [13, 15, 12, 16], "texture": "#3"},
				"down": {"uv": [13, 15, 12, 16], "texture": "#3"}
			}
		},
		{
			"from": [5, 8, 0],
			"to": [11, 12, 1],
			"rotation": {"angle": 0, "axis": "y", "origin": [10, 10, 4]},
			"faces": {
				"north": {"uv": [13, 15, 12, 16], "texture": "#3"},
				"east": {"uv": [13, 15, 12, 16], "texture": "#3"},
				"south": {"uv": [13, 15, 12, 16], "texture": "#3"},
				"west": {"uv": [13, 15, 12, 16], "texture": "#3"},
				"up": {"uv": [13, 15, 12, 16], "texture": "#3"},
				"down": {"uv": [13, 15, 12, 16], "texture": "#3"}
			}
		},
		{
			"from": [5, 12, 0],
			"to": [7, 13, 1],
			"rotation": {"angle": 0, "axis": "y", "origin": [6, 10, 4]},
			"faces": {
				"north": {"uv": [13, 15, 12, 16], "texture": "#3"},
				"east": {"uv": [13, 15, 12, 16], "texture": "#3"},
				"south": {"uv": [13, 15, 12, 16], "texture": "#3"},
				"west": {"uv": [13, 15, 12, 16], "texture": "#3"},
				"up": {"uv": [13, 15, 12, 16], "texture": "#3"},
				"down": {"uv": [13, 15, 12, 16], "texture": "#3"}
			}
		},
		{
			"from": [9, 12, 0],
			"to": [11, 13, 1],
			"rotation": {"angle": 0, "axis": "y", "origin": [10, 10, 4]},
			"faces": {
				"north": {"uv": [13, 15, 12, 16], "texture": "#3"},
				"east": {"uv": [13, 15, 12, 16], "texture": "#3"},
				"south": {"uv": [13, 15, 12, 16], "texture": "#3"},
				"west": {"uv": [13, 15, 12, 16], "texture": "#3"},
				"up": {"uv": [13, 15, 12, 16], "texture": "#3"},
				"down": {"uv": [13, 15, 12, 16], "texture": "#3"}
			}
		},
		{
			"from": [5, 13, 0],
			"to": [6, 14, 1],
			"rotation": {"angle": 0, "axis": "y", "origin": [6, 10, 4]},
			"faces": {
				"north": {"uv": [13, 15, 12, 16], "texture": "#3"},
				"east": {"uv": [13, 15, 12, 16], "texture": "#3"},
				"south": {"uv": [13, 15, 12, 16], "texture": "#3"},
				"west": {"uv": [13, 15, 12, 16], "texture": "#3"},
				"up": {"uv": [13, 15, 12, 16], "texture": "#3"},
				"down": {"uv": [13, 15, 12, 16], "texture": "#3"}
			}
		},
		{
			"from": [10, 13, 0],
			"to": [11, 14, 1],
			"rotation": {"angle": 0, "axis": "y", "origin": [10, 10, 4]},
			"faces": {
				"north": {"uv": [13, 15, 12, 16], "texture": "#3"},
				"east": {"uv": [13, 15, 12, 16], "texture": "#3"},
				"south": {"uv": [13, 15, 12, 16], "texture": "#3"},
				"west": {"uv": [13, 15, 12, 16], "texture": "#3"},
				"up": {"uv": [13, 15, 12, 16], "texture": "#3"},
				"down": {"uv": [13, 15, 12, 16], "texture": "#3"}
			}
		},
		{
			"from": [14, -3, 1],
			"to": [15, 14, 2],
			"rotation": {"angle": 0, "axis": "y", "origin": [10, 1, 4]},
			"faces": {
				"north": {"uv": [13, 15, 12, 16], "texture": "#3"},
				"east": {"uv": [13, 15, 12, 16], "texture": "#3"},
				"south": {"uv": [13, 15, 12, 16], "texture": "#3"},
				"west": {"uv": [13, 15, 12, 16], "texture": "#3"},
				"up": {"uv": [13, 15, 12, 16], "texture": "#3"},
				"down": {"uv": [13, 15, 12, 16], "texture": "#3"}
			}
		},
		{
			"from": [1, -3, 1],
			"to": [2, 14, 2],
			"rotation": {"angle": 0, "axis": "y", "origin": [6, 1, 4]},
			"faces": {
				"north": {"uv": [13, 15, 12, 16], "texture": "#3"},
				"east": {"uv": [13, 15, 12, 16], "texture": "#3"},
				"south": {"uv": [13, 15, 12, 16], "texture": "#3"},
				"west": {"uv": [13, 15, 12, 16], "texture": "#3"},
				"up": {"uv": [13, 15, 12, 16], "texture": "#3"},
				"down": {"uv": [13, 15, 12, 16], "texture": "#3"}
			}
		},
		{
			"from": [15, -3, 1],
			"to": [17, 14, 3],
			"rotation": {"angle": 0, "axis": "y", "origin": [10, 1, 4]},
			"faces": {
				"north": {"uv": [13, 15, 12, 16], "texture": "#3"},
				"east": {"uv": [13, 15, 12, 16], "texture": "#3"},
				"south": {"uv": [13, 15, 12, 16], "texture": "#3"},
				"west": {"uv": [13, 15, 12, 16], "texture": "#3"},
				"up": {"uv": [13, 15, 12, 16], "texture": "#3"},
				"down": {"uv": [13, 15, 12, 16], "texture": "#3"}
			}
		},
		{
			"from": [-1, -3, 1],
			"to": [1, 14, 3],
			"rotation": {"angle": 0, "axis": "y", "origin": [6, 1, 4]},
			"faces": {
				"north": {"uv": [13, 15, 12, 16], "texture": "#3"},
				"east": {"uv": [13, 15, 12, 16], "texture": "#3"},
				"south": {"uv": [13, 15, 12, 16], "texture": "#3"},
				"west": {"uv": [13, 15, 12, 16], "texture": "#3"},
				"up": {"uv": [13, 15, 12, 16], "texture": "#3"},
				"down": {"uv": [13, 15, 12, 16], "texture": "#3"}
			}
		},
		{
			"from": [17, -2, 4],
			"to": [18, -1, 5],
			"rotation": {"angle": 0, "axis": "y", "origin": [12, 1, 6]},
			"faces": {
				"north": {"uv": [13, 15, 12, 16], "texture": "#3"},
				"east": {"uv": [13, 15, 12, 16], "texture": "#3"},
				"south": {"uv": [13, 15, 12, 16], "texture": "#3"},
				"west": {"uv": [13, 15, 12, 16], "texture": "#3"},
				"up": {"uv": [13, 15, 12, 16], "texture": "#3"},
				"down": {"uv": [13, 15, 12, 16], "texture": "#3"}
			}
		},
		{
			"from": [-2, -2, 4],
			"to": [-1, -1, 5],
			"rotation": {"angle": 0, "axis": "y", "origin": [4, 1, 6]},
			"faces": {
				"north": {"uv": [13, 15, 12, 16], "texture": "#3"},
				"east": {"uv": [13, 15, 12, 16], "texture": "#3"},
				"south": {"uv": [13, 15, 12, 16], "texture": "#3"},
				"west": {"uv": [13, 15, 12, 16], "texture": "#3"},
				"up": {"uv": [13, 15, 12, 16], "texture": "#3"},
				"down": {"uv": [13, 15, 12, 16], "texture": "#3"}
			}
		},
		{
			"from": [17, -1, 2],
			"to": [18, 14, 9],
			"rotation": {"angle": 0, "axis": "y", "origin": [12, 1, 6]},
			"faces": {
				"north": {"uv": [13, 15, 12, 16], "texture": "#3"},
				"east": {"uv": [13, 15, 12, 16], "texture": "#3"},
				"south": {"uv": [13, 15, 12, 16], "texture": "#3"},
				"west": {"uv": [13, 15, 12, 16], "texture": "#3"},
				"up": {"uv": [13, 15, 12, 16], "texture": "#3"},
				"down": {"uv": [13, 15, 12, 16], "texture": "#3"}
			}
		},
		{
			"from": [17, 1, 9],
			"to": [18, 14, 12],
			"rotation": {"angle": 0, "axis": "y", "origin": [12, 1, 6]},
			"faces": {
				"north": {"uv": [13, 15, 12, 16], "texture": "#3"},
				"east": {"uv": [13, 15, 12, 16], "texture": "#3"},
				"south": {"uv": [13, 15, 12, 16], "texture": "#3"},
				"west": {"uv": [13, 15, 12, 16], "texture": "#3"},
				"up": {"uv": [13, 15, 12, 16], "texture": "#3"},
				"down": {"uv": [13, 15, 12, 16], "texture": "#3"}
			}
		},
		{
			"from": [17, 4, 12],
			"to": [18, 14, 16],
			"rotation": {"angle": 0, "axis": "y", "origin": [12, 1, 6]},
			"faces": {
				"north": {"uv": [13, 15, 12, 16], "texture": "#3"},
				"east": {"uv": [13, 15, 12, 16], "texture": "#3"},
				"south": {"uv": [13, 15, 12, 16], "texture": "#3"},
				"west": {"uv": [13, 15, 12, 16], "texture": "#3"},
				"up": {"uv": [13, 15, 12, 16], "texture": "#3"},
				"down": {"uv": [13, 15, 12, 16], "texture": "#3"}
			}
		},
		{
			"from": [-2, -1, 2],
			"to": [-1, 14, 9],
			"rotation": {"angle": 0, "axis": "y", "origin": [4, 1, 6]},
			"faces": {
				"north": {"uv": [13, 15, 12, 16], "texture": "#3"},
				"east": {"uv": [13, 15, 12, 16], "texture": "#3"},
				"south": {"uv": [13, 15, 12, 16], "texture": "#3"},
				"west": {"uv": [13, 15, 12, 16], "texture": "#3"},
				"up": {"uv": [13, 15, 12, 16], "texture": "#3"},
				"down": {"uv": [13, 15, 12, 16], "texture": "#3"}
			}
		},
		{
			"from": [-2, 1, 9],
			"to": [-1, 14, 12],
			"rotation": {"angle": 0, "axis": "y", "origin": [4, 1, 6]},
			"faces": {
				"north": {"uv": [13, 15, 12, 16], "texture": "#3"},
				"east": {"uv": [13, 15, 12, 16], "texture": "#3"},
				"south": {"uv": [13, 15, 12, 16], "texture": "#3"},
				"west": {"uv": [13, 15, 12, 16], "texture": "#3"},
				"up": {"uv": [13, 15, 12, 16], "texture": "#3"},
				"down": {"uv": [13, 15, 12, 16], "texture": "#3"}
			}
		},
		{
			"from": [-2, 4, 12],
			"to": [-1, 14, 16],
			"rotation": {"angle": 0, "axis": "y", "origin": [4, 1, 6]},
			"faces": {
				"north": {"uv": [13, 15, 12, 16], "texture": "#3"},
				"east": {"uv": [13, 15, 12, 16], "texture": "#3"},
				"south": {"uv": [13, 15, 12, 16], "texture": "#3"},
				"west": {"uv": [13, 15, 12, 16], "texture": "#3"},
				"up": {"uv": [13, 15, 12, 16], "texture": "#3"},
				"down": {"uv": [13, 15, 12, 16], "texture": "#3"}
			}
		},
		{
			"from": [1, 9, 2],
			"to": [15, 15, 3],
			"rotation": {"angle": 0, "axis": "y", "origin": [6, 2, 4]},
			"faces": {
				"north": {"uv": [13, 15, 12, 16], "texture": "#3"},
				"east": {"uv": [13, 15, 12, 16], "texture": "#3"},
				"south": {"uv": [13, 15, 12, 16], "texture": "#3"},
				"west": {"uv": [13, 15, 12, 16], "texture": "#3"},
				"up": {"uv": [13, 15, 12, 16], "texture": "#3"},
				"down": {"uv": [13, 15, 12, 16], "texture": "#3"}
			}
		},
		{
			"from": [9, 15, 2],
			"to": [12, 16, 3],
			"rotation": {"angle": 0, "axis": "y", "origin": [7, 3, 4]},
			"faces": {
				"north": {"uv": [13, 15, 12, 16], "texture": "#3"},
				"east": {"uv": [13, 15, 12, 16], "texture": "#3"},
				"south": {"uv": [13, 15, 12, 16], "texture": "#3"},
				"west": {"uv": [13, 15, 12, 16], "texture": "#3"},
				"up": {"uv": [13, 15, 12, 16], "texture": "#3"},
				"down": {"uv": [13, 15, 12, 16], "texture": "#3"}
			}
		},
		{
			"from": [4, 15, 2],
			"to": [7, 16, 3],
			"rotation": {"angle": 0, "axis": "y", "origin": [9, 3, 4]},
			"faces": {
				"north": {"uv": [13, 15, 12, 16], "texture": "#3"},
				"east": {"uv": [13, 15, 12, 16], "texture": "#3"},
				"south": {"uv": [13, 15, 12, 16], "texture": "#3"},
				"west": {"uv": [13, 15, 12, 16], "texture": "#3"},
				"up": {"uv": [13, 15, 12, 16], "texture": "#3"},
				"down": {"uv": [13, 15, 12, 16], "texture": "#3"}
			}
		},
		{
			"from": [9, 16, 3],
			"to": [12, 17, 4],
			"rotation": {"angle": 0, "axis": "y", "origin": [7, 4, 5]},
			"faces": {
				"north": {"uv": [13, 15, 12, 16], "texture": "#3"},
				"east": {"uv": [13, 15, 12, 16], "texture": "#3"},
				"south": {"uv": [13, 15, 12, 16], "texture": "#3"},
				"west": {"uv": [13, 15, 12, 16], "texture": "#3"},
				"up": {"uv": [13, 15, 12, 16], "texture": "#3"},
				"down": {"uv": [13, 15, 12, 16], "texture": "#3"}
			}
		},
		{
			"from": [4, 16, 3],
			"to": [7, 17, 4],
			"rotation": {"angle": 0, "axis": "y", "origin": [9, 4, 5]},
			"faces": {
				"north": {"uv": [13, 15, 12, 16], "texture": "#3"},
				"east": {"uv": [13, 15, 12, 16], "texture": "#3"},
				"south": {"uv": [13, 15, 12, 16], "texture": "#3"},
				"west": {"uv": [13, 15, 12, 16], "texture": "#3"},
				"up": {"uv": [13, 15, 12, 16], "texture": "#3"},
				"down": {"uv": [13, 15, 12, 16], "texture": "#3"}
			}
		},
		{
			"from": [16, -2, 3],
			"to": [17, 14, 4],
			"rotation": {"angle": 0, "axis": "y", "origin": [11, 1, 5]},
			"faces": {
				"north": {"uv": [13, 15, 12, 16], "texture": "#3"},
				"east": {"uv": [13, 15, 12, 16], "texture": "#3"},
				"south": {"uv": [13, 15, 12, 16], "texture": "#3"},
				"west": {"uv": [13, 15, 12, 16], "texture": "#3"},
				"up": {"uv": [13, 15, 12, 16], "texture": "#3"},
				"down": {"uv": [13, 15, 12, 16], "texture": "#3"}
			}
		},
		{
			"from": [-1, -2, 3],
			"to": [0, 14, 4],
			"rotation": {"angle": 0, "axis": "y", "origin": [5, 1, 5]},
			"faces": {
				"north": {"uv": [13, 15, 12, 16], "texture": "#3"},
				"east": {"uv": [13, 15, 12, 16], "texture": "#3"},
				"south": {"uv": [13, 15, 12, 16], "texture": "#3"},
				"west": {"uv": [13, 15, 12, 16], "texture": "#3"},
				"up": {"uv": [13, 15, 12, 16], "texture": "#3"},
				"down": {"uv": [13, 15, 12, 16], "texture": "#3"}
			}
		},
		{
			"from": [16, 14, 3],
			"to": [17, 15, 5],
			"rotation": {"angle": 0, "axis": "y", "origin": [12, 1, 6]},
			"faces": {
				"north": {"uv": [13, 15, 12, 16], "texture": "#3"},
				"east": {"uv": [13, 15, 12, 16], "texture": "#3"},
				"south": {"uv": [13, 15, 12, 16], "texture": "#3"},
				"west": {"uv": [13, 15, 12, 16], "texture": "#3"},
				"up": {"uv": [13, 15, 12, 16], "texture": "#3"},
				"down": {"uv": [13, 15, 12, 16], "texture": "#3"}
			}
		},
		{
			"from": [-1, 14, 3],
			"to": [0, 15, 5],
			"rotation": {"angle": 0, "axis": "y", "origin": [4, 1, 6]},
			"faces": {
				"north": {"uv": [13, 15, 12, 16], "texture": "#3"},
				"east": {"uv": [13, 15, 12, 16], "texture": "#3"},
				"south": {"uv": [13, 15, 12, 16], "texture": "#3"},
				"west": {"uv": [13, 15, 12, 16], "texture": "#3"},
				"up": {"uv": [13, 15, 12, 16], "texture": "#3"},
				"down": {"uv": [13, 15, 12, 16], "texture": "#3"}
			}
		},
		{
			"from": [15, 15, 4],
			"to": [16, 16, 5],
			"rotation": {"angle": 0, "axis": "y", "origin": [12, 1, 6]},
			"faces": {
				"north": {"uv": [13, 15, 12, 16], "texture": "#3"},
				"east": {"uv": [13, 15, 12, 16], "texture": "#3"},
				"south": {"uv": [13, 15, 12, 16], "texture": "#3"},
				"west": {"uv": [13, 15, 12, 16], "texture": "#3"},
				"up": {"uv": [13, 15, 12, 16], "texture": "#3"},
				"down": {"uv": [13, 15, 12, 16], "texture": "#3"}
			}
		},
		{
			"from": [0, 15, 4],
			"to": [1, 16, 5],
			"rotation": {"angle": 0, "axis": "y", "origin": [4, 1, 6]},
			"faces": {
				"north": {"uv": [13, 15, 12, 16], "texture": "#3"},
				"east": {"uv": [13, 15, 12, 16], "texture": "#3"},
				"south": {"uv": [13, 15, 12, 16], "texture": "#3"},
				"west": {"uv": [13, 15, 12, 16], "texture": "#3"},
				"up": {"uv": [13, 15, 12, 16], "texture": "#3"},
				"down": {"uv": [13, 15, 12, 16], "texture": "#3"}
			}
		},
		{
			"from": [10, 16, 4],
			"to": [15, 17, 5],
			"rotation": {"angle": 0, "axis": "y", "origin": [12, 1, 6]},
			"faces": {
				"north": {"uv": [13, 15, 12, 16], "texture": "#3"},
				"east": {"uv": [13, 15, 12, 16], "texture": "#3"},
				"south": {"uv": [13, 15, 12, 16], "texture": "#3"},
				"west": {"uv": [13, 15, 12, 16], "texture": "#3"},
				"up": {"uv": [13, 15, 12, 16], "texture": "#3"},
				"down": {"uv": [13, 15, 12, 16], "texture": "#3"}
			}
		},
		{
			"from": [1, 16, 4],
			"to": [6, 17, 5],
			"rotation": {"angle": 0, "axis": "y", "origin": [4, 1, 6]},
			"faces": {
				"north": {"uv": [13, 15, 12, 16], "texture": "#3"},
				"east": {"uv": [13, 15, 12, 16], "texture": "#3"},
				"south": {"uv": [13, 15, 12, 16], "texture": "#3"},
				"west": {"uv": [13, 15, 12, 16], "texture": "#3"},
				"up": {"uv": [13, 15, 12, 16], "texture": "#3"},
				"down": {"uv": [13, 15, 12, 16], "texture": "#3"}
			}
		},
		{
			"from": [7, 18, 4],
			"to": [9, 20, 6],
			"rotation": {"angle": 0, "axis": "y", "origin": [12, 1, 6]},
			"faces": {
				"north": {"uv": [13, 15, 12, 16], "texture": "#3"},
				"east": {"uv": [13, 15, 12, 16], "texture": "#3"},
				"south": {"uv": [13, 15, 12, 16], "texture": "#3"},
				"west": {"uv": [13, 15, 12, 16], "texture": "#3"},
				"up": {"uv": [13, 15, 12, 16], "texture": "#3"},
				"down": {"uv": [13, 15, 12, 16], "texture": "#3"}
			}
		},
		{
			"from": [7, 18, 14],
			"to": [9, 19, 16],
			"rotation": {"angle": 0, "axis": "y", "origin": [12, 1, 6]},
			"faces": {
				"north": {"uv": [13, 15, 12, 16], "texture": "#3"},
				"east": {"uv": [13, 15, 12, 16], "texture": "#3"},
				"south": {"uv": [13, 15, 12, 16], "texture": "#3"},
				"west": {"uv": [13, 15, 12, 16], "texture": "#3"},
				"up": {"uv": [13, 15, 12, 16], "texture": "#3"},
				"down": {"uv": [13, 15, 12, 16], "texture": "#3"}
			}
		},
		{
			"from": [7, 19, 6],
			"to": [9, 20, 7],
			"rotation": {"angle": 0, "axis": "y", "origin": [12, 1, 6]},
			"faces": {
				"north": {"uv": [13, 15, 12, 16], "texture": "#3"},
				"east": {"uv": [13, 15, 12, 16], "texture": "#3"},
				"south": {"uv": [13, 15, 12, 16], "texture": "#3"},
				"west": {"uv": [13, 15, 12, 16], "texture": "#3"},
				"up": {"uv": [13, 15, 12, 16], "texture": "#3"},
				"down": {"uv": [13, 15, 12, 16], "texture": "#3"}
			}
		},
		{
			"from": [7, 21, 2],
			"to": [9, 32, 3],
			"rotation": {"angle": 0, "axis": "y", "origin": [4, 1, 7]},
			"faces": {
				"north": {"uv": [16, 15, 15, 16], "texture": "#1"},
				"east": {"uv": [16, 15, 15, 16], "texture": "#1"},
				"south": {"uv": [16, 15, 15, 16], "texture": "#1"},
				"west": {"uv": [16, 15, 15, 16], "texture": "#1"},
				"up": {"uv": [16, 15, 15, 16], "texture": "#1"},
				"down": {"uv": [16, 15, 15, 16], "texture": "#1"}
			}
		},
		{
			"from": [7, 21, 10],
			"to": [9, 31, 13],
			"rotation": {"angle": 0, "axis": "y", "origin": [4, 1, 7]},
			"faces": {
				"north": {"uv": [16, 15, 15, 16], "texture": "#1"},
				"east": {"uv": [16, 15, 15, 16], "texture": "#1"},
				"south": {"uv": [16, 15, 15, 16], "texture": "#1"},
				"west": {"uv": [16, 15, 15, 16], "texture": "#1"},
				"up": {"uv": [16, 15, 15, 16], "texture": "#1"},
				"down": {"uv": [16, 15, 15, 16], "texture": "#1"}
			}
		},
		{
			"from": [7, 21, 13],
			"to": [9, 30, 14],
			"rotation": {"angle": 0, "axis": "y", "origin": [4, 1, 7]},
			"faces": {
				"north": {"uv": [16, 15, 15, 16], "texture": "#1"},
				"east": {"uv": [16, 15, 15, 16], "texture": "#1"},
				"south": {"uv": [16, 15, 15, 16], "texture": "#1"},
				"west": {"uv": [16, 15, 15, 16], "texture": "#1"},
				"up": {"uv": [16, 15, 15, 16], "texture": "#1"},
				"down": {"uv": [16, 15, 15, 16], "texture": "#1"}
			}
		},
		{
			"from": [7, 19, 17],
			"to": [9, 28, 18],
			"rotation": {"angle": 0, "axis": "y", "origin": [4, 3, 1]},
			"faces": {
				"north": {"uv": [16, 15, 15, 16], "texture": "#1"},
				"east": {"uv": [16, 15, 15, 16], "texture": "#1"},
				"south": {"uv": [16, 15, 15, 16], "texture": "#1"},
				"west": {"uv": [16, 15, 15, 16], "texture": "#1"},
				"up": {"uv": [16, 15, 15, 16], "texture": "#1"},
				"down": {"uv": [16, 15, 15, 16], "texture": "#1"}
			}
		},
		{
			"from": [7, 18, 18],
			"to": [9, 28, 19],
			"rotation": {"angle": 0, "axis": "y", "origin": [4, 3, 1]},
			"faces": {
				"north": {"uv": [16, 15, 15, 16], "texture": "#1"},
				"east": {"uv": [16, 15, 15, 16], "texture": "#1"},
				"south": {"uv": [16, 15, 15, 16], "texture": "#1"},
				"west": {"uv": [16, 15, 15, 16], "texture": "#1"},
				"up": {"uv": [16, 15, 15, 16], "texture": "#1"},
				"down": {"uv": [16, 15, 15, 16], "texture": "#1"}
			}
		},
		{
			"from": [7, 17, 19],
			"to": [9, 27, 20],
			"rotation": {"angle": 0, "axis": "y", "origin": [4, 3, 1]},
			"faces": {
				"north": {"uv": [16, 15, 15, 16], "texture": "#1"},
				"east": {"uv": [16, 15, 15, 16], "texture": "#1"},
				"south": {"uv": [16, 15, 15, 16], "texture": "#1"},
				"west": {"uv": [16, 15, 15, 16], "texture": "#1"},
				"up": {"uv": [16, 15, 15, 16], "texture": "#1"},
				"down": {"uv": [16, 15, 15, 16], "texture": "#1"}
			}
		},
		{
			"from": [7, 16, 20],
			"to": [9, 26, 21],
			"rotation": {"angle": 0, "axis": "y", "origin": [4, 3, 1]},
			"faces": {
				"north": {"uv": [16, 15, 15, 16], "texture": "#1"},
				"east": {"uv": [16, 15, 15, 16], "texture": "#1"},
				"south": {"uv": [16, 15, 15, 16], "texture": "#1"},
				"west": {"uv": [16, 15, 15, 16], "texture": "#1"},
				"up": {"uv": [16, 15, 15, 16], "texture": "#1"},
				"down": {"uv": [16, 15, 15, 16], "texture": "#1"}
			}
		},
		{
			"from": [7, 15, 21],
			"to": [9, 24, 22],
			"rotation": {"angle": 0, "axis": "y", "origin": [4, 3, 1]},
			"faces": {
				"north": {"uv": [16, 15, 15, 16], "texture": "#1"},
				"east": {"uv": [16, 15, 15, 16], "texture": "#1"},
				"south": {"uv": [16, 15, 15, 16], "texture": "#1"},
				"west": {"uv": [16, 15, 15, 16], "texture": "#1"},
				"up": {"uv": [16, 15, 15, 16], "texture": "#1"},
				"down": {"uv": [16, 15, 15, 16], "texture": "#1"}
			}
		},
		{
			"from": [7, 14, 22],
			"to": [9, 22, 23],
			"rotation": {"angle": 0, "axis": "y", "origin": [4, 3, 1]},
			"faces": {
				"north": {"uv": [16, 15, 15, 16], "texture": "#1"},
				"east": {"uv": [16, 15, 15, 16], "texture": "#1"},
				"south": {"uv": [16, 15, 15, 16], "texture": "#1"},
				"west": {"uv": [16, 15, 15, 16], "texture": "#1"},
				"up": {"uv": [16, 15, 15, 16], "texture": "#1"},
				"down": {"uv": [16, 15, 15, 16], "texture": "#1"}
			}
		},
		{
			"from": [7, 13, 23],
			"to": [9, 20, 24],
			"rotation": {"angle": 0, "axis": "y", "origin": [4, 3, 1]},
			"faces": {
				"north": {"uv": [16, 15, 15, 16], "texture": "#1"},
				"east": {"uv": [16, 15, 15, 16], "texture": "#1"},
				"south": {"uv": [16, 15, 15, 16], "texture": "#1"},
				"west": {"uv": [16, 15, 15, 16], "texture": "#1"},
				"up": {"uv": [16, 15, 15, 16], "texture": "#1"},
				"down": {"uv": [16, 15, 15, 16], "texture": "#1"}
			}
		},
		{
			"from": [7, 6, 24],
			"to": [9, 17, 25],
			"rotation": {"angle": 0, "axis": "y", "origin": [4, 3, 1]},
			"faces": {
				"north": {"uv": [16, 15, 15, 16], "texture": "#1"},
				"east": {"uv": [16, 15, 15, 16], "texture": "#1"},
				"south": {"uv": [16, 15, 15, 16], "texture": "#1"},
				"west": {"uv": [16, 15, 15, 16], "texture": "#1"},
				"up": {"uv": [16, 15, 15, 16], "texture": "#1"},
				"down": {"uv": [16, 15, 15, 16], "texture": "#1"}
			}
		},
		{
			"from": [7, 2, 25],
			"to": [9, 13, 26],
			"rotation": {"angle": 0, "axis": "y", "origin": [4, 3, 1]},
			"faces": {
				"north": {"uv": [16, 15, 15, 16], "texture": "#1"},
				"east": {"uv": [16, 15, 15, 16], "texture": "#1"},
				"south": {"uv": [16, 15, 15, 16], "texture": "#1"},
				"west": {"uv": [16, 15, 15, 16], "texture": "#1"},
				"up": {"uv": [16, 15, 15, 16], "texture": "#1"},
				"down": {"uv": [16, 15, 15, 16], "texture": "#1"}
			}
		},
		{
			"from": [7, 20, 14],
			"to": [9, 30, 16],
			"rotation": {"angle": 0, "axis": "y", "origin": [4, 3, -3]},
			"faces": {
				"north": {"uv": [16, 15, 15, 16], "texture": "#1"},
				"east": {"uv": [16, 15, 15, 16], "texture": "#1"},
				"south": {"uv": [16, 15, 15, 16], "texture": "#1"},
				"west": {"uv": [16, 15, 15, 16], "texture": "#1"},
				"up": {"uv": [16, 15, 15, 16], "texture": "#1"},
				"down": {"uv": [16, 15, 15, 16], "texture": "#1"}
			}
		},
		{
			"from": [7, 20, 16],
			"to": [9, 29, 17],
			"rotation": {"angle": 0, "axis": "y", "origin": [4, 3, -3]},
			"faces": {
				"north": {"uv": [16, 15, 15, 16], "texture": "#1"},
				"east": {"uv": [16, 15, 15, 16], "texture": "#1"},
				"south": {"uv": [16, 15, 15, 16], "texture": "#1"},
				"west": {"uv": [16, 15, 15, 16], "texture": "#1"},
				"up": {"uv": [16, 15, 15, 16], "texture": "#1"},
				"down": {"uv": [16, 15, 15, 16], "texture": "#1"}
			}
		},
		{
			"from": [7, 22, 9],
			"to": [9, 31, 10],
			"rotation": {"angle": 0, "axis": "y", "origin": [4, 5, -8]},
			"faces": {
				"north": {"uv": [16, 15, 15, 16], "texture": "#1"},
				"east": {"uv": [16, 15, 15, 16], "texture": "#1"},
				"south": {"uv": [16, 15, 15, 16], "texture": "#1"},
				"west": {"uv": [16, 15, 15, 16], "texture": "#1"},
				"up": {"uv": [16, 15, 15, 16], "texture": "#1"},
				"down": {"uv": [16, 15, 15, 16], "texture": "#1"}
			}
		},
		{
			"from": [7, 22, 3],
			"to": [9, 32, 9],
			"rotation": {"angle": 0, "axis": "y", "origin": [4, 5, -14]},
			"faces": {
				"north": {"uv": [16, 15, 15, 16], "texture": "#1"},
				"east": {"uv": [16, 15, 15, 16], "texture": "#1"},
				"south": {"uv": [16, 15, 15, 16], "texture": "#1"},
				"west": {"uv": [16, 15, 15, 16], "texture": "#1"},
				"up": {"uv": [16, 15, 15, 16], "texture": "#1"},
				"down": {"uv": [16, 15, 15, 16], "texture": "#1"}
			}
		},
		{
			"from": [7, 27, 1],
			"to": [9, 31, 2],
			"rotation": {"angle": 0, "axis": "y", "origin": [4, 1, 7]},
			"faces": {
				"north": {"uv": [16, 15, 15, 16], "texture": "#1"},
				"east": {"uv": [16, 15, 15, 16], "texture": "#1"},
				"south": {"uv": [16, 15, 15, 16], "texture": "#1"},
				"west": {"uv": [16, 15, 15, 16], "texture": "#1"},
				"up": {"uv": [16, 15, 15, 16], "texture": "#1"},
				"down": {"uv": [16, 15, 15, 16], "texture": "#1"}
			}
		},
		{
			"from": [7, 30, 0],
			"to": [9, 31, 1],
			"rotation": {"angle": 0, "axis": "y", "origin": [4, 1, 7]},
			"faces": {
				"north": {"uv": [16, 15, 15, 16], "texture": "#1"},
				"east": {"uv": [16, 15, 15, 16], "texture": "#1"},
				"south": {"uv": [16, 15, 15, 16], "texture": "#1"},
				"west": {"uv": [16, 15, 15, 16], "texture": "#1"},
				"up": {"uv": [16, 15, 15, 16], "texture": "#1"},
				"down": {"uv": [16, 15, 15, 16], "texture": "#1"}
			}
		},
		{
			"from": [7, 20, 3],
			"to": [9, 22, 10],
			"rotation": {"angle": 0, "axis": "y", "origin": [12, 2, 11]},
			"faces": {
				"north": {"uv": [13, 15, 12, 16], "texture": "#3"},
				"east": {"uv": [13, 15, 12, 16], "texture": "#3"},
				"south": {"uv": [13, 15, 12, 16], "texture": "#3"},
				"west": {"uv": [13, 15, 12, 16], "texture": "#3"},
				"up": {"uv": [13, 15, 12, 16], "texture": "#3"},
				"down": {"uv": [13, 15, 12, 16], "texture": "#3"}
			}
		},
		{
			"from": [7, 20, 10],
			"to": [9, 21, 14],
			"rotation": {"angle": 0, "axis": "y", "origin": [12, 2, 11]},
			"faces": {
				"north": {"uv": [13, 15, 12, 16], "texture": "#3"},
				"east": {"uv": [13, 15, 12, 16], "texture": "#3"},
				"south": {"uv": [13, 15, 12, 16], "texture": "#3"},
				"west": {"uv": [13, 15, 12, 16], "texture": "#3"},
				"up": {"uv": [13, 15, 12, 16], "texture": "#3"},
				"down": {"uv": [13, 15, 12, 16], "texture": "#3"}
			}
		},
		{
			"from": [11, 18, 6],
			"to": [12, 19, 7],
			"rotation": {"angle": 0, "axis": "y", "origin": [12, 1, 6]},
			"faces": {
				"north": {"uv": [13, 15, 12, 16], "texture": "#3"},
				"east": {"uv": [13, 15, 12, 16], "texture": "#3"},
				"south": {"uv": [13, 15, 12, 16], "texture": "#3"},
				"west": {"uv": [13, 15, 12, 16], "texture": "#3"},
				"up": {"uv": [13, 15, 12, 16], "texture": "#3"},
				"down": {"uv": [13, 15, 12, 16], "texture": "#3"}
			}
		},
		{
			"from": [4, 18, 6],
			"to": [5, 19, 7],
			"rotation": {"angle": 0, "axis": "y", "origin": [4, 1, 6]},
			"faces": {
				"north": {"uv": [13, 15, 12, 16], "texture": "#3"},
				"east": {"uv": [13, 15, 12, 16], "texture": "#3"},
				"south": {"uv": [13, 15, 12, 16], "texture": "#3"},
				"west": {"uv": [13, 15, 12, 16], "texture": "#3"},
				"up": {"uv": [13, 15, 12, 16], "texture": "#3"},
				"down": {"uv": [13, 15, 12, 16], "texture": "#3"}
			}
		},
		{
			"from": [12, 17, 6],
			"to": [14, 18, 7],
			"rotation": {"angle": 0, "axis": "y", "origin": [12, 1, 6]},
			"faces": {
				"north": {"uv": [13, 15, 12, 16], "texture": "#3"},
				"east": {"uv": [13, 15, 12, 16], "texture": "#3"},
				"south": {"uv": [13, 15, 12, 16], "texture": "#3"},
				"west": {"uv": [13, 15, 12, 16], "texture": "#3"},
				"up": {"uv": [13, 15, 12, 16], "texture": "#3"},
				"down": {"uv": [13, 15, 12, 16], "texture": "#3"}
			}
		},
		{
			"from": [2, 17, 6],
			"to": [4, 18, 7],
			"rotation": {"angle": 0, "axis": "y", "origin": [4, 1, 6]},
			"faces": {
				"north": {"uv": [13, 15, 12, 16], "texture": "#3"},
				"east": {"uv": [13, 15, 12, 16], "texture": "#3"},
				"south": {"uv": [13, 15, 12, 16], "texture": "#3"},
				"west": {"uv": [13, 15, 12, 16], "texture": "#3"},
				"up": {"uv": [13, 15, 12, 16], "texture": "#3"},
				"down": {"uv": [13, 15, 12, 16], "texture": "#3"}
			}
		},
		{
			"from": [9, 17, 4],
			"to": [10, 18, 6],
			"rotation": {"angle": 0, "axis": "y", "origin": [12, 1, 6]},
			"faces": {
				"north": {"uv": [13, 15, 12, 16], "texture": "#3"},
				"east": {"uv": [13, 15, 12, 16], "texture": "#3"},
				"south": {"uv": [13, 15, 12, 16], "texture": "#3"},
				"west": {"uv": [13, 15, 12, 16], "texture": "#3"},
				"up": {"uv": [13, 15, 12, 16], "texture": "#3"},
				"down": {"uv": [13, 15, 12, 16], "texture": "#3"}
			}
		},
		{
			"from": [6, 17, 4],
			"to": [7, 18, 6],
			"rotation": {"angle": 0, "axis": "y", "origin": [4, 1, 6]},
			"faces": {
				"north": {"uv": [13, 15, 12, 16], "texture": "#3"},
				"east": {"uv": [13, 15, 12, 16], "texture": "#3"},
				"south": {"uv": [13, 15, 12, 16], "texture": "#3"},
				"west": {"uv": [13, 15, 12, 16], "texture": "#3"},
				"up": {"uv": [13, 15, 12, 16], "texture": "#3"},
				"down": {"uv": [13, 15, 12, 16], "texture": "#3"}
			}
		},
		{
			"from": [10, 17, 5],
			"to": [13, 18, 6],
			"rotation": {"angle": 0, "axis": "y", "origin": [12, 1, 6]},
			"faces": {
				"north": {"uv": [13, 15, 12, 16], "texture": "#3"},
				"east": {"uv": [13, 15, 12, 16], "texture": "#3"},
				"south": {"uv": [13, 15, 12, 16], "texture": "#3"},
				"west": {"uv": [13, 15, 12, 16], "texture": "#3"},
				"up": {"uv": [13, 15, 12, 16], "texture": "#3"},
				"down": {"uv": [13, 15, 12, 16], "texture": "#3"}
			}
		},
		{
			"from": [3, 17, 5],
			"to": [6, 18, 6],
			"rotation": {"angle": 0, "axis": "y", "origin": [4, 1, 6]},
			"faces": {
				"north": {"uv": [13, 15, 12, 16], "texture": "#3"},
				"east": {"uv": [13, 15, 12, 16], "texture": "#3"},
				"south": {"uv": [13, 15, 12, 16], "texture": "#3"},
				"west": {"uv": [13, 15, 12, 16], "texture": "#3"},
				"up": {"uv": [13, 15, 12, 16], "texture": "#3"},
				"down": {"uv": [13, 15, 12, 16], "texture": "#3"}
			}
		},
		{
			"from": [13, 16, 5],
			"to": [16, 17, 15],
			"rotation": {"angle": 0, "axis": "y", "origin": [12, 1, 6]},
			"faces": {
				"north": {"uv": [13, 15, 12, 16], "texture": "#3"},
				"east": {"uv": [13, 15, 12, 16], "texture": "#3"},
				"south": {"uv": [13, 15, 12, 16], "texture": "#3"},
				"west": {"uv": [13, 15, 12, 16], "texture": "#3"},
				"up": {"uv": [13, 15, 12, 16], "texture": "#3"},
				"down": {"uv": [13, 15, 12, 16], "texture": "#3"}
			}
		},
		{
			"from": [0, 16, 5],
			"to": [3, 17, 15],
			"rotation": {"angle": 0, "axis": "y", "origin": [4, 1, 6]},
			"faces": {
				"north": {"uv": [13, 15, 12, 16], "texture": "#3"},
				"east": {"uv": [13, 15, 12, 16], "texture": "#3"},
				"south": {"uv": [13, 15, 12, 16], "texture": "#3"},
				"west": {"uv": [13, 15, 12, 16], "texture": "#3"},
				"up": {"uv": [13, 15, 12, 16], "texture": "#3"},
				"down": {"uv": [13, 15, 12, 16], "texture": "#3"}
			}
		},
		{
			"from": [16, 15, 5],
			"to": [17, 16, 6],
			"rotation": {"angle": 0, "axis": "y", "origin": [12, 1, 6]},
			"faces": {
				"north": {"uv": [13, 15, 12, 16], "texture": "#3"},
				"east": {"uv": [13, 15, 12, 16], "texture": "#3"},
				"south": {"uv": [13, 15, 12, 16], "texture": "#3"},
				"west": {"uv": [13, 15, 12, 16], "texture": "#3"},
				"up": {"uv": [13, 15, 12, 16], "texture": "#3"},
				"down": {"uv": [13, 15, 12, 16], "texture": "#3"}
			}
		},
		{
			"from": [-1, 15, 5],
			"to": [0, 16, 6],
			"rotation": {"angle": 0, "axis": "y", "origin": [4, 1, 6]},
			"faces": {
				"north": {"uv": [13, 15, 12, 16], "texture": "#3"},
				"east": {"uv": [13, 15, 12, 16], "texture": "#3"},
				"south": {"uv": [13, 15, 12, 16], "texture": "#3"},
				"west": {"uv": [13, 15, 12, 16], "texture": "#3"},
				"up": {"uv": [13, 15, 12, 16], "texture": "#3"},
				"down": {"uv": [13, 15, 12, 16], "texture": "#3"}
			}
		},
		{
			"from": [17, 16, 8],
			"to": [18, 17, 12],
			"rotation": {"angle": 0, "axis": "y", "origin": [12, 1, 6]},
			"faces": {
				"north": {"uv": [13, 15, 12, 16], "texture": "#3"},
				"east": {"uv": [13, 15, 12, 16], "texture": "#3"},
				"south": {"uv": [13, 15, 12, 16], "texture": "#3"},
				"west": {"uv": [13, 15, 12, 16], "texture": "#3"},
				"up": {"uv": [13, 15, 12, 16], "texture": "#3"},
				"down": {"uv": [13, 15, 12, 16], "texture": "#3"}
			}
		},
		{
			"from": [-2, 16, 8],
			"to": [-1, 17, 12],
			"rotation": {"angle": 0, "axis": "y", "origin": [4, 1, 6]},
			"faces": {
				"north": {"uv": [13, 15, 12, 16], "texture": "#3"},
				"east": {"uv": [13, 15, 12, 16], "texture": "#3"},
				"south": {"uv": [13, 15, 12, 16], "texture": "#3"},
				"west": {"uv": [13, 15, 12, 16], "texture": "#3"},
				"up": {"uv": [13, 15, 12, 16], "texture": "#3"},
				"down": {"uv": [13, 15, 12, 16], "texture": "#3"}
			}
		},
		{
			"from": [16, 17, 9],
			"to": [17, 18, 11],
			"rotation": {"angle": 0, "axis": "y", "origin": [11, 2, 6]},
			"faces": {
				"north": {"uv": [13, 15, 12, 16], "texture": "#3"},
				"east": {"uv": [13, 15, 12, 16], "texture": "#3"},
				"south": {"uv": [13, 15, 12, 16], "texture": "#3"},
				"west": {"uv": [13, 15, 12, 16], "texture": "#3"},
				"up": {"uv": [13, 15, 12, 16], "texture": "#3"},
				"down": {"uv": [13, 15, 12, 16], "texture": "#3"}
			}
		},
		{
			"from": [-1, 17, 9],
			"to": [0, 18, 11],
			"rotation": {"angle": 0, "axis": "y", "origin": [5, 2, 6]},
			"faces": {
				"north": {"uv": [13, 15, 12, 16], "texture": "#3"},
				"east": {"uv": [13, 15, 12, 16], "texture": "#3"},
				"south": {"uv": [13, 15, 12, 16], "texture": "#3"},
				"west": {"uv": [13, 15, 12, 16], "texture": "#3"},
				"up": {"uv": [13, 15, 12, 16], "texture": "#3"},
				"down": {"uv": [13, 15, 12, 16], "texture": "#3"}
			}
		},
		{
			"from": [13, 17, 8],
			"to": [16, 18, 12],
			"rotation": {"angle": 0, "axis": "y", "origin": [10, 2, 6]},
			"faces": {
				"north": {"uv": [13, 15, 12, 16], "texture": "#3"},
				"east": {"uv": [13, 15, 12, 16], "texture": "#3"},
				"south": {"uv": [13, 15, 12, 16], "texture": "#3"},
				"west": {"uv": [13, 15, 12, 16], "texture": "#3"},
				"up": {"uv": [13, 15, 12, 16], "texture": "#3"},
				"down": {"uv": [13, 15, 12, 16], "texture": "#3"}
			}
		},
		{
			"from": [0, 17, 8],
			"to": [4, 18, 12],
			"rotation": {"angle": 0, "axis": "y", "origin": [6, 2, 6]},
			"faces": {
				"north": {"uv": [13, 15, 12, 16], "texture": "#3"},
				"east": {"uv": [13, 15, 12, 16], "texture": "#3"},
				"south": {"uv": [13, 15, 12, 16], "texture": "#3"},
				"west": {"uv": [13, 15, 12, 16], "texture": "#3"},
				"up": {"uv": [13, 15, 12, 16], "texture": "#3"},
				"down": {"uv": [13, 15, 12, 16], "texture": "#3"}
			}
		},
		{
			"from": [13, 17, 7],
			"to": [15, 18, 8],
			"rotation": {"angle": 0, "axis": "y", "origin": [10, 2, 6]},
			"faces": {
				"north": {"uv": [13, 15, 12, 16], "texture": "#3"},
				"east": {"uv": [13, 15, 12, 16], "texture": "#3"},
				"south": {"uv": [13, 15, 12, 16], "texture": "#3"},
				"west": {"uv": [13, 15, 12, 16], "texture": "#3"},
				"up": {"uv": [13, 15, 12, 16], "texture": "#3"},
				"down": {"uv": [13, 15, 12, 16], "texture": "#3"}
			}
		},
		{
			"from": [1, 17, 7],
			"to": [3, 18, 8],
			"rotation": {"angle": 0, "axis": "y", "origin": [6, 2, 6]},
			"faces": {
				"north": {"uv": [13, 15, 12, 16], "texture": "#3"},
				"east": {"uv": [13, 15, 12, 16], "texture": "#3"},
				"south": {"uv": [13, 15, 12, 16], "texture": "#3"},
				"west": {"uv": [13, 15, 12, 16], "texture": "#3"},
				"up": {"uv": [13, 15, 12, 16], "texture": "#3"},
				"down": {"uv": [13, 15, 12, 16], "texture": "#3"}
			}
		},
		{
			"from": [10, 19, 8],
			"to": [11, 20, 9],
			"rotation": {"angle": 0, "axis": "y", "origin": [6, 4, 6]},
			"faces": {
				"north": {"uv": [13, 15, 12, 16], "texture": "#3"},
				"east": {"uv": [13, 15, 12, 16], "texture": "#3"},
				"south": {"uv": [13, 15, 12, 16], "texture": "#3"},
				"west": {"uv": [13, 15, 12, 16], "texture": "#3"},
				"up": {"uv": [13, 15, 12, 16], "texture": "#3"},
				"down": {"uv": [13, 15, 12, 16], "texture": "#3"}
			}
		},
		{
			"from": [5, 19, 8],
			"to": [6, 20, 9],
			"rotation": {"angle": 0, "axis": "y", "origin": [10, 4, 6]},
			"faces": {
				"north": {"uv": [13, 15, 12, 16], "texture": "#3"},
				"east": {"uv": [13, 15, 12, 16], "texture": "#3"},
				"south": {"uv": [13, 15, 12, 16], "texture": "#3"},
				"west": {"uv": [13, 15, 12, 16], "texture": "#3"},
				"up": {"uv": [13, 15, 12, 16], "texture": "#3"},
				"down": {"uv": [13, 15, 12, 16], "texture": "#3"}
			}
		},
		{
			"from": [12, 18, 9],
			"to": [15, 19, 11],
			"rotation": {"angle": 0, "axis": "y", "origin": [9, 3, 6]},
			"faces": {
				"north": {"uv": [13, 15, 12, 16], "texture": "#3"},
				"east": {"uv": [13, 15, 12, 16], "texture": "#3"},
				"south": {"uv": [13, 15, 12, 16], "texture": "#3"},
				"west": {"uv": [13, 15, 12, 16], "texture": "#3"},
				"up": {"uv": [13, 15, 12, 16], "texture": "#3"},
				"down": {"uv": [13, 15, 12, 16], "texture": "#3"}
			}
		},
		{
			"from": [11, 18, 7],
			"to": [14, 19, 9],
			"rotation": {"angle": 0, "axis": "y", "origin": [6, 3, 6]},
			"faces": {
				"north": {"uv": [13, 15, 12, 16], "texture": "#3"},
				"east": {"uv": [13, 15, 12, 16], "texture": "#3"},
				"south": {"uv": [13, 15, 12, 16], "texture": "#3"},
				"west": {"uv": [13, 15, 12, 16], "texture": "#3"},
				"up": {"uv": [13, 15, 12, 16], "texture": "#3"},
				"down": {"uv": [13, 15, 12, 16], "texture": "#3"}
			}
		},
		{
			"from": [2, 18, 7],
			"to": [5, 19, 9],
			"rotation": {"angle": 0, "axis": "y", "origin": [10, 3, 6]},
			"faces": {
				"north": {"uv": [13, 15, 12, 16], "texture": "#3"},
				"east": {"uv": [13, 15, 12, 16], "texture": "#3"},
				"south": {"uv": [13, 15, 12, 16], "texture": "#3"},
				"west": {"uv": [13, 15, 12, 16], "texture": "#3"},
				"up": {"uv": [13, 15, 12, 16], "texture": "#3"},
				"down": {"uv": [13, 15, 12, 16], "texture": "#3"}
			}
		},
		{
			"from": [1, 18, 9],
			"to": [4, 19, 11],
			"rotation": {"angle": 0, "axis": "y", "origin": [8, 3, 6]},
			"faces": {
				"north": {"uv": [13, 15, 12, 16], "texture": "#3"},
				"east": {"uv": [13, 15, 12, 16], "texture": "#3"},
				"south": {"uv": [13, 15, 12, 16], "texture": "#3"},
				"west": {"uv": [13, 15, 12, 16], "texture": "#3"},
				"up": {"uv": [13, 15, 12, 16], "texture": "#3"},
				"down": {"uv": [13, 15, 12, 16], "texture": "#3"}
			}
		},
		{
			"from": [10, 19, 9],
			"to": [12, 20, 11],
			"rotation": {"angle": 0, "axis": "y", "origin": [6, 4, 6]},
			"faces": {
				"north": {"uv": [13, 15, 12, 16], "texture": "#3"},
				"east": {"uv": [13, 15, 12, 16], "texture": "#3"},
				"south": {"uv": [13, 15, 12, 16], "texture": "#3"},
				"west": {"uv": [13, 15, 12, 16], "texture": "#3"},
				"up": {"uv": [13, 15, 12, 16], "texture": "#3"},
				"down": {"uv": [13, 15, 12, 16], "texture": "#3"}
			}
		},
		{
			"from": [4, 19, 9],
			"to": [6, 20, 11],
			"rotation": {"angle": 0, "axis": "y", "origin": [10, 4, 6]},
			"faces": {
				"north": {"uv": [13, 15, 12, 16], "texture": "#3"},
				"east": {"uv": [13, 15, 12, 16], "texture": "#3"},
				"south": {"uv": [13, 15, 12, 16], "texture": "#3"},
				"west": {"uv": [13, 15, 12, 16], "texture": "#3"},
				"up": {"uv": [13, 15, 12, 16], "texture": "#3"},
				"down": {"uv": [13, 15, 12, 16], "texture": "#3"}
			}
		},
		{
			"from": [10, 19, 11],
			"to": [11, 20, 12],
			"rotation": {"angle": 0, "axis": "y", "origin": [6, 4, 6]},
			"faces": {
				"north": {"uv": [13, 15, 12, 16], "texture": "#3"},
				"east": {"uv": [13, 15, 12, 16], "texture": "#3"},
				"south": {"uv": [13, 15, 12, 16], "texture": "#3"},
				"west": {"uv": [13, 15, 12, 16], "texture": "#3"},
				"up": {"uv": [13, 15, 12, 16], "texture": "#3"},
				"down": {"uv": [13, 15, 12, 16], "texture": "#3"}
			}
		},
		{
			"from": [5, 19, 11],
			"to": [6, 20, 12],
			"rotation": {"angle": 0, "axis": "y", "origin": [10, 4, 6]},
			"faces": {
				"north": {"uv": [13, 15, 12, 16], "texture": "#3"},
				"east": {"uv": [13, 15, 12, 16], "texture": "#3"},
				"south": {"uv": [13, 15, 12, 16], "texture": "#3"},
				"west": {"uv": [13, 15, 12, 16], "texture": "#3"},
				"up": {"uv": [13, 15, 12, 16], "texture": "#3"},
				"down": {"uv": [13, 15, 12, 16], "texture": "#3"}
			}
		},
		{
			"from": [6, 19, 7],
			"to": [10, 20, 13],
			"rotation": {"angle": 0, "axis": "y", "origin": [10, 4, 6]},
			"faces": {
				"north": {"uv": [13, 15, 12, 16], "texture": "#3"},
				"east": {"uv": [13, 15, 12, 16], "texture": "#3"},
				"south": {"uv": [13, 15, 12, 16], "texture": "#3"},
				"west": {"uv": [13, 15, 12, 16], "texture": "#3"},
				"up": {"uv": [13, 15, 12, 16], "texture": "#3"},
				"down": {"uv": [13, 15, 12, 16], "texture": "#3"}
			}
		},
		{
			"from": [8, 18, 6],
			"to": [10, 19, 14],
			"rotation": {"angle": 0, "axis": "y", "origin": [6, 3, 9]},
			"faces": {
				"north": {"uv": [13, 15, 12, 16], "texture": "#3"},
				"east": {"uv": [13, 15, 12, 16], "texture": "#3"},
				"south": {"uv": [13, 15, 12, 16], "texture": "#3"},
				"west": {"uv": [13, 15, 12, 16], "texture": "#3"},
				"up": {"uv": [13, 15, 12, 16], "texture": "#3"},
				"down": {"uv": [13, 15, 12, 16], "texture": "#3"}
			}
		},
		{
			"from": [6, 18, 6],
			"to": [8, 19, 14],
			"rotation": {"angle": 0, "axis": "y", "origin": [10, 3, 9]},
			"faces": {
				"north": {"uv": [13, 15, 12, 16], "texture": "#3"},
				"east": {"uv": [13, 15, 12, 16], "texture": "#3"},
				"south": {"uv": [13, 15, 12, 16], "texture": "#3"},
				"west": {"uv": [13, 15, 12, 16], "texture": "#3"},
				"up": {"uv": [13, 15, 12, 16], "texture": "#3"},
				"down": {"uv": [13, 15, 12, 16], "texture": "#3"}
			}
		},
		{
			"from": [12, 15, 16],
			"to": [14, 16, 17],
			"rotation": {"angle": 0, "axis": "y", "origin": [6, 3, 9]},
			"faces": {
				"north": {"uv": [13, 15, 12, 16], "texture": "#3"},
				"east": {"uv": [13, 15, 12, 16], "texture": "#3"},
				"south": {"uv": [13, 15, 12, 16], "texture": "#3"},
				"west": {"uv": [13, 15, 12, 16], "texture": "#3"},
				"up": {"uv": [13, 15, 12, 16], "texture": "#3"},
				"down": {"uv": [13, 15, 12, 16], "texture": "#3"}
			}
		},
		{
			"from": [2, 15, 16],
			"to": [4, 16, 17],
			"rotation": {"angle": 0, "axis": "y", "origin": [10, 3, 9]},
			"faces": {
				"north": {"uv": [13, 15, 12, 16], "texture": "#3"},
				"east": {"uv": [13, 15, 12, 16], "texture": "#3"},
				"south": {"uv": [13, 15, 12, 16], "texture": "#3"},
				"west": {"uv": [13, 15, 12, 16], "texture": "#3"},
				"up": {"uv": [13, 15, 12, 16], "texture": "#3"},
				"down": {"uv": [13, 15, 12, 16], "texture": "#3"}
			}
		},
		{
			"from": [15, 14, 14],
			"to": [17, 16, 16],
			"rotation": {"angle": 0, "axis": "y", "origin": [10, 3, 9]},
			"faces": {
				"north": {"uv": [13, 15, 12, 16], "texture": "#3"},
				"east": {"uv": [13, 15, 12, 16], "texture": "#3"},
				"south": {"uv": [13, 15, 12, 16], "texture": "#3"},
				"west": {"uv": [13, 15, 12, 16], "texture": "#3"},
				"up": {"uv": [13, 15, 12, 16], "texture": "#3"},
				"down": {"uv": [13, 15, 12, 16], "texture": "#3"}
			}
		},
		{
			"from": [3, 16, 15],
			"to": [13, 18, 16],
			"rotation": {"angle": 0, "axis": "y", "origin": [6, 3, 9]},
			"faces": {
				"north": {"uv": [13, 15, 12, 16], "texture": "#3"},
				"east": {"uv": [13, 15, 12, 16], "texture": "#3"},
				"south": {"uv": [13, 15, 12, 16], "texture": "#3"},
				"west": {"uv": [13, 15, 12, 16], "texture": "#3"},
				"up": {"uv": [13, 15, 12, 16], "texture": "#3"},
				"down": {"uv": [13, 15, 12, 16], "texture": "#3"}
			}
		},
		{
			"from": [2, 17, 12],
			"to": [14, 18, 15],
			"rotation": {"angle": 0, "axis": "y", "origin": [6, 3, 9]},
			"faces": {
				"north": {"uv": [13, 15, 12, 16], "texture": "#3"},
				"east": {"uv": [13, 15, 12, 16], "texture": "#3"},
				"south": {"uv": [13, 15, 12, 16], "texture": "#3"},
				"west": {"uv": [13, 15, 12, 16], "texture": "#3"},
				"up": {"uv": [13, 15, 12, 16], "texture": "#3"},
				"down": {"uv": [13, 15, 12, 16], "texture": "#3"}
			}
		},
		{
			"from": [4, 14, 17],
			"to": [12, 16, 18],
			"rotation": {"angle": 0, "axis": "y", "origin": [8, 3, 9]},
			"faces": {
				"north": {"uv": [13, 15, 12, 16], "texture": "#3"},
				"east": {"uv": [13, 15, 12, 16], "texture": "#3"},
				"south": {"uv": [13, 15, 12, 16], "texture": "#3"},
				"west": {"uv": [13, 15, 12, 16], "texture": "#3"},
				"up": {"uv": [13, 15, 12, 16], "texture": "#3"},
				"down": {"uv": [13, 15, 12, 16], "texture": "#3"}
			}
		},
		{
			"from": [15, 4, 16],
			"to": [17, 14, 17],
			"rotation": {"angle": 0, "axis": "y", "origin": [12, 3, 7]},
			"faces": {
				"north": {"uv": [13, 15, 12, 16], "texture": "#3"},
				"east": {"uv": [13, 15, 12, 16], "texture": "#3"},
				"south": {"uv": [13, 15, 12, 16], "texture": "#3"},
				"west": {"uv": [13, 15, 12, 16], "texture": "#3"},
				"up": {"uv": [13, 15, 12, 16], "texture": "#3"},
				"down": {"uv": [13, 15, 12, 16], "texture": "#3"}
			}
		},
		{
			"from": [-1, 4, 16],
			"to": [1, 14, 17],
			"rotation": {"angle": 0, "axis": "y", "origin": [4, 3, 7]},
			"faces": {
				"north": {"uv": [13, 15, 12, 16], "texture": "#3"},
				"east": {"uv": [13, 15, 12, 16], "texture": "#3"},
				"south": {"uv": [13, 15, 12, 16], "texture": "#3"},
				"west": {"uv": [13, 15, 12, 16], "texture": "#3"},
				"up": {"uv": [13, 15, 12, 16], "texture": "#3"},
				"down": {"uv": [13, 15, 12, 16], "texture": "#3"}
			}
		},
		{
			"from": [1, 4, 17],
			"to": [15, 14, 18],
			"rotation": {"angle": 0, "axis": "y", "origin": [12, 3, 8]},
			"faces": {
				"north": {"uv": [13, 15, 12, 16], "texture": "#3"},
				"east": {"uv": [13, 15, 12, 16], "texture": "#3"},
				"south": {"uv": [13, 15, 12, 16], "texture": "#3"},
				"west": {"uv": [13, 15, 12, 16], "texture": "#3"},
				"up": {"uv": [13, 15, 12, 16], "texture": "#3"},
				"down": {"uv": [13, 15, 12, 16], "texture": "#3"}
			}
		},
		{
			"from": [1, 14, 15],
			"to": [2, 16, 16],
			"rotation": {"angle": 0, "axis": "y", "origin": [4, 3, 7]},
			"faces": {
				"north": {"uv": [13, 15, 12, 16], "texture": "#3"},
				"east": {"uv": [13, 15, 12, 16], "texture": "#3"},
				"south": {"uv": [13, 15, 12, 16], "texture": "#3"},
				"west": {"uv": [13, 15, 12, 16], "texture": "#3"},
				"up": {"uv": [13, 15, 12, 16], "texture": "#3"},
				"down": {"uv": [13, 15, 12, 16], "texture": "#3"}
			}
		},
		{
			"from": [2, 15, 15],
			"to": [3, 17, 16],
			"rotation": {"angle": 0, "axis": "y", "origin": [4, 3, 7]},
			"faces": {
				"north": {"uv": [13, 15, 12, 16], "texture": "#3"},
				"east": {"uv": [13, 15, 12, 16], "texture": "#3"},
				"south": {"uv": [13, 15, 12, 16], "texture": "#3"},
				"west": {"uv": [13, 15, 12, 16], "texture": "#3"},
				"up": {"uv": [13, 15, 12, 16], "texture": "#3"},
				"down": {"uv": [13, 15, 12, 16], "texture": "#3"}
			}
		},
		{
			"from": [13, 15, 15],
			"to": [14, 17, 16],
			"rotation": {"angle": 0, "axis": "y", "origin": [4, 3, 7]},
			"faces": {
				"north": {"uv": [13, 15, 12, 16], "texture": "#3"},
				"east": {"uv": [13, 15, 12, 16], "texture": "#3"},
				"south": {"uv": [13, 15, 12, 16], "texture": "#3"},
				"west": {"uv": [13, 15, 12, 16], "texture": "#3"},
				"up": {"uv": [13, 15, 12, 16], "texture": "#3"},
				"down": {"uv": [13, 15, 12, 16], "texture": "#3"}
			}
		},
		{
			"from": [12, 14, 16],
			"to": [15, 15, 17],
			"rotation": {"angle": 0, "axis": "y", "origin": [12, 3, 7]},
			"faces": {
				"north": {"uv": [13, 15, 12, 16], "texture": "#3"},
				"east": {"uv": [13, 15, 12, 16], "texture": "#3"},
				"south": {"uv": [13, 15, 12, 16], "texture": "#3"},
				"west": {"uv": [13, 15, 12, 16], "texture": "#3"},
				"up": {"uv": [13, 15, 12, 16], "texture": "#3"},
				"down": {"uv": [13, 15, 12, 16], "texture": "#3"}
			}
		},
		{
			"from": [1, 14, 16],
			"to": [4, 15, 17],
			"rotation": {"angle": 0, "axis": "y", "origin": [4, 3, 7]},
			"faces": {
				"north": {"uv": [13, 15, 12, 16], "texture": "#3"},
				"east": {"uv": [13, 15, 12, 16], "texture": "#3"},
				"south": {"uv": [13, 15, 12, 16], "texture": "#3"},
				"west": {"uv": [13, 15, 12, 16], "texture": "#3"},
				"up": {"uv": [13, 15, 12, 16], "texture": "#3"},
				"down": {"uv": [13, 15, 12, 16], "texture": "#3"}
			}
		},
		{
			"from": [7, 18, 17],
			"to": [9, 19, 18],
			"rotation": {"angle": 0, "axis": "y", "origin": [5, 4, 9]},
			"faces": {
				"north": {"uv": [13, 15, 12, 16], "texture": "#3"},
				"east": {"uv": [13, 15, 12, 16], "texture": "#3"},
				"south": {"uv": [13, 15, 12, 16], "texture": "#3"},
				"west": {"uv": [13, 15, 12, 16], "texture": "#3"},
				"up": {"uv": [13, 15, 12, 16], "texture": "#3"},
				"down": {"uv": [13, 15, 12, 16], "texture": "#3"}
			}
		},
		{
			"from": [7, 19, 14],
			"to": [9, 20, 17],
			"rotation": {"angle": 0, "axis": "y", "origin": [5, 4, 9]},
			"faces": {
				"north": {"uv": [13, 15, 12, 16], "texture": "#3"},
				"east": {"uv": [13, 15, 12, 16], "texture": "#3"},
				"south": {"uv": [13, 15, 12, 16], "texture": "#3"},
				"west": {"uv": [13, 15, 12, 16], "texture": "#3"},
				"up": {"uv": [13, 15, 12, 16], "texture": "#3"},
				"down": {"uv": [13, 15, 12, 16], "texture": "#3"}
			}
		},
		{
			"from": [7, 17, 18],
			"to": [9, 18, 19],
			"rotation": {"angle": 0, "axis": "y", "origin": [5, 4, 9]},
			"faces": {
				"north": {"uv": [13, 15, 12, 16], "texture": "#3"},
				"east": {"uv": [13, 15, 12, 16], "texture": "#3"},
				"south": {"uv": [13, 15, 12, 16], "texture": "#3"},
				"west": {"uv": [13, 15, 12, 16], "texture": "#3"},
				"up": {"uv": [13, 15, 12, 16], "texture": "#3"},
				"down": {"uv": [13, 15, 12, 16], "texture": "#3"}
			}
		},
		{
			"from": [4, 16, 16],
			"to": [12, 17, 17],
			"rotation": {"angle": 0, "axis": "y", "origin": [5, 4, 9]},
			"faces": {
				"north": {"uv": [13, 15, 12, 16], "texture": "#3"},
				"east": {"uv": [13, 15, 12, 16], "texture": "#3"},
				"south": {"uv": [13, 15, 12, 16], "texture": "#3"},
				"west": {"uv": [13, 15, 12, 16], "texture": "#3"},
				"up": {"uv": [13, 15, 12, 16], "texture": "#3"},
				"down": {"uv": [13, 15, 12, 16], "texture": "#3"}
			}
		},
		{
			"from": [10, 18, 6],
			"to": [11, 19, 14],
			"rotation": {"angle": 0, "axis": "y", "origin": [7, 3, 10]},
			"faces": {
				"north": {"uv": [13, 15, 12, 16], "texture": "#3"},
				"east": {"uv": [13, 15, 12, 16], "texture": "#3"},
				"south": {"uv": [13, 15, 12, 16], "texture": "#3"},
				"west": {"uv": [13, 15, 12, 16], "texture": "#3"},
				"up": {"uv": [13, 15, 12, 16], "texture": "#3"},
				"down": {"uv": [13, 15, 12, 16], "texture": "#3"}
			}
		},
		{
			"from": [5, 18, 6],
			"to": [6, 19, 14],
			"rotation": {"angle": 0, "axis": "y", "origin": [9, 3, 10]},
			"faces": {
				"north": {"uv": [13, 15, 12, 16], "texture": "#3"},
				"east": {"uv": [13, 15, 12, 16], "texture": "#3"},
				"south": {"uv": [13, 15, 12, 16], "texture": "#3"},
				"west": {"uv": [13, 15, 12, 16], "texture": "#3"},
				"up": {"uv": [13, 15, 12, 16], "texture": "#3"},
				"down": {"uv": [13, 15, 12, 16], "texture": "#3"}
			}
		},
		{
			"from": [11, 18, 11],
			"to": [14, 19, 13],
			"rotation": {"angle": 0, "axis": "y", "origin": [8, 3, 9]},
			"faces": {
				"north": {"uv": [13, 15, 12, 16], "texture": "#3"},
				"east": {"uv": [13, 15, 12, 16], "texture": "#3"},
				"south": {"uv": [13, 15, 12, 16], "texture": "#3"},
				"west": {"uv": [13, 15, 12, 16], "texture": "#3"},
				"up": {"uv": [13, 15, 12, 16], "texture": "#3"},
				"down": {"uv": [13, 15, 12, 16], "texture": "#3"}
			}
		},
		{
			"from": [4, 18, 13],
			"to": [5, 19, 14],
			"rotation": {"angle": 0, "axis": "y", "origin": [8, 3, 9]},
			"faces": {
				"north": {"uv": [13, 15, 12, 16], "texture": "#3"},
				"east": {"uv": [13, 15, 12, 16], "texture": "#3"},
				"south": {"uv": [13, 15, 12, 16], "texture": "#3"},
				"west": {"uv": [13, 15, 12, 16], "texture": "#3"},
				"up": {"uv": [13, 15, 12, 16], "texture": "#3"},
				"down": {"uv": [13, 15, 12, 16], "texture": "#3"}
			}
		},
		{
			"from": [11, 18, 13],
			"to": [12, 19, 14],
			"rotation": {"angle": 0, "axis": "y", "origin": [9, 3, 7]},
			"faces": {
				"north": {"uv": [13, 15, 12, 16], "texture": "#3"},
				"east": {"uv": [13, 15, 12, 16], "texture": "#3"},
				"south": {"uv": [13, 15, 12, 16], "texture": "#3"},
				"west": {"uv": [13, 15, 12, 16], "texture": "#3"},
				"up": {"uv": [13, 15, 12, 16], "texture": "#3"},
				"down": {"uv": [13, 15, 12, 16], "texture": "#3"}
			}
		},
		{
			"from": [7, 19, 13],
			"to": [9, 20, 14],
			"rotation": {"angle": 0, "axis": "y", "origin": [9, 3, 7]},
			"faces": {
				"north": {"uv": [13, 15, 12, 16], "texture": "#3"},
				"east": {"uv": [13, 15, 12, 16], "texture": "#3"},
				"south": {"uv": [13, 15, 12, 16], "texture": "#3"},
				"west": {"uv": [13, 15, 12, 16], "texture": "#3"},
				"up": {"uv": [13, 15, 12, 16], "texture": "#3"},
				"down": {"uv": [13, 15, 12, 16], "texture": "#3"}
			}
		},
		{
			"from": [2, 18, 11],
			"to": [5, 19, 13],
			"rotation": {"angle": 0, "axis": "y", "origin": [7, 3, 7]},
			"faces": {
				"north": {"uv": [13, 15, 12, 16], "texture": "#3"},
				"east": {"uv": [13, 15, 12, 16], "texture": "#3"},
				"south": {"uv": [13, 15, 12, 16], "texture": "#3"},
				"west": {"uv": [13, 15, 12, 16], "texture": "#3"},
				"up": {"uv": [13, 15, 12, 16], "texture": "#3"},
				"down": {"uv": [13, 15, 12, 16], "texture": "#3"}
			}
		},
		{
			"from": [16, 16, 6],
			"to": [17, 17, 14],
			"rotation": {"angle": 0, "axis": "y", "origin": [11, 1, 6]},
			"faces": {
				"north": {"uv": [13, 15, 12, 16], "texture": "#3"},
				"east": {"uv": [13, 15, 12, 16], "texture": "#3"},
				"south": {"uv": [13, 15, 12, 16], "texture": "#3"},
				"west": {"uv": [13, 15, 12, 16], "texture": "#3"},
				"up": {"uv": [13, 15, 12, 16], "texture": "#3"},
				"down": {"uv": [13, 15, 12, 16], "texture": "#3"}
			}
		},
		{
			"from": [-1, 16, 6],
			"to": [0, 17, 14],
			"rotation": {"angle": 0, "axis": "y", "origin": [5, 1, 6]},
			"faces": {
				"north": {"uv": [13, 15, 12, 16], "texture": "#3"},
				"east": {"uv": [13, 15, 12, 16], "texture": "#3"},
				"south": {"uv": [13, 15, 12, 16], "texture": "#3"},
				"west": {"uv": [13, 15, 12, 16], "texture": "#3"},
				"up": {"uv": [13, 15, 12, 16], "texture": "#3"},
				"down": {"uv": [13, 15, 12, 16], "texture": "#3"}
			}
		},
		{
			"from": [14, 15, 15],
			"to": [15, 16, 16],
			"rotation": {"angle": 0, "axis": "y", "origin": [5, 1, 5]},
			"faces": {
				"north": {"uv": [13, 15, 12, 16], "texture": "#3"},
				"east": {"uv": [13, 15, 12, 16], "texture": "#3"},
				"south": {"uv": [13, 15, 12, 16], "texture": "#3"},
				"west": {"uv": [13, 15, 12, 16], "texture": "#3"},
				"up": {"uv": [13, 15, 12, 16], "texture": "#3"},
				"down": {"uv": [13, 15, 12, 16], "texture": "#3"}
			}
		},
		{
			"from": [16, 14, 14],
			"to": [17, 16, 15],
			"rotation": {"angle": 0, "axis": "y", "origin": [11, 1, 6]},
			"faces": {
				"north": {"uv": [13, 15, 12, 16], "texture": "#3"},
				"east": {"uv": [13, 15, 12, 16], "texture": "#3"},
				"south": {"uv": [13, 15, 12, 16], "texture": "#3"},
				"west": {"uv": [13, 15, 12, 16], "texture": "#3"},
				"up": {"uv": [13, 15, 12, 16], "texture": "#3"},
				"down": {"uv": [13, 15, 12, 16], "texture": "#3"}
			}
		},
		{
			"from": [-1, 14, 14],
			"to": [1, 16, 16],
			"rotation": {"angle": 0, "axis": "y", "origin": [5, 1, 6]},
			"faces": {
				"north": {"uv": [13, 15, 12, 16], "texture": "#3"},
				"east": {"uv": [13, 15, 12, 16], "texture": "#3"},
				"south": {"uv": [13, 15, 12, 16], "texture": "#3"},
				"west": {"uv": [13, 15, 12, 16], "texture": "#3"},
				"up": {"uv": [13, 15, 12, 16], "texture": "#3"},
				"down": {"uv": [13, 15, 12, 16], "texture": "#3"}
			}
		},
		{
			"from": [16, 4, 15],
			"to": [17, 14, 16],
			"rotation": {"angle": 0, "axis": "y", "origin": [11, 1, 5]},
			"faces": {
				"north": {"uv": [13, 15, 12, 16], "texture": "#3"},
				"east": {"uv": [13, 15, 12, 16], "texture": "#3"},
				"south": {"uv": [13, 15, 12, 16], "texture": "#3"},
				"west": {"uv": [13, 15, 12, 16], "texture": "#3"},
				"up": {"uv": [13, 15, 12, 16], "texture": "#3"},
				"down": {"uv": [13, 15, 12, 16], "texture": "#3"}
			}
		},
		{
			"from": [-1, 4, 15],
			"to": [0, 14, 16],
			"rotation": {"angle": 0, "axis": "y", "origin": [5, 1, 5]},
			"faces": {
				"north": {"uv": [13, 15, 12, 16], "texture": "#3"},
				"east": {"uv": [13, 15, 12, 16], "texture": "#3"},
				"south": {"uv": [13, 15, 12, 16], "texture": "#3"},
				"west": {"uv": [13, 15, 12, 16], "texture": "#3"},
				"up": {"uv": [13, 15, 12, 16], "texture": "#3"},
				"down": {"uv": [13, 15, 12, 16], "texture": "#3"}
			}
		},
		{
			"from": [17, 15, 6],
			"to": [18, 16, 14],
			"rotation": {"angle": 0, "axis": "y", "origin": [12, 1, 6]},
			"faces": {
				"north": {"uv": [13, 15, 12, 16], "texture": "#3"},
				"east": {"uv": [13, 15, 12, 16], "texture": "#3"},
				"south": {"uv": [13, 15, 12, 16], "texture": "#3"},
				"west": {"uv": [13, 15, 12, 16], "texture": "#3"},
				"up": {"uv": [13, 15, 12, 16], "texture": "#3"},
				"down": {"uv": [13, 15, 12, 16], "texture": "#3"}
			}
		},
		{
			"from": [-2, 15, 6],
			"to": [-1, 16, 14],
			"rotation": {"angle": 0, "axis": "y", "origin": [4, 1, 6]},
			"faces": {
				"north": {"uv": [13, 15, 12, 16], "texture": "#3"},
				"east": {"uv": [13, 15, 12, 16], "texture": "#3"},
				"south": {"uv": [13, 15, 12, 16], "texture": "#3"},
				"west": {"uv": [13, 15, 12, 16], "texture": "#3"},
				"up": {"uv": [13, 15, 12, 16], "texture": "#3"},
				"down": {"uv": [13, 15, 12, 16], "texture": "#3"}
			}
		},
		{
			"from": [17, 14, 4],
			"to": [18, 15, 16],
			"rotation": {"angle": 0, "axis": "y", "origin": [12, 1, 6]},
			"faces": {
				"north": {"uv": [13, 15, 12, 16], "texture": "#3"},
				"east": {"uv": [13, 15, 12, 16], "texture": "#3"},
				"south": {"uv": [13, 15, 12, 16], "texture": "#3"},
				"west": {"uv": [13, 15, 12, 16], "texture": "#3"},
				"up": {"uv": [13, 15, 12, 16], "texture": "#3"},
				"down": {"uv": [13, 15, 12, 16], "texture": "#3"}
			}
		},
		{
			"from": [-2, 14, 4],
			"to": [-1, 15, 16],
			"rotation": {"angle": 0, "axis": "y", "origin": [4, 1, 6]},
			"faces": {
				"north": {"uv": [13, 15, 12, 16], "texture": "#3"},
				"east": {"uv": [13, 15, 12, 16], "texture": "#3"},
				"south": {"uv": [13, 15, 12, 16], "texture": "#3"},
				"west": {"uv": [13, 15, 12, 16], "texture": "#3"},
				"up": {"uv": [13, 15, 12, 16], "texture": "#3"},
				"down": {"uv": [13, 15, 12, 16], "texture": "#3"}
			}
		},
		{
			"from": [15, 14, 2],
			"to": [16, 15, 4],
			"rotation": {"angle": 0, "axis": "y", "origin": [11, 1, 5]},
			"faces": {
				"north": {"uv": [13, 15, 12, 16], "texture": "#3"},
				"east": {"uv": [13, 15, 12, 16], "texture": "#3"},
				"south": {"uv": [13, 15, 12, 16], "texture": "#3"},
				"west": {"uv": [13, 15, 12, 16], "texture": "#3"},
				"up": {"uv": [13, 15, 12, 16], "texture": "#3"},
				"down": {"uv": [13, 15, 12, 16], "texture": "#3"}
			}
		},
		{
			"from": [0, 14, 2],
			"to": [1, 15, 4],
			"rotation": {"angle": 0, "axis": "y", "origin": [5, 1, 5]},
			"faces": {
				"north": {"uv": [13, 15, 12, 16], "texture": "#3"},
				"east": {"uv": [13, 15, 12, 16], "texture": "#3"},
				"south": {"uv": [13, 15, 12, 16], "texture": "#3"},
				"west": {"uv": [13, 15, 12, 16], "texture": "#3"},
				"up": {"uv": [13, 15, 12, 16], "texture": "#3"},
				"down": {"uv": [13, 15, 12, 16], "texture": "#3"}
			}
		},
		{
			"from": [12, 15, 3],
			"to": [15, 16, 4],
			"rotation": {"angle": 0, "axis": "y", "origin": [11, 1, 5]},
			"faces": {
				"north": {"uv": [13, 15, 12, 16], "texture": "#3"},
				"east": {"uv": [13, 15, 12, 16], "texture": "#3"},
				"south": {"uv": [13, 15, 12, 16], "texture": "#3"},
				"west": {"uv": [13, 15, 12, 16], "texture": "#3"},
				"up": {"uv": [13, 15, 12, 16], "texture": "#3"},
				"down": {"uv": [13, 15, 12, 16], "texture": "#3"}
			}
		},
		{
			"from": [1, 15, 3],
			"to": [4, 16, 4],
			"rotation": {"angle": 0, "axis": "y", "origin": [5, 1, 5]},
			"faces": {
				"north": {"uv": [13, 15, 12, 16], "texture": "#3"},
				"east": {"uv": [13, 15, 12, 16], "texture": "#3"},
				"south": {"uv": [13, 15, 12, 16], "texture": "#3"},
				"west": {"uv": [13, 15, 12, 16], "texture": "#3"},
				"up": {"uv": [13, 15, 12, 16], "texture": "#3"},
				"down": {"uv": [13, 15, 12, 16], "texture": "#3"}
			}
		},
		{
			"from": [10, -4, 0],
			"to": [13, 5, 1],
			"rotation": {"angle": 0, "axis": "y", "origin": [10, 9, 4]},
			"faces": {
				"north": {"uv": [13, 15, 12, 16], "texture": "#3"},
				"east": {"uv": [13, 15, 12, 16], "texture": "#3"},
				"south": {"uv": [13, 15, 12, 16], "texture": "#3"},
				"west": {"uv": [13, 15, 12, 16], "texture": "#3"},
				"up": {"uv": [13, 15, 12, 16], "texture": "#3"},
				"down": {"uv": [13, 15, 12, 16], "texture": "#3"}
			}
		},
		{
			"from": [3, -4, 0],
			"to": [6, 5, 1],
			"rotation": {"angle": 0, "axis": "y", "origin": [6, 9, 4]},
			"faces": {
				"north": {"uv": [13, 15, 12, 16], "texture": "#3"},
				"east": {"uv": [13, 15, 12, 16], "texture": "#3"},
				"south": {"uv": [13, 15, 12, 16], "texture": "#3"},
				"west": {"uv": [13, 15, 12, 16], "texture": "#3"},
				"up": {"uv": [13, 15, 12, 16], "texture": "#3"},
				"down": {"uv": [13, 15, 12, 16], "texture": "#3"}
			}
		},
		{
			"from": [11, 5, 0],
			"to": [13, 6, 1],
			"rotation": {"angle": 0, "axis": "y", "origin": [10, 10, 4]},
			"faces": {
				"north": {"uv": [13, 15, 12, 16], "texture": "#3"},
				"east": {"uv": [13, 15, 12, 16], "texture": "#3"},
				"south": {"uv": [13, 15, 12, 16], "texture": "#3"},
				"west": {"uv": [13, 15, 12, 16], "texture": "#3"},
				"up": {"uv": [13, 15, 12, 16], "texture": "#3"},
				"down": {"uv": [13, 15, 12, 16], "texture": "#3"}
			}
		},
		{
			"from": [3, 5, 0],
			"to": [5, 6, 1],
			"rotation": {"angle": 0, "axis": "y", "origin": [6, 10, 4]},
			"faces": {
				"north": {"uv": [13, 15, 12, 16], "texture": "#3"},
				"east": {"uv": [13, 15, 12, 16], "texture": "#3"},
				"south": {"uv": [13, 15, 12, 16], "texture": "#3"},
				"west": {"uv": [13, 15, 12, 16], "texture": "#3"},
				"up": {"uv": [13, 15, 12, 16], "texture": "#3"},
				"down": {"uv": [13, 15, 12, 16], "texture": "#3"}
			}
		}
	],
	"display": {
		"thirdperson_righthand": {
			"scale": [0.25, 0.25, 0.25]
		},
		"thirdperson_lefthand": {
			"scale": [0.25, 0.25, 0.25]
		},
		"firstperson_righthand": {
			"scale": [0.25, 0.25, 0.25]
		},
		"firstperson_lefthand": {
			"scale": [0.25, 0.25, 0.25]
		},
		"ground": {
			"translation": [0, 5.25, 0],
			"scale": [0.5, 0.5, 0.5]
		},
		"gui": {
			"rotation": [20, -165, 0],
			"translation": [0, -0.25, 0],
			"scale": [0.35, 0.35, 0.35]
		},
		"head": {
			"translation": [0, 1.25, -1.5],
			"scale": [0.89, 0.89, 0.96]
		},
		"fixed": {
			"translation": [0, -2.25, 0],
			"scale": [0.5, 0.5, 0.5]
		}
	},
	"groups": [
		{
			"name": "group",
			"origin": [8, 8, 8],
			"color": 0,
			"children": [0, 1, 2, 3, 4, 5, 6, 7, 8, 9, 10, 11, 12, 13, 14, 15, 16, 17, 18, 19, 20, 21, 22, 23, 24, 25, 26, 27, 28, 29, 30, 31, 32, 33, 34, 35, 36, 37, 38, 39, 40, 41, 42, 43, 44, 45, 46, 47, 48, 49, 50, 51, 52, 53, 54, 55, 56, 57, 58, 59, 60, 61, 62, 63, 64, 65, 66, 67, 68, 69, 70, 71, 72, 73, 74, 75, 76, 77, 78, 79, 80, 81, 82, 83, 84, 85, 86, 87, 88, 89, 90, 91, 92, 93, 94, 95, 96, 97, 98, 99, 100, 101, 102, 103, 104, 105, 106, 107, 108, 109, 110, 111, 112, 113, 114, 115, 116, 117, 118, 119, 120, 121, 122, 123, 124, 125, 126, 127, 128, 129, 130, 131, 132, 133, 134, 135, 136, 137, 138, 139, 140, 141, 142, 143, 144, 145, 146, 147, 148, 149, 150, 151, 152, 153, 154]
		}
	]
}