{
	"credit": "Made with Blockbench",
	"textures": {
		"1": "block/red_wool",
		"3": "block/yellow_wool",
		"particle": "block/yellow_wool"
	},
	"elements": [
		{
			"from": [9, -7, -4],
			"to": [10, -6, -3],
			"rotation": {"angle": 0, "axis": "y", "origin": [8, 1, 4]},
			"faces": {
				"north": {"uv": [16, 15, 15, 16], "texture": "#3"},
				"east": {"uv": [16, 15, 15, 16], "texture": "#3"},
				"south": {"uv": [16, 15, 15, 16], "texture": "#3"},
				"west": {"uv": [16, 15, 15, 16], "texture": "#3"},
				"up": {"uv": [16, 15, 15, 16], "texture": "#3"},
				"down": {"uv": [16, 15, 15, 16], "texture": "#3"}
			}
		},
		{
			"from": [6, -7, -4],
			"to": [7, -6, -3],
			"rotation": {"angle": 0, "axis": "y", "origin": [8, 1, 4]},
			"faces": {
				"north": {"uv": [16, 15, 15, 16], "texture": "#3"},
				"east": {"uv": [16, 15, 15, 16], "texture": "#3"},
				"south": {"uv": [16, 15, 15, 16], "texture": "#3"},
				"west": {"uv": [16, 15, 15, 16], "texture": "#3"},
				"up": {"uv": [16, 15, 15, 16], "texture": "#3"},
				"down": {"uv": [16, 15, 15, 16], "texture": "#3"}
			}
		},
		{
			"from": [9, -6, -4],
			"to": [11, -5, -3],
			"rotation": {"angle": 0, "axis": "y", "origin": [8, 1, 4]},
			"faces": {
				"north": {"uv": [16, 15, 15, 16], "texture": "#3"},
				"east": {"uv": [16, 15, 15, 16], "texture": "#3"},
				"south": {"uv": [16, 15, 15, 16], "texture": "#3"},
				"west": {"uv": [16, 15, 15, 16], "texture": "#3"},
				"up": {"uv": [16, 15, 15, 16], "texture": "#3"},
				"down": {"uv": [16, 15, 15, 16], "texture": "#3"}
			}
		},
		{
			"from": [5, -6, -4],
			"to": [7, -5, -3],
			"rotation": {"angle": 0, "axis": "y", "origin": [8, 1, 4]},
			"faces": {
				"north": {"uv": [16, 15, 15, 16], "texture": "#3"},
				"east": {"uv": [16, 15, 15, 16], "texture": "#3"},
				"south": {"uv": [16, 15, 15, 16], "texture": "#3"},
				"west": {"uv": [16, 15, 15, 16], "texture": "#3"},
				"up": {"uv": [16, 15, 15, 16], "texture": "#3"},
				"down": {"uv": [16, 15, 15, 16], "texture": "#3"}
			}
		},
		{
			"from": [9, -5, -4],
			"to": [12, -4, -3],
			"rotation": {"angle": 0, "axis": "y", "origin": [8, 1, 4]},
			"faces": {
				"north": {"uv": [16, 15, 15, 16], "texture": "#3"},
				"east": {"uv": [16, 15, 15, 16], "texture": "#3"},
				"south": {"uv": [16, 15, 15, 16], "texture": "#3"},
				"west": {"uv": [16, 15, 15, 16], "texture": "#3"},
				"up": {"uv": [16, 15, 15, 16], "texture": "#3"},
				"down": {"uv": [16, 15, 15, 16], "texture": "#3"}
			}
		},
		{
			"from": [4, -5, -4],
			"to": [7, -4, -3],
			"rotation": {"angle": 0, "axis": "y", "origin": [8, 1, 4]},
			"faces": {
				"north": {"uv": [16, 15, 15, 16], "texture": "#3"},
				"east": {"uv": [16, 15, 15, 16], "texture": "#3"},
				"south": {"uv": [16, 15, 15, 16], "texture": "#3"},
				"west": {"uv": [16, 15, 15, 16], "texture": "#3"},
				"up": {"uv": [16, 15, 15, 16], "texture": "#3"},
				"down": {"uv": [16, 15, 15, 16], "texture": "#3"}
			}
		},
		{
			"from": [9, -2, -5],
			"to": [10, 2, -4],
			"rotation": {"angle": 0, "axis": "y", "origin": [8, 3, 3]},
			"faces": {
				"north": {"uv": [16, 15, 15, 16], "texture": "#3"},
				"east": {"uv": [16, 15, 15, 16], "texture": "#3"},
				"south": {"uv": [16, 15, 15, 16], "texture": "#3"},
				"west": {"uv": [16, 15, 15, 16], "texture": "#3"},
				"up": {"uv": [16, 15, 15, 16], "texture": "#3"},
				"down": {"uv": [16, 15, 15, 16], "texture": "#3"}
			}
		},
		{
			"from": [6, -2, -5],
			"to": [7, 2, -4],
			"rotation": {"angle": 0, "axis": "y", "origin": [8, 3, 3]},
			"faces": {
				"north": {"uv": [16, 15, 15, 16], "texture": "#3"},
				"east": {"uv": [16, 15, 15, 16], "texture": "#3"},
				"south": {"uv": [16, 15, 15, 16], "texture": "#3"},
				"west": {"uv": [16, 15, 15, 16], "texture": "#3"},
				"up": {"uv": [16, 15, 15, 16], "texture": "#3"},
				"down": {"uv": [16, 15, 15, 16], "texture": "#3"}
			}
		},
		{
			"from": [10, -1, -5],
			"to": [11, 3, -4],
			"rotation": {"angle": 0, "axis": "y", "origin": [8, 7, 3]},
			"faces": {
				"north": {"uv": [16, 15, 15, 16], "texture": "#3"},
				"east": {"uv": [16, 15, 15, 16], "texture": "#3"},
				"south": {"uv": [16, 15, 15, 16], "texture": "#3"},
				"west": {"uv": [16, 15, 15, 16], "texture": "#3"},
				"up": {"uv": [16, 15, 15, 16], "texture": "#3"},
				"down": {"uv": [16, 15, 15, 16], "texture": "#3"}
			}
		},
		{
			"from": [5, -1, -5],
			"to": [6, 3, -4],
			"rotation": {"angle": 0, "axis": "y", "origin": [8, 7, 3]},
			"faces": {
				"north": {"uv": [16, 15, 15, 16], "texture": "#3"},
				"east": {"uv": [16, 15, 15, 16], "texture": "#3"},
				"south": {"uv": [16, 15, 15, 16], "texture": "#3"},
				"west": {"uv": [16, 15, 15, 16], "texture": "#3"},
				"up": {"uv": [16, 15, 15, 16], "texture": "#3"},
				"down": {"uv": [16, 15, 15, 16], "texture": "#3"}
			}
		},
		{
			"from": [13, -4, -3],
			"to": [14, 7, -2],
			"rotation": {"angle": 0, "axis": "y", "origin": [10, 1, 4]},
			"faces": {
				"north": {"uv": [16, 15, 15, 16], "texture": "#3"},
				"east": {"uv": [16, 15, 15, 16], "texture": "#3"},
				"south": {"uv": [16, 15, 15, 16], "texture": "#3"},
				"west": {"uv": [16, 15, 15, 16], "texture": "#3"},
				"up": {"uv": [16, 15, 15, 16], "texture": "#3"},
				"down": {"uv": [16, 15, 15, 16], "texture": "#3"}
			}
		},
		{
			"from": [2, -4, -3],
			"to": [3, 7, -2],
			"rotation": {"angle": 0, "axis": "y", "origin": [6, 1, 4]},
			"faces": {
				"north": {"uv": [16, 15, 15, 16], "texture": "#3"},
				"east": {"uv": [16, 15, 15, 16], "texture": "#3"},
				"south": {"uv": [16, 15, 15, 16], "texture": "#3"},
				"west": {"uv": [16, 15, 15, 16], "texture": "#3"},
				"up": {"uv": [16, 15, 15, 16], "texture": "#3"},
				"down": {"uv": [16, 15, 15, 16], "texture": "#3"}
			}
		},
		{
			"from": [2, 9, -3],
			"to": [14, 13, -2],
			"rotation": {"angle": 0, "axis": "y", "origin": [6, 13, 4]},
			"faces": {
				"north": {"uv": [16, 15, 15, 16], "texture": "#3"},
				"east": {"uv": [16, 15, 15, 16], "texture": "#3"},
				"south": {"uv": [16, 15, 15, 16], "texture": "#3"},
				"west": {"uv": [16, 15, 15, 16], "texture": "#3"},
				"up": {"uv": [16, 15, 15, 16], "texture": "#3"},
				"down": {"uv": [16, 15, 15, 16], "texture": "#3"}
			}
		},
		{
			"from": [3, 13, -3],
			"to": [13, 14, -2],
			"rotation": {"angle": 0, "axis": "y", "origin": [6, 14, 4]},
			"faces": {
				"north": {"uv": [16, 15, 15, 16], "texture": "#3"},
				"east": {"uv": [16, 15, 15, 16], "texture": "#3"},
				"south": {"uv": [16, 15, 15, 16], "texture": "#3"},
				"west": {"uv": [16, 15, 15, 16], "texture": "#3"},
				"up": {"uv": [16, 15, 15, 16], "texture": "#3"},
				"down": {"uv": [16, 15, 15, 16], "texture": "#3"}
			}
		},
		{
			"from": [4, 14, -3],
			"to": [12, 15, -2],
			"rotation": {"angle": 0, "axis": "y", "origin": [6, 14, 4]},
			"faces": {
				"north": {"uv": [16, 15, 15, 16], "texture": "#3"},
				"east": {"uv": [16, 15, 15, 16], "texture": "#3"},
				"south": {"uv": [16, 15, 15, 16], "texture": "#3"},
				"west": {"uv": [16, 15, 15, 16], "texture": "#3"},
				"up": {"uv": [16, 15, 15, 16], "texture": "#3"},
				"down": {"uv": [16, 15, 15, 16], "texture": "#3"}
			}
		},
		{
			"from": [4, 8, -3],
			"to": [5, 9, -2],
			"rotation": {"angle": 0, "axis": "y", "origin": [6, 10, 4]},
			"faces": {
				"north": {"uv": [16, 15, 15, 16], "texture": "#3"},
				"east": {"uv": [16, 15, 15, 16], "texture": "#3"},
				"south": {"uv": [16, 15, 15, 16], "texture": "#3"},
				"west": {"uv": [16, 15, 15, 16], "texture": "#3"},
				"up": {"uv": [16, 15, 15, 16], "texture": "#3"},
				"down": {"uv": [16, 15, 15, 16], "texture": "#3"}
			}
		},
		{
			"from": [11, 8, -3],
			"to": [12, 9, -2],
			"rotation": {"angle": 0, "axis": "y", "origin": [10, 10, 4]},
			"faces": {
				"north": {"uv": [16, 15, 15, 16], "texture": "#3"},
				"east": {"uv": [16, 15, 15, 16], "texture": "#3"},
				"south": {"uv": [16, 15, 15, 16], "texture": "#3"},
				"west": {"uv": [16, 15, 15, 16], "texture": "#3"},
				"up": {"uv": [16, 15, 15, 16], "texture": "#3"},
				"down": {"uv": [16, 15, 15, 16], "texture": "#3"}
			}
		},
		{
			"from": [11, 8, -3],
			"to": [12, 9, -2],
			"rotation": {"angle": 0, "axis": "y", "origin": [10, 10, 4]},
			"faces": {
				"north": {"uv": [16, 15, 15, 16], "texture": "#3"},
				"east": {"uv": [16, 15, 15, 16], "texture": "#3"},
				"south": {"uv": [16, 15, 15, 16], "texture": "#3"},
				"west": {"uv": [16, 15, 15, 16], "texture": "#3"},
				"up": {"uv": [16, 15, 15, 16], "texture": "#3"},
				"down": {"uv": [16, 15, 15, 16], "texture": "#3"}
			}
		},
		{
			"from": [4, 8, -3],
			"to": [5, 9, -2],
			"rotation": {"angle": 0, "axis": "y", "origin": [6, 10, 4]},
			"faces": {
				"north": {"uv": [16, 15, 15, 16], "texture": "#3"},
				"east": {"uv": [16, 15, 15, 16], "texture": "#3"},
				"south": {"uv": [16, 15, 15, 16], "texture": "#3"},
				"west": {"uv": [16, 15, 15, 16], "texture": "#3"},
				"up": {"uv": [16, 15, 15, 16], "texture": "#3"},
				"down": {"uv": [16, 15, 15, 16], "texture": "#3"}
			}
		},
		{
			"from": [6, 7, -4],
			"to": [10, 8, -3],
			"rotation": {"angle": 0, "axis": "y", "origin": [7, 10, 4]},
			"faces": {
				"north": {"uv": [16, 15, 15, 16], "texture": "#3"},
				"east": {"uv": [16, 15, 15, 16], "texture": "#3"},
				"south": {"uv": [16, 15, 15, 16], "texture": "#3"},
				"west": {"uv": [16, 15, 15, 16], "texture": "#3"},
				"up": {"uv": [16, 15, 15, 16], "texture": "#3"},
				"down": {"uv": [16, 15, 15, 16], "texture": "#3"}
			}
		},
		{
			"from": [7, 15, -3],
			"to": [9, 16, -2],
			"rotation": {"angle": 0, "axis": "y", "origin": [9, 10, 4]},
			"faces": {
				"north": {"uv": [16, 15, 15, 16], "texture": "#3"},
				"east": {"uv": [16, 15, 15, 16], "texture": "#3"},
				"south": {"uv": [16, 15, 15, 16], "texture": "#3"},
				"west": {"uv": [16, 15, 15, 16], "texture": "#3"},
				"up": {"uv": [16, 15, 15, 16], "texture": "#3"},
				"down": {"uv": [16, 15, 15, 16], "texture": "#3"}
			}
		},
		{
			"from": [7, 16, -2],
			"to": [9, 17, -1],
			"rotation": {"angle": 0, "axis": "y", "origin": [9, 10, 4]},
			"faces": {
				"north": {"uv": [16, 15, 15, 16], "texture": "#3"},
				"east": {"uv": [16, 15, 15, 16], "texture": "#3"},
				"south": {"uv": [16, 15, 15, 16], "texture": "#3"},
				"west": {"uv": [16, 15, 15, 16], "texture": "#3"},
				"up": {"uv": [16, 15, 15, 16], "texture": "#3"},
				"down": {"uv": [16, 15, 15, 16], "texture": "#3"}
			}
		},
		{
			"from": [7, 17, -1],
			"to": [9, 18, 0],
			"rotation": {"angle": 0, "axis": "y", "origin": [9, 10, 4]},
			"faces": {
				"north": {"uv": [16, 15, 15, 16], "texture": "#3"},
				"east": {"uv": [16, 15, 15, 16], "texture": "#3"},
				"south": {"uv": [16, 15, 15, 16], "texture": "#3"},
				"west": {"uv": [16, 15, 15, 16], "texture": "#3"},
				"up": {"uv": [16, 15, 15, 16], "texture": "#3"},
				"down": {"uv": [16, 15, 15, 16], "texture": "#3"}
			}
		},
		{
			"from": [5, 8, -4],
			"to": [11, 12, -3],
			"rotation": {"angle": 0, "axis": "y", "origin": [10, 10, 4]},
			"faces": {
				"north": {"uv": [16, 15, 15, 16], "texture": "#3"},
				"east": {"uv": [16, 15, 15, 16], "texture": "#3"},
				"south": {"uv": [16, 15, 15, 16], "texture": "#3"},
				"west": {"uv": [16, 15, 15, 16], "texture": "#3"},
				"up": {"uv": [16, 15, 15, 16], "texture": "#3"},
				"down": {"uv": [16, 15, 15, 16], "texture": "#3"}
			}
		},
		{
			"from": [5, 12, -4],
			"to": [7, 13, -3],
			"rotation": {"angle": 0, "axis": "y", "origin": [6, 10, 4]},
			"faces": {
				"north": {"uv": [16, 15, 15, 16], "texture": "#3"},
				"east": {"uv": [16, 15, 15, 16], "texture": "#3"},
				"south": {"uv": [16, 15, 15, 16], "texture": "#3"},
				"west": {"uv": [16, 15, 15, 16], "texture": "#3"},
				"up": {"uv": [16, 15, 15, 16], "texture": "#3"},
				"down": {"uv": [16, 15, 15, 16], "texture": "#3"}
			}
		},
		{
			"from": [9, 12, -4],
			"to": [11, 13, -3],
			"rotation": {"angle": 0, "axis": "y", "origin": [10, 10, 4]},
			"faces": {
				"north": {"uv": [16, 15, 15, 16], "texture": "#3"},
				"east": {"uv": [16, 15, 15, 16], "texture": "#3"},
				"south": {"uv": [16, 15, 15, 16], "texture": "#3"},
				"west": {"uv": [16, 15, 15, 16], "texture": "#3"},
				"up": {"uv": [16, 15, 15, 16], "texture": "#3"},
				"down": {"uv": [16, 15, 15, 16], "texture": "#3"}
			}
		},
		{
			"from": [5, 13, -4],
			"to": [6, 14, -3],
			"rotation": {"angle": 0, "axis": "y", "origin": [6, 10, 4]},
			"faces": {
				"north": {"uv": [16, 15, 15, 16], "texture": "#3"},
				"east": {"uv": [16, 15, 15, 16], "texture": "#3"},
				"south": {"uv": [16, 15, 15, 16], "texture": "#3"},
				"west": {"uv": [16, 15, 15, 16], "texture": "#3"},
				"up": {"uv": [16, 15, 15, 16], "texture": "#3"},
				"down": {"uv": [16, 15, 15, 16], "texture": "#3"}
			}
		},
		{
			"from": [10, 13, -4],
			"to": [11, 14, -3],
			"rotation": {"angle": 0, "axis": "y", "origin": [10, 10, 4]},
			"faces": {
				"north": {"uv": [16, 15, 15, 16], "texture": "#3"},
				"east": {"uv": [16, 15, 15, 16], "texture": "#3"},
				"south": {"uv": [16, 15, 15, 16], "texture": "#3"},
				"west": {"uv": [16, 15, 15, 16], "texture": "#3"},
				"up": {"uv": [16, 15, 15, 16], "texture": "#3"},
				"down": {"uv": [16, 15, 15, 16], "texture": "#3"}
			}
		},
		{
			"from": [14, -3, -3],
			"to": [15, 9, -2],
			"rotation": {"angle": 0, "axis": "y", "origin": [10, 1, 4]},
			"faces": {
				"north": {"uv": [16, 15, 15, 16], "texture": "#3"},
				"east": {"uv": [16, 15, 15, 16], "texture": "#3"},
				"south": {"uv": [16, 15, 15, 16], "texture": "#3"},
				"west": {"uv": [16, 15, 15, 16], "texture": "#3"},
				"up": {"uv": [16, 15, 15, 16], "texture": "#3"},
				"down": {"uv": [16, 15, 15, 16], "texture": "#3"}
			}
		},
		{
			"from": [1, -3, -3],
			"to": [2, 9, -2],
			"rotation": {"angle": 0, "axis": "y", "origin": [6, 1, 4]},
			"faces": {
				"north": {"uv": [16, 15, 15, 16], "texture": "#3"},
				"east": {"uv": [16, 15, 15, 16], "texture": "#3"},
				"south": {"uv": [16, 15, 15, 16], "texture": "#3"},
				"west": {"uv": [16, 15, 15, 16], "texture": "#3"},
				"up": {"uv": [16, 15, 15, 16], "texture": "#3"},
				"down": {"uv": [16, 15, 15, 16], "texture": "#3"}
			}
		},
		{
			"from": [15, -3, -2],
			"to": [16, 14, -1],
			"rotation": {"angle": 0, "axis": "y", "origin": [10, 1, 4]},
			"faces": {
				"north": {"uv": [16, 15, 15, 16], "texture": "#3"},
				"east": {"uv": [16, 15, 15, 16], "texture": "#3"},
				"south": {"uv": [16, 15, 15, 16], "texture": "#3"},
				"west": {"uv": [16, 15, 15, 16], "texture": "#3"},
				"up": {"uv": [16, 15, 15, 16], "texture": "#3"},
				"down": {"uv": [16, 15, 15, 16], "texture": "#3"}
			}
		},
		{
			"from": [0, -3, -2],
			"to": [1, 14, -1],
			"rotation": {"angle": 0, "axis": "y", "origin": [6, 1, 4]},
			"faces": {
				"north": {"uv": [16, 15, 15, 16], "texture": "#3"},
				"east": {"uv": [16, 15, 15, 16], "texture": "#3"},
				"south": {"uv": [16, 15, 15, 16], "texture": "#3"},
				"west": {"uv": [16, 15, 15, 16], "texture": "#3"},
				"up": {"uv": [16, 15, 15, 16], "texture": "#3"},
				"down": {"uv": [16, 15, 15, 16], "texture": "#3"}
			}
		},
		{
			"from": [17, -2, 0],
			"to": [18, -1, 1],
			"rotation": {"angle": 0, "axis": "y", "origin": [12, 1, 6]},
			"faces": {
				"north": {"uv": [16, 15, 15, 16], "texture": "#3"},
				"east": {"uv": [16, 15, 15, 16], "texture": "#3"},
				"south": {"uv": [16, 15, 15, 16], "texture": "#3"},
				"west": {"uv": [16, 15, 15, 16], "texture": "#3"},
				"up": {"uv": [16, 15, 15, 16], "texture": "#3"},
				"down": {"uv": [16, 15, 15, 16], "texture": "#3"}
			}
		},
		{
			"from": [-2, -2, 0],
			"to": [-1, -1, 1],
			"rotation": {"angle": 0, "axis": "y", "origin": [4, 1, 6]},
			"faces": {
				"north": {"uv": [16, 15, 15, 16], "texture": "#3"},
				"east": {"uv": [16, 15, 15, 16], "texture": "#3"},
				"south": {"uv": [16, 15, 15, 16], "texture": "#3"},
				"west": {"uv": [16, 15, 15, 16], "texture": "#3"},
				"up": {"uv": [16, 15, 15, 16], "texture": "#3"},
				"down": {"uv": [16, 15, 15, 16], "texture": "#3"}
			}
		},
		{
			"from": [17, -1, 0],
			"to": [18, 14, 17],
			"rotation": {"angle": 0, "axis": "y", "origin": [12, 1, 6]},
			"faces": {
				"north": {"uv": [16, 15, 15, 16], "texture": "#3"},
				"east": {"uv": [16, 15, 15, 16], "texture": "#3"},
				"south": {"uv": [16, 15, 15, 16], "texture": "#3"},
				"west": {"uv": [16, 15, 15, 16], "texture": "#3"},
				"up": {"uv": [16, 15, 15, 16], "texture": "#3"},
				"down": {"uv": [16, 15, 15, 16], "texture": "#3"}
			}
		},
		{
			"from": [-2, -1, 0],
			"to": [-1, 14, 17],
			"rotation": {"angle": 0, "axis": "y", "origin": [4, 1, 6]},
			"faces": {
				"north": {"uv": [16, 15, 15, 16], "texture": "#3"},
				"east": {"uv": [16, 15, 15, 16], "texture": "#3"},
				"south": {"uv": [16, 15, 15, 16], "texture": "#3"},
				"west": {"uv": [16, 15, 15, 16], "texture": "#3"},
				"up": {"uv": [16, 15, 15, 16], "texture": "#3"},
				"down": {"uv": [16, 15, 15, 16], "texture": "#3"}
			}
		},
		{
			"from": [1, 9, -2],
			"to": [15, 15, -1],
			"rotation": {"angle": 0, "axis": "y", "origin": [6, 2, 4]},
			"faces": {
				"north": {"uv": [16, 15, 15, 16], "texture": "#3"},
				"east": {"uv": [16, 15, 15, 16], "texture": "#3"},
				"south": {"uv": [16, 15, 15, 16], "texture": "#3"},
				"west": {"uv": [16, 15, 15, 16], "texture": "#3"},
				"up": {"uv": [16, 15, 15, 16], "texture": "#3"},
				"down": {"uv": [16, 15, 15, 16], "texture": "#3"}
			}
		},
		{
			"from": [9, 15, -2],
			"to": [12, 16, -1],
			"rotation": {"angle": 0, "axis": "y", "origin": [7, 3, 4]},
			"faces": {
				"north": {"uv": [16, 15, 15, 16], "texture": "#3"},
				"east": {"uv": [16, 15, 15, 16], "texture": "#3"},
				"south": {"uv": [16, 15, 15, 16], "texture": "#3"},
				"west": {"uv": [16, 15, 15, 16], "texture": "#3"},
				"up": {"uv": [16, 15, 15, 16], "texture": "#3"},
				"down": {"uv": [16, 15, 15, 16], "texture": "#3"}
			}
		},
		{
			"from": [4, 15, -2],
			"to": [7, 16, -1],
			"rotation": {"angle": 0, "axis": "y", "origin": [9, 3, 4]},
			"faces": {
				"north": {"uv": [16, 15, 15, 16], "texture": "#3"},
				"east": {"uv": [16, 15, 15, 16], "texture": "#3"},
				"south": {"uv": [16, 15, 15, 16], "texture": "#3"},
				"west": {"uv": [16, 15, 15, 16], "texture": "#3"},
				"up": {"uv": [16, 15, 15, 16], "texture": "#3"},
				"down": {"uv": [16, 15, 15, 16], "texture": "#3"}
			}
		},
		{
			"from": [9, 16, -1],
			"to": [12, 17, 0],
			"rotation": {"angle": 0, "axis": "y", "origin": [7, 4, 5]},
			"faces": {
				"north": {"uv": [16, 15, 15, 16], "texture": "#3"},
				"east": {"uv": [16, 15, 15, 16], "texture": "#3"},
				"south": {"uv": [16, 15, 15, 16], "texture": "#3"},
				"west": {"uv": [16, 15, 15, 16], "texture": "#3"},
				"up": {"uv": [16, 15, 15, 16], "texture": "#3"},
				"down": {"uv": [16, 15, 15, 16], "texture": "#3"}
			}
		},
		{
			"from": [4, 16, -1],
			"to": [7, 17, 0],
			"rotation": {"angle": 0, "axis": "y", "origin": [9, 4, 5]},
			"faces": {
				"north": {"uv": [16, 15, 15, 16], "texture": "#3"},
				"east": {"uv": [16, 15, 15, 16], "texture": "#3"},
				"south": {"uv": [16, 15, 15, 16], "texture": "#3"},
				"west": {"uv": [16, 15, 15, 16], "texture": "#3"},
				"up": {"uv": [16, 15, 15, 16], "texture": "#3"},
				"down": {"uv": [16, 15, 15, 16], "texture": "#3"}
			}
		},
		{
			"from": [16, -2, -1],
			"to": [17, 14, 0],
			"rotation": {"angle": 0, "axis": "y", "origin": [11, 1, 5]},
			"faces": {
				"north": {"uv": [16, 15, 15, 16], "texture": "#3"},
				"east": {"uv": [16, 15, 15, 16], "texture": "#3"},
				"south": {"uv": [16, 15, 15, 16], "texture": "#3"},
				"west": {"uv": [16, 15, 15, 16], "texture": "#3"},
				"up": {"uv": [16, 15, 15, 16], "texture": "#3"},
				"down": {"uv": [16, 15, 15, 16], "texture": "#3"}
			}
		},
		{
			"from": [-1, -2, -1],
			"to": [0, 14, 0],
			"rotation": {"angle": 0, "axis": "y", "origin": [5, 1, 5]},
			"faces": {
				"north": {"uv": [16, 15, 15, 16], "texture": "#3"},
				"east": {"uv": [16, 15, 15, 16], "texture": "#3"},
				"south": {"uv": [16, 15, 15, 16], "texture": "#3"},
				"west": {"uv": [16, 15, 15, 16], "texture": "#3"},
				"up": {"uv": [16, 15, 15, 16], "texture": "#3"},
				"down": {"uv": [16, 15, 15, 16], "texture": "#3"}
			}
		},
		{
			"from": [16, 14, 0],
			"to": [17, 15, 1],
			"rotation": {"angle": 0, "axis": "y", "origin": [12, 1, 6]},
			"faces": {
				"north": {"uv": [16, 15, 15, 16], "texture": "#3"},
				"east": {"uv": [16, 15, 15, 16], "texture": "#3"},
				"south": {"uv": [16, 15, 15, 16], "texture": "#3"},
				"west": {"uv": [16, 15, 15, 16], "texture": "#3"},
				"up": {"uv": [16, 15, 15, 16], "texture": "#3"},
				"down": {"uv": [16, 15, 15, 16], "texture": "#3"}
			}
		},
		{
			"from": [-1, 14, 0],
			"to": [0, 15, 1],
			"rotation": {"angle": 0, "axis": "y", "origin": [4, 1, 6]},
			"faces": {
				"north": {"uv": [16, 15, 15, 16], "texture": "#3"},
				"east": {"uv": [16, 15, 15, 16], "texture": "#3"},
				"south": {"uv": [16, 15, 15, 16], "texture": "#3"},
				"west": {"uv": [16, 15, 15, 16], "texture": "#3"},
				"up": {"uv": [16, 15, 15, 16], "texture": "#3"},
				"down": {"uv": [16, 15, 15, 16], "texture": "#3"}
			}
		},
		{
			"from": [15, 15, 0],
			"to": [16, 16, 1],
			"rotation": {"angle": 0, "axis": "y", "origin": [12, 1, 6]},
			"faces": {
				"north": {"uv": [16, 15, 15, 16], "texture": "#3"},
				"east": {"uv": [16, 15, 15, 16], "texture": "#3"},
				"south": {"uv": [16, 15, 15, 16], "texture": "#3"},
				"west": {"uv": [16, 15, 15, 16], "texture": "#3"},
				"up": {"uv": [16, 15, 15, 16], "texture": "#3"},
				"down": {"uv": [16, 15, 15, 16], "texture": "#3"}
			}
		},
		{
			"from": [0, 15, 0],
			"to": [1, 16, 1],
			"rotation": {"angle": 0, "axis": "y", "origin": [4, 1, 6]},
			"faces": {
				"north": {"uv": [16, 15, 15, 16], "texture": "#3"},
				"east": {"uv": [16, 15, 15, 16], "texture": "#3"},
				"south": {"uv": [16, 15, 15, 16], "texture": "#3"},
				"west": {"uv": [16, 15, 15, 16], "texture": "#3"},
				"up": {"uv": [16, 15, 15, 16], "texture": "#3"},
				"down": {"uv": [16, 15, 15, 16], "texture": "#3"}
			}
		},
		{
			"from": [10, 16, 0],
			"to": [15, 17, 1],
			"rotation": {"angle": 0, "axis": "y", "origin": [12, 1, 6]},
			"faces": {
				"north": {"uv": [16, 15, 15, 16], "texture": "#3"},
				"east": {"uv": [16, 15, 15, 16], "texture": "#3"},
				"south": {"uv": [16, 15, 15, 16], "texture": "#3"},
				"west": {"uv": [16, 15, 15, 16], "texture": "#3"},
				"up": {"uv": [16, 15, 15, 16], "texture": "#3"},
				"down": {"uv": [16, 15, 15, 16], "texture": "#3"}
			}
		},
		{
			"from": [1, 16, 0],
			"to": [6, 17, 1],
			"rotation": {"angle": 0, "axis": "y", "origin": [4, 1, 6]},
			"faces": {
				"north": {"uv": [16, 15, 15, 16], "texture": "#3"},
				"east": {"uv": [16, 15, 15, 16], "texture": "#3"},
				"south": {"uv": [16, 15, 15, 16], "texture": "#3"},
				"west": {"uv": [16, 15, 15, 16], "texture": "#3"},
				"up": {"uv": [16, 15, 15, 16], "texture": "#3"},
				"down": {"uv": [16, 15, 15, 16], "texture": "#3"}
			}
		},
		{
			"from": [7, 18, 0],
			"to": [9, 19, 2],
			"rotation": {"angle": 0, "axis": "y", "origin": [12, 1, 6]},
			"faces": {
				"north": {"uv": [16, 15, 15, 16], "texture": "#3"},
				"east": {"uv": [16, 15, 15, 16], "texture": "#3"},
				"south": {"uv": [16, 15, 15, 16], "texture": "#3"},
				"west": {"uv": [16, 15, 15, 16], "texture": "#3"},
				"up": {"uv": [16, 15, 15, 16], "texture": "#3"},
				"down": {"uv": [16, 15, 15, 16], "texture": "#3"}
			}
		},
		{
			"from": [7, 19, 2],
			"to": [9, 20, 3],
			"rotation": {"angle": 0, "axis": "y", "origin": [12, 1, 6]},
			"faces": {
				"north": {"uv": [16, 15, 15, 16], "texture": "#3"},
				"east": {"uv": [16, 15, 15, 16], "texture": "#3"},
				"south": {"uv": [16, 15, 15, 16], "texture": "#3"},
				"west": {"uv": [16, 15, 15, 16], "texture": "#3"},
				"up": {"uv": [16, 15, 15, 16], "texture": "#3"},
				"down": {"uv": [16, 15, 15, 16], "texture": "#3"}
			}
		},
		{
			"from": [7, 20, 3],
			"to": [9, 21, 4],
			"rotation": {"angle": 0, "axis": "y", "origin": [12, 1, 7]},
			"faces": {
				"north": {"uv": [16, 15, 15, 16], "texture": "#3"},
				"east": {"uv": [16, 15, 15, 16], "texture": "#3"},
				"south": {"uv": [16, 15, 15, 16], "texture": "#3"},
				"west": {"uv": [16, 15, 15, 16], "texture": "#3"},
				"up": {"uv": [16, 15, 15, 16], "texture": "#3"},
				"down": {"uv": [16, 15, 15, 16], "texture": "#3"}
			}
		},
		{
			"from": [7, 21, 3],
			"to": [9, 32, 4],
			"rotation": {"angle": 0, "axis": "y", "origin": [4, 1, 7]},
			"faces": {
				"north": {"uv": [16, 15, 15, 16], "texture": "#1"},
				"east": {"uv": [16, 15, 15, 16], "texture": "#1"},
				"south": {"uv": [16, 15, 15, 16], "texture": "#1"},
				"west": {"uv": [16, 15, 15, 16], "texture": "#1"},
				"up": {"uv": [16, 15, 15, 16], "texture": "#1"},
				"down": {"uv": [16, 15, 15, 16], "texture": "#1"}
			}
		},
		{
			"from": [7, 21, 11],
			"to": [9, 31, 14],
			"rotation": {"angle": 0, "axis": "y", "origin": [4, 1, 7]},
			"faces": {
				"north": {"uv": [16, 15, 15, 16], "texture": "#1"},
				"east": {"uv": [16, 15, 15, 16], "texture": "#1"},
				"south": {"uv": [16, 15, 15, 16], "texture": "#1"},
				"west": {"uv": [16, 15, 15, 16], "texture": "#1"},
				"up": {"uv": [16, 15, 15, 16], "texture": "#1"},
				"down": {"uv": [16, 15, 15, 16], "texture": "#1"}
			}
		},
		{
			"from": [7, 21, 14],
			"to": [9, 30, 15],
			"rotation": {"angle": 0, "axis": "y", "origin": [4, 1, 7]},
			"faces": {
				"north": {"uv": [16, 15, 15, 16], "texture": "#1"},
				"east": {"uv": [16, 15, 15, 16], "texture": "#1"},
				"south": {"uv": [16, 15, 15, 16], "texture": "#1"},
				"west": {"uv": [16, 15, 15, 16], "texture": "#1"},
				"up": {"uv": [16, 15, 15, 16], "texture": "#1"},
				"down": {"uv": [16, 15, 15, 16], "texture": "#1"}
			}
		},
		{
			"from": [7, 19, 18],
			"to": [9, 28, 19],
			"rotation": {"angle": 0, "axis": "y", "origin": [4, 3, 1]},
			"faces": {
				"north": {"uv": [16, 15, 15, 16], "texture": "#1"},
				"east": {"uv": [16, 15, 15, 16], "texture": "#1"},
				"south": {"uv": [16, 15, 15, 16], "texture": "#1"},
				"west": {"uv": [16, 15, 15, 16], "texture": "#1"},
				"up": {"uv": [16, 15, 15, 16], "texture": "#1"},
				"down": {"uv": [16, 15, 15, 16], "texture": "#1"}
			}
		},
		{
			"from": [7, 18, 19],
			"to": [9, 28, 20],
			"rotation": {"angle": 0, "axis": "y", "origin": [4, 3, 1]},
			"faces": {
				"north": {"uv": [16, 15, 15, 16], "texture": "#1"},
				"east": {"uv": [16, 15, 15, 16], "texture": "#1"},
				"south": {"uv": [16, 15, 15, 16], "texture": "#1"},
				"west": {"uv": [16, 15, 15, 16], "texture": "#1"},
				"up": {"uv": [16, 15, 15, 16], "texture": "#1"},
				"down": {"uv": [16, 15, 15, 16], "texture": "#1"}
			}
		},
		{
			"from": [7, 17, 20],
			"to": [9, 27, 21],
			"rotation": {"angle": 0, "axis": "y", "origin": [4, 3, 1]},
			"faces": {
				"north": {"uv": [16, 15, 15, 16], "texture": "#1"},
				"east": {"uv": [16, 15, 15, 16], "texture": "#1"},
				"south": {"uv": [16, 15, 15, 16], "texture": "#1"},
				"west": {"uv": [16, 15, 15, 16], "texture": "#1"},
				"up": {"uv": [16, 15, 15, 16], "texture": "#1"},
				"down": {"uv": [16, 15, 15, 16], "texture": "#1"}
			}
		},
		{
			"from": [7, 16, 21],
			"to": [9, 26, 22],
			"rotation": {"angle": 0, "axis": "y", "origin": [4, 3, 1]},
			"faces": {
				"north": {"uv": [16, 15, 15, 16], "texture": "#1"},
				"east": {"uv": [16, 15, 15, 16], "texture": "#1"},
				"south": {"uv": [16, 15, 15, 16], "texture": "#1"},
				"west": {"uv": [16, 15, 15, 16], "texture": "#1"},
				"up": {"uv": [16, 15, 15, 16], "texture": "#1"},
				"down": {"uv": [16, 15, 15, 16], "texture": "#1"}
			}
		},
		{
			"from": [7, 15, 22],
			"to": [9, 24, 23],
			"rotation": {"angle": 0, "axis": "y", "origin": [4, 3, 1]},
			"faces": {
				"north": {"uv": [16, 15, 15, 16], "texture": "#1"},
				"east": {"uv": [16, 15, 15, 16], "texture": "#1"},
				"south": {"uv": [16, 15, 15, 16], "texture": "#1"},
				"west": {"uv": [16, 15, 15, 16], "texture": "#1"},
				"up": {"uv": [16, 15, 15, 16], "texture": "#1"},
				"down": {"uv": [16, 15, 15, 16], "texture": "#1"}
			}
		},
		{
			"from": [7, 14, 23],
			"to": [9, 22, 24],
			"rotation": {"angle": 0, "axis": "y", "origin": [4, 3, 1]},
			"faces": {
				"north": {"uv": [16, 15, 15, 16], "texture": "#1"},
				"east": {"uv": [16, 15, 15, 16], "texture": "#1"},
				"south": {"uv": [16, 15, 15, 16], "texture": "#1"},
				"west": {"uv": [16, 15, 15, 16], "texture": "#1"},
				"up": {"uv": [16, 15, 15, 16], "texture": "#1"},
				"down": {"uv": [16, 15, 15, 16], "texture": "#1"}
			}
		},
		{
			"from": [7, 13, 24],
			"to": [9, 20, 25],
			"rotation": {"angle": 0, "axis": "y", "origin": [4, 3, 1]},
			"faces": {
				"north": {"uv": [16, 15, 15, 16], "texture": "#1"},
				"east": {"uv": [16, 15, 15, 16], "texture": "#1"},
				"south": {"uv": [16, 15, 15, 16], "texture": "#1"},
				"west": {"uv": [16, 15, 15, 16], "texture": "#1"},
				"up": {"uv": [16, 15, 15, 16], "texture": "#1"},
				"down": {"uv": [16, 15, 15, 16], "texture": "#1"}
			}
		},
		{
			"from": [7, 20, 15],
			"to": [9, 30, 17],
			"rotation": {"angle": 0, "axis": "y", "origin": [4, 3, -3]},
			"faces": {
				"north": {"uv": [16, 15, 15, 16], "texture": "#1"},
				"east": {"uv": [16, 15, 15, 16], "texture": "#1"},
				"south": {"uv": [16, 15, 15, 16], "texture": "#1"},
				"west": {"uv": [16, 15, 15, 16], "texture": "#1"},
				"up": {"uv": [16, 15, 15, 16], "texture": "#1"},
				"down": {"uv": [16, 15, 15, 16], "texture": "#1"}
			}
		},
		{
			"from": [7, 20, 17],
			"to": [9, 29, 18],
			"rotation": {"angle": 0, "axis": "y", "origin": [4, 3, -3]},
			"faces": {
				"north": {"uv": [16, 15, 15, 16], "texture": "#1"},
				"east": {"uv": [16, 15, 15, 16], "texture": "#1"},
				"south": {"uv": [16, 15, 15, 16], "texture": "#1"},
				"west": {"uv": [16, 15, 15, 16], "texture": "#1"},
				"up": {"uv": [16, 15, 15, 16], "texture": "#1"},
				"down": {"uv": [16, 15, 15, 16], "texture": "#1"}
			}
		},
		{
			"from": [7, 22, 10],
			"to": [9, 31, 11],
			"rotation": {"angle": 0, "axis": "y", "origin": [4, 5, -8]},
			"faces": {
				"north": {"uv": [16, 15, 15, 16], "texture": "#1"},
				"east": {"uv": [16, 15, 15, 16], "texture": "#1"},
				"south": {"uv": [16, 15, 15, 16], "texture": "#1"},
				"west": {"uv": [16, 15, 15, 16], "texture": "#1"},
				"up": {"uv": [16, 15, 15, 16], "texture": "#1"},
				"down": {"uv": [16, 15, 15, 16], "texture": "#1"}
			}
		},
		{
			"from": [7, 22, 4],
			"to": [9, 32, 10],
			"rotation": {"angle": 0, "axis": "y", "origin": [4, 5, -14]},
			"faces": {
				"north": {"uv": [16, 15, 15, 16], "texture": "#1"},
				"east": {"uv": [16, 15, 15, 16], "texture": "#1"},
				"south": {"uv": [16, 15, 15, 16], "texture": "#1"},
				"west": {"uv": [16, 15, 15, 16], "texture": "#1"},
				"up": {"uv": [16, 15, 15, 16], "texture": "#1"},
				"down": {"uv": [16, 15, 15, 16], "texture": "#1"}
			}
		},
		{
			"from": [7, 27, 2],
			"to": [9, 31, 3],
			"rotation": {"angle": 0, "axis": "y", "origin": [4, 1, 7]},
			"faces": {
				"north": {"uv": [16, 15, 15, 16], "texture": "#1"},
				"east": {"uv": [16, 15, 15, 16], "texture": "#1"},
				"south": {"uv": [16, 15, 15, 16], "texture": "#1"},
				"west": {"uv": [16, 15, 15, 16], "texture": "#1"},
				"up": {"uv": [16, 15, 15, 16], "texture": "#1"},
				"down": {"uv": [16, 15, 15, 16], "texture": "#1"}
			}
		},
		{
			"from": [7, 30, 1],
			"to": [9, 31, 2],
			"rotation": {"angle": 0, "axis": "y", "origin": [4, 1, 7]},
			"faces": {
				"north": {"uv": [16, 15, 15, 16], "texture": "#1"},
				"east": {"uv": [16, 15, 15, 16], "texture": "#1"},
				"south": {"uv": [16, 15, 15, 16], "texture": "#1"},
				"west": {"uv": [16, 15, 15, 16], "texture": "#1"},
				"up": {"uv": [16, 15, 15, 16], "texture": "#1"},
				"down": {"uv": [16, 15, 15, 16], "texture": "#1"}
			}
		},
		{
			"from": [7, 20, 4],
			"to": [9, 22, 11],
			"rotation": {"angle": 0, "axis": "y", "origin": [12, 2, 11]},
			"faces": {
				"north": {"uv": [16, 15, 15, 16], "texture": "#3"},
				"east": {"uv": [16, 15, 15, 16], "texture": "#3"},
				"south": {"uv": [16, 15, 15, 16], "texture": "#3"},
				"west": {"uv": [16, 15, 15, 16], "texture": "#3"},
				"up": {"uv": [16, 15, 15, 16], "texture": "#3"},
				"down": {"uv": [16, 15, 15, 16], "texture": "#3"}
			}
		},
		{
			"from": [7, 20, 11],
			"to": [9, 21, 15],
			"rotation": {"angle": 0, "axis": "y", "origin": [12, 2, 11]},
			"faces": {
				"north": {"uv": [16, 15, 15, 16], "texture": "#3"},
				"east": {"uv": [16, 15, 15, 16], "texture": "#3"},
				"south": {"uv": [16, 15, 15, 16], "texture": "#3"},
				"west": {"uv": [16, 15, 15, 16], "texture": "#3"},
				"up": {"uv": [16, 15, 15, 16], "texture": "#3"},
				"down": {"uv": [16, 15, 15, 16], "texture": "#3"}
			}
		},
		{
			"from": [11, 18, 2],
			"to": [12, 19, 3],
			"rotation": {"angle": 0, "axis": "y", "origin": [12, 1, 6]},
			"faces": {
				"north": {"uv": [16, 15, 15, 16], "texture": "#3"},
				"east": {"uv": [16, 15, 15, 16], "texture": "#3"},
				"south": {"uv": [16, 15, 15, 16], "texture": "#3"},
				"west": {"uv": [16, 15, 15, 16], "texture": "#3"},
				"up": {"uv": [16, 15, 15, 16], "texture": "#3"},
				"down": {"uv": [16, 15, 15, 16], "texture": "#3"}
			}
		},
		{
			"from": [4, 18, 2],
			"to": [5, 19, 3],
			"rotation": {"angle": 0, "axis": "y", "origin": [4, 1, 6]},
			"faces": {
				"north": {"uv": [16, 15, 15, 16], "texture": "#3"},
				"east": {"uv": [16, 15, 15, 16], "texture": "#3"},
				"south": {"uv": [16, 15, 15, 16], "texture": "#3"},
				"west": {"uv": [16, 15, 15, 16], "texture": "#3"},
				"up": {"uv": [16, 15, 15, 16], "texture": "#3"},
				"down": {"uv": [16, 15, 15, 16], "texture": "#3"}
			}
		},
		{
			"from": [12, 17, 2],
			"to": [14, 18, 3],
			"rotation": {"angle": 0, "axis": "y", "origin": [12, 1, 6]},
			"faces": {
				"north": {"uv": [16, 15, 15, 16], "texture": "#3"},
				"east": {"uv": [16, 15, 15, 16], "texture": "#3"},
				"south": {"uv": [16, 15, 15, 16], "texture": "#3"},
				"west": {"uv": [16, 15, 15, 16], "texture": "#3"},
				"up": {"uv": [16, 15, 15, 16], "texture": "#3"},
				"down": {"uv": [16, 15, 15, 16], "texture": "#3"}
			}
		},
		{
			"from": [2, 17, 2],
			"to": [4, 18, 3],
			"rotation": {"angle": 0, "axis": "y", "origin": [4, 1, 6]},
			"faces": {
				"north": {"uv": [16, 15, 15, 16], "texture": "#3"},
				"east": {"uv": [16, 15, 15, 16], "texture": "#3"},
				"south": {"uv": [16, 15, 15, 16], "texture": "#3"},
				"west": {"uv": [16, 15, 15, 16], "texture": "#3"},
				"up": {"uv": [16, 15, 15, 16], "texture": "#3"},
				"down": {"uv": [16, 15, 15, 16], "texture": "#3"}
			}
		},
		{
			"from": [9, 17, 0],
			"to": [10, 18, 2],
			"rotation": {"angle": 0, "axis": "y", "origin": [12, 1, 6]},
			"faces": {
				"north": {"uv": [16, 15, 15, 16], "texture": "#3"},
				"east": {"uv": [16, 15, 15, 16], "texture": "#3"},
				"south": {"uv": [16, 15, 15, 16], "texture": "#3"},
				"west": {"uv": [16, 15, 15, 16], "texture": "#3"},
				"up": {"uv": [16, 15, 15, 16], "texture": "#3"},
				"down": {"uv": [16, 15, 15, 16], "texture": "#3"}
			}
		},
		{
			"from": [6, 17, 0],
			"to": [7, 18, 2],
			"rotation": {"angle": 0, "axis": "y", "origin": [4, 1, 6]},
			"faces": {
				"north": {"uv": [16, 15, 15, 16], "texture": "#3"},
				"east": {"uv": [16, 15, 15, 16], "texture": "#3"},
				"south": {"uv": [16, 15, 15, 16], "texture": "#3"},
				"west": {"uv": [16, 15, 15, 16], "texture": "#3"},
				"up": {"uv": [16, 15, 15, 16], "texture": "#3"},
				"down": {"uv": [16, 15, 15, 16], "texture": "#3"}
			}
		},
		{
			"from": [10, 17, 1],
			"to": [13, 18, 2],
			"rotation": {"angle": 0, "axis": "y", "origin": [12, 1, 6]},
			"faces": {
				"north": {"uv": [16, 15, 15, 16], "texture": "#3"},
				"east": {"uv": [16, 15, 15, 16], "texture": "#3"},
				"south": {"uv": [16, 15, 15, 16], "texture": "#3"},
				"west": {"uv": [16, 15, 15, 16], "texture": "#3"},
				"up": {"uv": [16, 15, 15, 16], "texture": "#3"},
				"down": {"uv": [16, 15, 15, 16], "texture": "#3"}
			}
		},
		{
			"from": [3, 17, 1],
			"to": [6, 18, 2],
			"rotation": {"angle": 0, "axis": "y", "origin": [4, 1, 6]},
			"faces": {
				"north": {"uv": [16, 15, 15, 16], "texture": "#3"},
				"east": {"uv": [16, 15, 15, 16], "texture": "#3"},
				"south": {"uv": [16, 15, 15, 16], "texture": "#3"},
				"west": {"uv": [16, 15, 15, 16], "texture": "#3"},
				"up": {"uv": [16, 15, 15, 16], "texture": "#3"},
				"down": {"uv": [16, 15, 15, 16], "texture": "#3"}
			}
		},
		{
			"from": [13, 16, 1],
			"to": [16, 17, 17],
			"rotation": {"angle": 0, "axis": "y", "origin": [12, 1, 6]},
			"faces": {
				"north": {"uv": [16, 15, 15, 16], "texture": "#3"},
				"east": {"uv": [16, 15, 15, 16], "texture": "#3"},
				"south": {"uv": [16, 15, 15, 16], "texture": "#3"},
				"west": {"uv": [16, 15, 15, 16], "texture": "#3"},
				"up": {"uv": [16, 15, 15, 16], "texture": "#3"},
				"down": {"uv": [16, 15, 15, 16], "texture": "#3"}
			}
		},
		{
			"from": [0, 16, 1],
			"to": [3, 17, 17],
			"rotation": {"angle": 0, "axis": "y", "origin": [4, 1, 6]},
			"faces": {
				"north": {"uv": [16, 15, 15, 16], "texture": "#3"},
				"east": {"uv": [16, 15, 15, 16], "texture": "#3"},
				"south": {"uv": [16, 15, 15, 16], "texture": "#3"},
				"west": {"uv": [16, 15, 15, 16], "texture": "#3"},
				"up": {"uv": [16, 15, 15, 16], "texture": "#3"},
				"down": {"uv": [16, 15, 15, 16], "texture": "#3"}
			}
		},
		{
			"from": [16, 15, 1],
			"to": [17, 16, 2],
			"rotation": {"angle": 0, "axis": "y", "origin": [12, 1, 6]},
			"faces": {
				"north": {"uv": [16, 15, 15, 16], "texture": "#3"},
				"east": {"uv": [16, 15, 15, 16], "texture": "#3"},
				"south": {"uv": [16, 15, 15, 16], "texture": "#3"},
				"west": {"uv": [16, 15, 15, 16], "texture": "#3"},
				"up": {"uv": [16, 15, 15, 16], "texture": "#3"},
				"down": {"uv": [16, 15, 15, 16], "texture": "#3"}
			}
		},
		{
			"from": [-1, 15, 1],
			"to": [0, 16, 2],
			"rotation": {"angle": 0, "axis": "y", "origin": [4, 1, 6]},
			"faces": {
				"north": {"uv": [16, 15, 15, 16], "texture": "#3"},
				"east": {"uv": [16, 15, 15, 16], "texture": "#3"},
				"south": {"uv": [16, 15, 15, 16], "texture": "#3"},
				"west": {"uv": [16, 15, 15, 16], "texture": "#3"},
				"up": {"uv": [16, 15, 15, 16], "texture": "#3"},
				"down": {"uv": [16, 15, 15, 16], "texture": "#3"}
			}
		},
		{
			"from": [17, 16, 4],
			"to": [18, 17, 14],
			"rotation": {"angle": 0, "axis": "y", "origin": [12, 1, 6]},
			"faces": {
				"north": {"uv": [16, 15, 15, 16], "texture": "#3"},
				"east": {"uv": [16, 15, 15, 16], "texture": "#3"},
				"south": {"uv": [16, 15, 15, 16], "texture": "#3"},
				"west": {"uv": [16, 15, 15, 16], "texture": "#3"},
				"up": {"uv": [16, 15, 15, 16], "texture": "#3"},
				"down": {"uv": [16, 15, 15, 16], "texture": "#3"}
			}
		},
		{
			"from": [-2, 16, 4],
			"to": [-1, 17, 14],
			"rotation": {"angle": 0, "axis": "y", "origin": [4, 1, 6]},
			"faces": {
				"north": {"uv": [16, 15, 15, 16], "texture": "#3"},
				"east": {"uv": [16, 15, 15, 16], "texture": "#3"},
				"south": {"uv": [16, 15, 15, 16], "texture": "#3"},
				"west": {"uv": [16, 15, 15, 16], "texture": "#3"},
				"up": {"uv": [16, 15, 15, 16], "texture": "#3"},
				"down": {"uv": [16, 15, 15, 16], "texture": "#3"}
			}
		},
		{
			"from": [16, 17, 7],
			"to": [17, 18, 11],
			"rotation": {"angle": 0, "axis": "y", "origin": [11, 2, 6]},
			"faces": {
				"north": {"uv": [16, 15, 15, 16], "texture": "#3"},
				"east": {"uv": [16, 15, 15, 16], "texture": "#3"},
				"south": {"uv": [16, 15, 15, 16], "texture": "#3"},
				"west": {"uv": [16, 15, 15, 16], "texture": "#3"},
				"up": {"uv": [16, 15, 15, 16], "texture": "#3"},
				"down": {"uv": [16, 15, 15, 16], "texture": "#3"}
			}
		},
		{
			"from": [-1, 17, 7],
			"to": [0, 18, 11],
			"rotation": {"angle": 0, "axis": "y", "origin": [5, 2, 6]},
			"faces": {
				"north": {"uv": [16, 15, 15, 16], "texture": "#3"},
				"east": {"uv": [16, 15, 15, 16], "texture": "#3"},
				"south": {"uv": [16, 15, 15, 16], "texture": "#3"},
				"west": {"uv": [16, 15, 15, 16], "texture": "#3"},
				"up": {"uv": [16, 15, 15, 16], "texture": "#3"},
				"down": {"uv": [16, 15, 15, 16], "texture": "#3"}
			}
		},
		{
			"from": [12, 17, 15],
			"to": [15, 18, 16],
			"rotation": {"angle": 0, "axis": "y", "origin": [9, 2, 13]},
			"faces": {
				"north": {"uv": [16, 15, 15, 16], "texture": "#3"},
				"east": {"uv": [16, 15, 15, 16], "texture": "#3"},
				"south": {"uv": [16, 15, 15, 16], "texture": "#3"},
				"west": {"uv": [16, 15, 15, 16], "texture": "#3"},
				"up": {"uv": [16, 15, 15, 16], "texture": "#3"},
				"down": {"uv": [16, 15, 15, 16], "texture": "#3"}
			}
		},
		{
			"from": [1, 17, 15],
			"to": [4, 18, 16],
			"rotation": {"angle": 0, "axis": "y", "origin": [7, 2, 13]},
			"faces": {
				"north": {"uv": [16, 15, 15, 16], "texture": "#3"},
				"east": {"uv": [16, 15, 15, 16], "texture": "#3"},
				"south": {"uv": [16, 15, 15, 16], "texture": "#3"},
				"west": {"uv": [16, 15, 15, 16], "texture": "#3"},
				"up": {"uv": [16, 15, 15, 16], "texture": "#3"},
				"down": {"uv": [16, 15, 15, 16], "texture": "#3"}
			}
		},
		{
			"from": [11, 17, 16],
			"to": [14, 18, 17],
			"rotation": {"angle": 0, "axis": "y", "origin": [7, 2, 13]},
			"faces": {
				"north": {"uv": [16, 15, 15, 16], "texture": "#3"},
				"east": {"uv": [16, 15, 15, 16], "texture": "#3"},
				"south": {"uv": [16, 15, 15, 16], "texture": "#3"},
				"west": {"uv": [16, 15, 15, 16], "texture": "#3"},
				"up": {"uv": [16, 15, 15, 16], "texture": "#3"},
				"down": {"uv": [16, 15, 15, 16], "texture": "#3"}
			}
		},
		{
			"from": [2, 17, 16],
			"to": [5, 18, 17],
			"rotation": {"angle": 0, "axis": "y", "origin": [9, 2, 13]},
			"faces": {
				"north": {"uv": [16, 15, 15, 16], "texture": "#3"},
				"east": {"uv": [16, 15, 15, 16], "texture": "#3"},
				"south": {"uv": [16, 15, 15, 16], "texture": "#3"},
				"west": {"uv": [16, 15, 15, 16], "texture": "#3"},
				"up": {"uv": [16, 15, 15, 16], "texture": "#3"},
				"down": {"uv": [16, 15, 15, 16], "texture": "#3"}
			}
		},
		{
			"from": [10, 17, 17],
			"to": [13, 18, 18],
			"rotation": {"angle": 0, "axis": "y", "origin": [9, 2, 12]},
			"faces": {
				"north": {"uv": [16, 15, 15, 16], "texture": "#3"},
				"east": {"uv": [16, 15, 15, 16], "texture": "#3"},
				"south": {"uv": [16, 15, 15, 16], "texture": "#3"},
				"west": {"uv": [16, 15, 15, 16], "texture": "#3"},
				"up": {"uv": [16, 15, 15, 16], "texture": "#3"},
				"down": {"uv": [16, 15, 15, 16], "texture": "#3"}
			}
		},
		{
			"from": [3, 17, 17],
			"to": [6, 18, 18],
			"rotation": {"angle": 0, "axis": "y", "origin": [7, 2, 12]},
			"faces": {
				"north": {"uv": [16, 15, 15, 16], "texture": "#3"},
				"east": {"uv": [16, 15, 15, 16], "texture": "#3"},
				"south": {"uv": [16, 15, 15, 16], "texture": "#3"},
				"west": {"uv": [16, 15, 15, 16], "texture": "#3"},
				"up": {"uv": [16, 15, 15, 16], "texture": "#3"},
				"down": {"uv": [16, 15, 15, 16], "texture": "#3"}
			}
		},
		{
			"from": [12, 17, 4],
			"to": [16, 18, 15],
			"rotation": {"angle": 0, "axis": "y", "origin": [10, 2, 6]},
			"faces": {
				"north": {"uv": [16, 15, 15, 16], "texture": "#3"},
				"east": {"uv": [16, 15, 15, 16], "texture": "#3"},
				"south": {"uv": [16, 15, 15, 16], "texture": "#3"},
				"west": {"uv": [16, 15, 15, 16], "texture": "#3"},
				"up": {"uv": [16, 15, 15, 16], "texture": "#3"},
				"down": {"uv": [16, 15, 15, 16], "texture": "#3"}
			}
		},
		{
			"from": [0, 17, 4],
			"to": [4, 18, 15],
			"rotation": {"angle": 0, "axis": "y", "origin": [6, 2, 6]},
			"faces": {
				"north": {"uv": [16, 15, 15, 16], "texture": "#3"},
				"east": {"uv": [16, 15, 15, 16], "texture": "#3"},
				"south": {"uv": [16, 15, 15, 16], "texture": "#3"},
				"west": {"uv": [16, 15, 15, 16], "texture": "#3"},
				"up": {"uv": [16, 15, 15, 16], "texture": "#3"},
				"down": {"uv": [16, 15, 15, 16], "texture": "#3"}
			}
		},
		{
			"from": [13, 17, 3],
			"to": [15, 18, 4],
			"rotation": {"angle": 0, "axis": "y", "origin": [10, 2, 6]},
			"faces": {
				"north": {"uv": [16, 15, 15, 16], "texture": "#3"},
				"east": {"uv": [16, 15, 15, 16], "texture": "#3"},
				"south": {"uv": [16, 15, 15, 16], "texture": "#3"},
				"west": {"uv": [16, 15, 15, 16], "texture": "#3"},
				"up": {"uv": [16, 15, 15, 16], "texture": "#3"},
				"down": {"uv": [16, 15, 15, 16], "texture": "#3"}
			}
		},
		{
			"from": [1, 17, 3],
			"to": [3, 18, 4],
			"rotation": {"angle": 0, "axis": "y", "origin": [6, 2, 6]},
			"faces": {
				"north": {"uv": [16, 15, 15, 16], "texture": "#3"},
				"east": {"uv": [16, 15, 15, 16], "texture": "#3"},
				"south": {"uv": [16, 15, 15, 16], "texture": "#3"},
				"west": {"uv": [16, 15, 15, 16], "texture": "#3"},
				"up": {"uv": [16, 15, 15, 16], "texture": "#3"},
				"down": {"uv": [16, 15, 15, 16], "texture": "#3"}
			}
		},
		{
			"from": [10, 19, 4],
			"to": [11, 20, 5],
			"rotation": {"angle": 0, "axis": "y", "origin": [6, 4, 6]},
			"faces": {
				"north": {"uv": [16, 15, 15, 16], "texture": "#3"},
				"east": {"uv": [16, 15, 15, 16], "texture": "#3"},
				"south": {"uv": [16, 15, 15, 16], "texture": "#3"},
				"west": {"uv": [16, 15, 15, 16], "texture": "#3"},
				"up": {"uv": [16, 15, 15, 16], "texture": "#3"},
				"down": {"uv": [16, 15, 15, 16], "texture": "#3"}
			}
		},
		{
			"from": [5, 19, 4],
			"to": [6, 20, 5],
			"rotation": {"angle": 0, "axis": "y", "origin": [10, 4, 6]},
			"faces": {
				"north": {"uv": [16, 15, 15, 16], "texture": "#3"},
				"east": {"uv": [16, 15, 15, 16], "texture": "#3"},
				"south": {"uv": [16, 15, 15, 16], "texture": "#3"},
				"west": {"uv": [16, 15, 15, 16], "texture": "#3"},
				"up": {"uv": [16, 15, 15, 16], "texture": "#3"},
				"down": {"uv": [16, 15, 15, 16], "texture": "#3"}
			}
		},
		{
			"from": [9, 20, 7],
			"to": [10, 21, 8],
			"rotation": {"angle": 0, "axis": "y", "origin": [4, 5, 6]},
			"faces": {
				"north": {"uv": [16, 15, 15, 16], "texture": "#3"},
				"east": {"uv": [16, 15, 15, 16], "texture": "#3"},
				"south": {"uv": [16, 15, 15, 16], "texture": "#3"},
				"west": {"uv": [16, 15, 15, 16], "texture": "#3"},
				"up": {"uv": [16, 15, 15, 16], "texture": "#3"},
				"down": {"uv": [16, 15, 15, 16], "texture": "#3"}
			}
		},
		{
			"from": [6, 20, 7],
			"to": [7, 21, 8],
			"rotation": {"angle": 0, "axis": "y", "origin": [12, 5, 6]},
			"faces": {
				"north": {"uv": [16, 15, 15, 16], "texture": "#3"},
				"east": {"uv": [16, 15, 15, 16], "texture": "#3"},
				"south": {"uv": [16, 15, 15, 16], "texture": "#3"},
				"west": {"uv": [16, 15, 15, 16], "texture": "#3"},
				"up": {"uv": [16, 15, 15, 16], "texture": "#3"},
				"down": {"uv": [16, 15, 15, 16], "texture": "#3"}
			}
		},
		{
			"from": [14, 18, 8],
			"to": [15, 19, 10],
			"rotation": {"angle": 0, "axis": "y", "origin": [9, 3, 6]},
			"faces": {
				"north": {"uv": [16, 15, 15, 16], "texture": "#3"},
				"east": {"uv": [16, 15, 15, 16], "texture": "#3"},
				"south": {"uv": [16, 15, 15, 16], "texture": "#3"},
				"west": {"uv": [16, 15, 15, 16], "texture": "#3"},
				"up": {"uv": [16, 15, 15, 16], "texture": "#3"},
				"down": {"uv": [16, 15, 15, 16], "texture": "#3"}
			}
		},
		{
			"from": [1, 18, 8],
			"to": [2, 19, 10],
			"rotation": {"angle": 0, "axis": "y", "origin": [7, 3, 6]},
			"faces": {
				"north": {"uv": [16, 15, 15, 16], "texture": "#3"},
				"east": {"uv": [16, 15, 15, 16], "texture": "#3"},
				"south": {"uv": [16, 15, 15, 16], "texture": "#3"},
				"west": {"uv": [16, 15, 15, 16], "texture": "#3"},
				"up": {"uv": [16, 15, 15, 16], "texture": "#3"},
				"down": {"uv": [16, 15, 15, 16], "texture": "#3"}
			}
		},
		{
			"from": [11, 18, 3],
			"to": [13, 19, 5],
			"rotation": {"angle": 0, "axis": "y", "origin": [6, 3, 6]},
			"faces": {
				"north": {"uv": [16, 15, 15, 16], "texture": "#3"},
				"east": {"uv": [16, 15, 15, 16], "texture": "#3"},
				"south": {"uv": [16, 15, 15, 16], "texture": "#3"},
				"west": {"uv": [16, 15, 15, 16], "texture": "#3"},
				"up": {"uv": [16, 15, 15, 16], "texture": "#3"},
				"down": {"uv": [16, 15, 15, 16], "texture": "#3"}
			}
		},
		{
			"from": [3, 18, 3],
			"to": [5, 19, 5],
			"rotation": {"angle": 0, "axis": "y", "origin": [10, 3, 6]},
			"faces": {
				"north": {"uv": [16, 15, 15, 16], "texture": "#3"},
				"east": {"uv": [16, 15, 15, 16], "texture": "#3"},
				"south": {"uv": [16, 15, 15, 16], "texture": "#3"},
				"west": {"uv": [16, 15, 15, 16], "texture": "#3"},
				"up": {"uv": [16, 15, 15, 16], "texture": "#3"},
				"down": {"uv": [16, 15, 15, 16], "texture": "#3"}
			}
		},
		{
			"from": [9, 18, 5],
			"to": [14, 19, 13],
			"rotation": {"angle": 0, "axis": "y", "origin": [8, 3, 6]},
			"faces": {
				"north": {"uv": [16, 15, 15, 16], "texture": "#3"},
				"east": {"uv": [16, 15, 15, 16], "texture": "#3"},
				"south": {"uv": [16, 15, 15, 16], "texture": "#3"},
				"west": {"uv": [16, 15, 15, 16], "texture": "#3"},
				"up": {"uv": [16, 15, 15, 16], "texture": "#3"},
				"down": {"uv": [16, 15, 15, 16], "texture": "#3"}
			}
		},
		{
			"from": [2, 18, 5],
			"to": [7, 19, 13],
			"rotation": {"angle": 0, "axis": "y", "origin": [8, 3, 6]},
			"faces": {
				"north": {"uv": [16, 15, 15, 16], "texture": "#3"},
				"east": {"uv": [16, 15, 15, 16], "texture": "#3"},
				"south": {"uv": [16, 15, 15, 16], "texture": "#3"},
				"west": {"uv": [16, 15, 15, 16], "texture": "#3"},
				"up": {"uv": [16, 15, 15, 16], "texture": "#3"},
				"down": {"uv": [16, 15, 15, 16], "texture": "#3"}
			}
		},
		{
			"from": [12, 19, 7],
			"to": [13, 20, 11],
			"rotation": {"angle": 0, "axis": "y", "origin": [7, 4, 6]},
			"faces": {
				"north": {"uv": [16, 15, 15, 16], "texture": "#3"},
				"east": {"uv": [16, 15, 15, 16], "texture": "#3"},
				"south": {"uv": [16, 15, 15, 16], "texture": "#3"},
				"west": {"uv": [16, 15, 15, 16], "texture": "#3"},
				"up": {"uv": [16, 15, 15, 16], "texture": "#3"},
				"down": {"uv": [16, 15, 15, 16], "texture": "#3"}
			}
		},
		{
			"from": [3, 19, 7],
			"to": [4, 20, 11],
			"rotation": {"angle": 0, "axis": "y", "origin": [9, 4, 6]},
			"faces": {
				"north": {"uv": [16, 15, 15, 16], "texture": "#3"},
				"east": {"uv": [16, 15, 15, 16], "texture": "#3"},
				"south": {"uv": [16, 15, 15, 16], "texture": "#3"},
				"west": {"uv": [16, 15, 15, 16], "texture": "#3"},
				"up": {"uv": [16, 15, 15, 16], "texture": "#3"},
				"down": {"uv": [16, 15, 15, 16], "texture": "#3"}
			}
		},
		{
			"from": [10, 19, 5],
			"to": [12, 20, 13],
			"rotation": {"angle": 0, "axis": "y", "origin": [6, 4, 6]},
			"faces": {
				"north": {"uv": [16, 15, 15, 16], "texture": "#3"},
				"east": {"uv": [16, 15, 15, 16], "texture": "#3"},
				"south": {"uv": [16, 15, 15, 16], "texture": "#3"},
				"west": {"uv": [16, 15, 15, 16], "texture": "#3"},
				"up": {"uv": [16, 15, 15, 16], "texture": "#3"},
				"down": {"uv": [16, 15, 15, 16], "texture": "#3"}
			}
		},
		{
			"from": [4, 19, 5],
			"to": [6, 20, 13],
			"rotation": {"angle": 0, "axis": "y", "origin": [10, 4, 6]},
			"faces": {
				"north": {"uv": [16, 15, 15, 16], "texture": "#3"},
				"east": {"uv": [16, 15, 15, 16], "texture": "#3"},
				"south": {"uv": [16, 15, 15, 16], "texture": "#3"},
				"west": {"uv": [16, 15, 15, 16], "texture": "#3"},
				"up": {"uv": [16, 15, 15, 16], "texture": "#3"},
				"down": {"uv": [16, 15, 15, 16], "texture": "#3"}
			}
		},
		{
			"from": [10, 19, 13],
			"to": [11, 20, 14],
			"rotation": {"angle": 0, "axis": "y", "origin": [6, 4, 6]},
			"faces": {
				"north": {"uv": [16, 15, 15, 16], "texture": "#3"},
				"east": {"uv": [16, 15, 15, 16], "texture": "#3"},
				"south": {"uv": [16, 15, 15, 16], "texture": "#3"},
				"west": {"uv": [16, 15, 15, 16], "texture": "#3"},
				"up": {"uv": [16, 15, 15, 16], "texture": "#3"},
				"down": {"uv": [16, 15, 15, 16], "texture": "#3"}
			}
		},
		{
			"from": [5, 19, 13],
			"to": [6, 20, 14],
			"rotation": {"angle": 0, "axis": "y", "origin": [10, 4, 6]},
			"faces": {
				"north": {"uv": [16, 15, 15, 16], "texture": "#3"},
				"east": {"uv": [16, 15, 15, 16], "texture": "#3"},
				"south": {"uv": [16, 15, 15, 16], "texture": "#3"},
				"west": {"uv": [16, 15, 15, 16], "texture": "#3"},
				"up": {"uv": [16, 15, 15, 16], "texture": "#3"},
				"down": {"uv": [16, 15, 15, 16], "texture": "#3"}
			}
		},
		{
			"from": [9, 19, 3],
			"to": [10, 20, 15],
			"rotation": {"angle": 0, "axis": "y", "origin": [6, 4, 6]},
			"faces": {
				"north": {"uv": [16, 15, 15, 16], "texture": "#3"},
				"east": {"uv": [16, 15, 15, 16], "texture": "#3"},
				"south": {"uv": [16, 15, 15, 16], "texture": "#3"},
				"west": {"uv": [16, 15, 15, 16], "texture": "#3"},
				"up": {"uv": [16, 15, 15, 16], "texture": "#3"},
				"down": {"uv": [16, 15, 15, 16], "texture": "#3"}
			}
		},
		{
			"from": [6, 19, 3],
			"to": [7, 20, 15],
			"rotation": {"angle": 0, "axis": "y", "origin": [10, 4, 6]},
			"faces": {
				"north": {"uv": [16, 15, 15, 16], "texture": "#3"},
				"east": {"uv": [16, 15, 15, 16], "texture": "#3"},
				"south": {"uv": [16, 15, 15, 16], "texture": "#3"},
				"west": {"uv": [16, 15, 15, 16], "texture": "#3"},
				"up": {"uv": [16, 15, 15, 16], "texture": "#3"},
				"down": {"uv": [16, 15, 15, 16], "texture": "#3"}
			}
		},
		{
			"from": [9, 18, 2],
			"to": [10, 19, 18],
			"rotation": {"angle": 0, "axis": "y", "origin": [6, 3, 9]},
			"faces": {
				"north": {"uv": [16, 15, 15, 16], "texture": "#3"},
				"east": {"uv": [16, 15, 15, 16], "texture": "#3"},
				"south": {"uv": [16, 15, 15, 16], "texture": "#3"},
				"west": {"uv": [16, 15, 15, 16], "texture": "#3"},
				"up": {"uv": [16, 15, 15, 16], "texture": "#3"},
				"down": {"uv": [16, 15, 15, 16], "texture": "#3"}
			}
		},
		{
			"from": [6, 18, 2],
			"to": [7, 19, 18],
			"rotation": {"angle": 0, "axis": "y", "origin": [10, 3, 9]},
			"faces": {
				"north": {"uv": [16, 15, 15, 16], "texture": "#3"},
				"east": {"uv": [16, 15, 15, 16], "texture": "#3"},
				"south": {"uv": [16, 15, 15, 16], "texture": "#3"},
				"west": {"uv": [16, 15, 15, 16], "texture": "#3"},
				"up": {"uv": [16, 15, 15, 16], "texture": "#3"},
				"down": {"uv": [16, 15, 15, 16], "texture": "#3"}
			}
		},
		{
			"from": [9, 16, 18],
			"to": [12, 18, 19],
			"rotation": {"angle": 0, "axis": "y", "origin": [6, 3, 9]},
			"faces": {
				"north": {"uv": [16, 15, 15, 16], "texture": "#3"},
				"east": {"uv": [16, 15, 15, 16], "texture": "#3"},
				"south": {"uv": [16, 15, 15, 16], "texture": "#3"},
				"west": {"uv": [16, 15, 15, 16], "texture": "#3"},
				"up": {"uv": [16, 15, 15, 16], "texture": "#3"},
				"down": {"uv": [16, 15, 15, 16], "texture": "#3"}
			}
		},
		{
			"from": [4, 16, 18],
			"to": [7, 18, 19],
			"rotation": {"angle": 0, "axis": "y", "origin": [10, 3, 9]},
			"faces": {
				"north": {"uv": [16, 15, 15, 16], "texture": "#3"},
				"east": {"uv": [16, 15, 15, 16], "texture": "#3"},
				"south": {"uv": [16, 15, 15, 16], "texture": "#3"},
				"west": {"uv": [16, 15, 15, 16], "texture": "#3"},
				"up": {"uv": [16, 15, 15, 16], "texture": "#3"},
				"down": {"uv": [16, 15, 15, 16], "texture": "#3"}
			}
		},
		{
			"from": [12, 15, 18],
			"to": [14, 16, 19],
			"rotation": {"angle": 0, "axis": "y", "origin": [6, 3, 9]},
			"faces": {
				"north": {"uv": [16, 15, 15, 16], "texture": "#3"},
				"east": {"uv": [16, 15, 15, 16], "texture": "#3"},
				"south": {"uv": [16, 15, 15, 16], "texture": "#3"},
				"west": {"uv": [16, 15, 15, 16], "texture": "#3"},
				"up": {"uv": [16, 15, 15, 16], "texture": "#3"},
				"down": {"uv": [16, 15, 15, 16], "texture": "#3"}
			}
		},
		{
			"from": [2, 15, 18],
			"to": [4, 16, 19],
			"rotation": {"angle": 0, "axis": "y", "origin": [10, 3, 9]},
			"faces": {
				"north": {"uv": [16, 15, 15, 16], "texture": "#3"},
				"east": {"uv": [16, 15, 15, 16], "texture": "#3"},
				"south": {"uv": [16, 15, 15, 16], "texture": "#3"},
				"west": {"uv": [16, 15, 15, 16], "texture": "#3"},
				"up": {"uv": [16, 15, 15, 16], "texture": "#3"},
				"down": {"uv": [16, 15, 15, 16], "texture": "#3"}
			}
		},
		{
			"from": [12, 16, 18],
			"to": [13, 17, 19],
			"rotation": {"angle": 0, "axis": "y", "origin": [6, 3, 9]},
			"faces": {
				"north": {"uv": [16, 15, 15, 16], "texture": "#3"},
				"east": {"uv": [16, 15, 15, 16], "texture": "#3"},
				"south": {"uv": [16, 15, 15, 16], "texture": "#3"},
				"west": {"uv": [16, 15, 15, 16], "texture": "#3"},
				"up": {"uv": [16, 15, 15, 16], "texture": "#3"},
				"down": {"uv": [16, 15, 15, 16], "texture": "#3"}
			}
		},
		{
			"from": [3, 16, 18],
			"to": [4, 17, 19],
			"rotation": {"angle": 0, "axis": "y", "origin": [10, 3, 9]},
			"faces": {
				"north": {"uv": [16, 15, 15, 16], "texture": "#3"},
				"east": {"uv": [16, 15, 15, 16], "texture": "#3"},
				"south": {"uv": [16, 15, 15, 16], "texture": "#3"},
				"west": {"uv": [16, 15, 15, 16], "texture": "#3"},
				"up": {"uv": [16, 15, 15, 16], "texture": "#3"},
				"down": {"uv": [16, 15, 15, 16], "texture": "#3"}
			}
		},
		{
			"from": [9, 14, 19],
			"to": [11, 17, 20],
			"rotation": {"angle": 0, "axis": "y", "origin": [6, 3, 9]},
			"faces": {
				"north": {"uv": [16, 15, 15, 16], "texture": "#3"},
				"east": {"uv": [16, 15, 15, 16], "texture": "#3"},
				"south": {"uv": [16, 15, 15, 16], "texture": "#3"},
				"west": {"uv": [16, 15, 15, 16], "texture": "#3"},
				"up": {"uv": [16, 15, 15, 16], "texture": "#3"},
				"down": {"uv": [16, 15, 15, 16], "texture": "#3"}
			}
		},
		{
			"from": [5, 14, 19],
			"to": [7, 17, 20],
			"rotation": {"angle": 0, "axis": "y", "origin": [10, 3, 9]},
			"faces": {
				"north": {"uv": [16, 15, 15, 16], "texture": "#3"},
				"east": {"uv": [16, 15, 15, 16], "texture": "#3"},
				"south": {"uv": [16, 15, 15, 16], "texture": "#3"},
				"west": {"uv": [16, 15, 15, 16], "texture": "#3"},
				"up": {"uv": [16, 15, 15, 16], "texture": "#3"},
				"down": {"uv": [16, 15, 15, 16], "texture": "#3"}
			}
		},
		{
			"from": [11, 14, 19],
			"to": [12, 16, 20],
			"rotation": {"angle": 0, "axis": "y", "origin": [8, 3, 9]},
			"faces": {
				"north": {"uv": [16, 15, 15, 16], "texture": "#3"},
				"east": {"uv": [16, 15, 15, 16], "texture": "#3"},
				"south": {"uv": [16, 15, 15, 16], "texture": "#3"},
				"west": {"uv": [16, 15, 15, 16], "texture": "#3"},
				"up": {"uv": [16, 15, 15, 16], "texture": "#3"},
				"down": {"uv": [16, 15, 15, 16], "texture": "#3"}
			}
		},
		{
			"from": [4, 14, 19],
			"to": [5, 16, 20],
			"rotation": {"angle": 0, "axis": "y", "origin": [8, 3, 9]},
			"faces": {
				"north": {"uv": [16, 15, 15, 16], "texture": "#3"},
				"east": {"uv": [16, 15, 15, 16], "texture": "#3"},
				"south": {"uv": [16, 15, 15, 16], "texture": "#3"},
				"west": {"uv": [16, 15, 15, 16], "texture": "#3"},
				"up": {"uv": [16, 15, 15, 16], "texture": "#3"},
				"down": {"uv": [16, 15, 15, 16], "texture": "#3"}
			}
		},
		{
			"from": [15, -1, 18],
			"to": [16, 14, 19],
			"rotation": {"angle": 0, "axis": "y", "origin": [12, 3, 7]},
			"faces": {
				"north": {"uv": [16, 15, 15, 16], "texture": "#3"},
				"east": {"uv": [16, 15, 15, 16], "texture": "#3"},
				"south": {"uv": [16, 15, 15, 16], "texture": "#3"},
				"west": {"uv": [16, 15, 15, 16], "texture": "#3"},
				"up": {"uv": [16, 15, 15, 16], "texture": "#3"},
				"down": {"uv": [16, 15, 15, 16], "texture": "#3"}
			}
		},
		{
			"from": [0, -1, 18],
			"to": [1, 14, 19],
			"rotation": {"angle": 0, "axis": "y", "origin": [4, 3, 7]},
			"faces": {
				"north": {"uv": [16, 15, 15, 16], "texture": "#3"},
				"east": {"uv": [16, 15, 15, 16], "texture": "#3"},
				"south": {"uv": [16, 15, 15, 16], "texture": "#3"},
				"west": {"uv": [16, 15, 15, 16], "texture": "#3"},
				"up": {"uv": [16, 15, 15, 16], "texture": "#3"},
				"down": {"uv": [16, 15, 15, 16], "texture": "#3"}
			}
		},
		{
			"from": [5, -1, 21],
			"to": [11, 2, 22],
			"rotation": {"angle": 0, "axis": "y", "origin": [6, 3, 10]},
			"faces": {
				"north": {"uv": [16, 15, 15, 16], "texture": "#3"},
				"east": {"uv": [16, 15, 15, 16], "texture": "#3"},
				"south": {"uv": [16, 15, 15, 16], "texture": "#3"},
				"west": {"uv": [16, 15, 15, 16], "texture": "#3"},
				"up": {"uv": [16, 15, 15, 16], "texture": "#3"},
				"down": {"uv": [16, 15, 15, 16], "texture": "#3"}
			}
		},
		{
			"from": [6, 2, 21],
			"to": [10, 6, 22],
			"rotation": {"angle": 0, "axis": "y", "origin": [6, 3, 10]},
			"faces": {
				"north": {"uv": [16, 15, 15, 16], "texture": "#3"},
				"east": {"uv": [16, 15, 15, 16], "texture": "#3"},
				"south": {"uv": [16, 15, 15, 16], "texture": "#3"},
				"west": {"uv": [16, 15, 15, 16], "texture": "#3"},
				"up": {"uv": [16, 15, 15, 16], "texture": "#3"},
				"down": {"uv": [16, 15, 15, 16], "texture": "#3"}
			}
		},
		{
			"from": [3, -1, 20],
			"to": [13, 6, 21],
			"rotation": {"angle": 0, "axis": "y", "origin": [7, 3, 9]},
			"faces": {
				"north": {"uv": [16, 15, 15, 16], "texture": "#3"},
				"east": {"uv": [16, 15, 15, 16], "texture": "#3"},
				"south": {"uv": [16, 15, 15, 16], "texture": "#3"},
				"west": {"uv": [16, 15, 15, 16], "texture": "#3"},
				"up": {"uv": [16, 15, 15, 16], "texture": "#3"},
				"down": {"uv": [16, 15, 15, 16], "texture": "#3"}
			}
		},
		{
			"from": [4, 6, 20],
			"to": [12, 14, 21],
			"rotation": {"angle": 0, "axis": "y", "origin": [8, 3, 9]},
			"faces": {
				"north": {"uv": [16, 15, 15, 16], "texture": "#3"},
				"east": {"uv": [16, 15, 15, 16], "texture": "#3"},
				"south": {"uv": [16, 15, 15, 16], "texture": "#3"},
				"west": {"uv": [16, 15, 15, 16], "texture": "#3"},
				"up": {"uv": [16, 15, 15, 16], "texture": "#3"},
				"down": {"uv": [16, 15, 15, 16], "texture": "#3"}
			}
		},
		{
			"from": [1, -1, 19],
			"to": [15, 14, 20],
			"rotation": {"angle": 0, "axis": "y", "origin": [12, 3, 8]},
			"faces": {
				"north": {"uv": [16, 15, 15, 16], "texture": "#3"},
				"east": {"uv": [16, 15, 15, 16], "texture": "#3"},
				"south": {"uv": [16, 15, 15, 16], "texture": "#3"},
				"west": {"uv": [16, 15, 15, 16], "texture": "#3"},
				"up": {"uv": [16, 15, 15, 16], "texture": "#3"},
				"down": {"uv": [16, 15, 15, 16], "texture": "#3"}
			}
		},
		{
			"from": [14, 14, 17],
			"to": [15, 16, 18],
			"rotation": {"angle": 0, "axis": "y", "origin": [12, 3, 7]},
			"faces": {
				"north": {"uv": [16, 15, 15, 16], "texture": "#3"},
				"east": {"uv": [16, 15, 15, 16], "texture": "#3"},
				"south": {"uv": [16, 15, 15, 16], "texture": "#3"},
				"west": {"uv": [16, 15, 15, 16], "texture": "#3"},
				"up": {"uv": [16, 15, 15, 16], "texture": "#3"},
				"down": {"uv": [16, 15, 15, 16], "texture": "#3"}
			}
		},
		{
			"from": [1, 14, 17],
			"to": [2, 16, 18],
			"rotation": {"angle": 0, "axis": "y", "origin": [4, 3, 7]},
			"faces": {
				"north": {"uv": [16, 15, 15, 16], "texture": "#3"},
				"east": {"uv": [16, 15, 15, 16], "texture": "#3"},
				"south": {"uv": [16, 15, 15, 16], "texture": "#3"},
				"west": {"uv": [16, 15, 15, 16], "texture": "#3"},
				"up": {"uv": [16, 15, 15, 16], "texture": "#3"},
				"down": {"uv": [16, 15, 15, 16], "texture": "#3"}
			}
		},
		{
			"from": [12, 14, 18],
			"to": [15, 15, 19],
			"rotation": {"angle": 0, "axis": "y", "origin": [12, 3, 7]},
			"faces": {
				"north": {"uv": [16, 15, 15, 16], "texture": "#3"},
				"east": {"uv": [16, 15, 15, 16], "texture": "#3"},
				"south": {"uv": [16, 15, 15, 16], "texture": "#3"},
				"west": {"uv": [16, 15, 15, 16], "texture": "#3"},
				"up": {"uv": [16, 15, 15, 16], "texture": "#3"},
				"down": {"uv": [16, 15, 15, 16], "texture": "#3"}
			}
		},
		{
			"from": [1, 14, 18],
			"to": [4, 15, 19],
			"rotation": {"angle": 0, "axis": "y", "origin": [4, 3, 7]},
			"faces": {
				"north": {"uv": [16, 15, 15, 16], "texture": "#3"},
				"east": {"uv": [16, 15, 15, 16], "texture": "#3"},
				"south": {"uv": [16, 15, 15, 16], "texture": "#3"},
				"west": {"uv": [16, 15, 15, 16], "texture": "#3"},
				"up": {"uv": [16, 15, 15, 16], "texture": "#3"},
				"down": {"uv": [16, 15, 15, 16], "texture": "#3"}
			}
		},
		{
			"from": [7, 18, 18],
			"to": [9, 19, 19],
			"rotation": {"angle": 0, "axis": "y", "origin": [5, 4, 9]},
			"faces": {
				"north": {"uv": [16, 15, 15, 16], "texture": "#3"},
				"east": {"uv": [16, 15, 15, 16], "texture": "#3"},
				"south": {"uv": [16, 15, 15, 16], "texture": "#3"},
				"west": {"uv": [16, 15, 15, 16], "texture": "#3"},
				"up": {"uv": [16, 15, 15, 16], "texture": "#3"},
				"down": {"uv": [16, 15, 15, 16], "texture": "#3"}
			}
		},
		{
			"from": [7, 19, 15],
			"to": [9, 20, 18],
			"rotation": {"angle": 0, "axis": "y", "origin": [5, 4, 9]},
			"faces": {
				"north": {"uv": [16, 15, 15, 16], "texture": "#3"},
				"east": {"uv": [16, 15, 15, 16], "texture": "#3"},
				"south": {"uv": [16, 15, 15, 16], "texture": "#3"},
				"west": {"uv": [16, 15, 15, 16], "texture": "#3"},
				"up": {"uv": [16, 15, 15, 16], "texture": "#3"},
				"down": {"uv": [16, 15, 15, 16], "texture": "#3"}
			}
		},
		{
			"from": [7, 17, 19],
			"to": [9, 18, 20],
			"rotation": {"angle": 0, "axis": "y", "origin": [5, 4, 9]},
			"faces": {
				"north": {"uv": [16, 15, 15, 16], "texture": "#3"},
				"east": {"uv": [16, 15, 15, 16], "texture": "#3"},
				"south": {"uv": [16, 15, 15, 16], "texture": "#3"},
				"west": {"uv": [16, 15, 15, 16], "texture": "#3"},
				"up": {"uv": [16, 15, 15, 16], "texture": "#3"},
				"down": {"uv": [16, 15, 15, 16], "texture": "#3"}
			}
		},
		{
			"from": [7, 14, 20],
			"to": [9, 17, 21],
			"rotation": {"angle": 0, "axis": "y", "origin": [5, 4, 9]},
			"faces": {
				"north": {"uv": [16, 15, 15, 16], "texture": "#3"},
				"east": {"uv": [16, 15, 15, 16], "texture": "#3"},
				"south": {"uv": [16, 15, 15, 16], "texture": "#3"},
				"west": {"uv": [16, 15, 15, 16], "texture": "#3"},
				"up": {"uv": [16, 15, 15, 16], "texture": "#3"},
				"down": {"uv": [16, 15, 15, 16], "texture": "#3"}
			}
		},
		{
			"from": [7, 6, 21],
			"to": [9, 11, 22],
			"rotation": {"angle": 0, "axis": "y", "origin": [5, 4, 10]},
			"faces": {
				"north": {"uv": [16, 15, 15, 16], "texture": "#3"},
				"east": {"uv": [16, 15, 15, 16], "texture": "#3"},
				"south": {"uv": [16, 15, 15, 16], "texture": "#3"},
				"west": {"uv": [16, 15, 15, 16], "texture": "#3"},
				"up": {"uv": [16, 15, 15, 16], "texture": "#3"},
				"down": {"uv": [16, 15, 15, 16], "texture": "#3"}
			}
		},
		{
			"from": [10, 18, 2],
			"to": [11, 19, 17],
			"rotation": {"angle": 0, "axis": "y", "origin": [7, 3, 10]},
			"faces": {
				"north": {"uv": [16, 15, 15, 16], "texture": "#3"},
				"east": {"uv": [16, 15, 15, 16], "texture": "#3"},
				"south": {"uv": [16, 15, 15, 16], "texture": "#3"},
				"west": {"uv": [16, 15, 15, 16], "texture": "#3"},
				"up": {"uv": [16, 15, 15, 16], "texture": "#3"},
				"down": {"uv": [16, 15, 15, 16], "texture": "#3"}
			}
		},
		{
			"from": [5, 18, 2],
			"to": [6, 19, 17],
			"rotation": {"angle": 0, "axis": "y", "origin": [9, 3, 10]},
			"faces": {
				"north": {"uv": [16, 15, 15, 16], "texture": "#3"},
				"east": {"uv": [16, 15, 15, 16], "texture": "#3"},
				"south": {"uv": [16, 15, 15, 16], "texture": "#3"},
				"west": {"uv": [16, 15, 15, 16], "texture": "#3"},
				"up": {"uv": [16, 15, 15, 16], "texture": "#3"},
				"down": {"uv": [16, 15, 15, 16], "texture": "#3"}
			}
		},
		{
			"from": [11, 18, 13],
			"to": [12, 19, 16],
			"rotation": {"angle": 0, "axis": "y", "origin": [8, 3, 9]},
			"faces": {
				"north": {"uv": [16, 15, 15, 16], "texture": "#3"},
				"east": {"uv": [16, 15, 15, 16], "texture": "#3"},
				"south": {"uv": [16, 15, 15, 16], "texture": "#3"},
				"west": {"uv": [16, 15, 15, 16], "texture": "#3"},
				"up": {"uv": [16, 15, 15, 16], "texture": "#3"},
				"down": {"uv": [16, 15, 15, 16], "texture": "#3"}
			}
		},
		{
			"from": [4, 18, 13],
			"to": [5, 19, 16],
			"rotation": {"angle": 0, "axis": "y", "origin": [8, 3, 9]},
			"faces": {
				"north": {"uv": [16, 15, 15, 16], "texture": "#3"},
				"east": {"uv": [16, 15, 15, 16], "texture": "#3"},
				"south": {"uv": [16, 15, 15, 16], "texture": "#3"},
				"west": {"uv": [16, 15, 15, 16], "texture": "#3"},
				"up": {"uv": [16, 15, 15, 16], "texture": "#3"},
				"down": {"uv": [16, 15, 15, 16], "texture": "#3"}
			}
		},
		{
			"from": [12, 18, 13],
			"to": [13, 19, 14],
			"rotation": {"angle": 0, "axis": "y", "origin": [9, 3, 7]},
			"faces": {
				"north": {"uv": [16, 15, 15, 16], "texture": "#3"},
				"east": {"uv": [16, 15, 15, 16], "texture": "#3"},
				"south": {"uv": [16, 15, 15, 16], "texture": "#3"},
				"west": {"uv": [16, 15, 15, 16], "texture": "#3"},
				"up": {"uv": [16, 15, 15, 16], "texture": "#3"},
				"down": {"uv": [16, 15, 15, 16], "texture": "#3"}
			}
		},
		{
			"from": [3, 18, 13],
			"to": [4, 19, 14],
			"rotation": {"angle": 0, "axis": "y", "origin": [7, 3, 7]},
			"faces": {
				"north": {"uv": [16, 15, 15, 16], "texture": "#3"},
				"east": {"uv": [16, 15, 15, 16], "texture": "#3"},
				"south": {"uv": [16, 15, 15, 16], "texture": "#3"},
				"west": {"uv": [16, 15, 15, 16], "texture": "#3"},
				"up": {"uv": [16, 15, 15, 16], "texture": "#3"},
				"down": {"uv": [16, 15, 15, 16], "texture": "#3"}
			}
		},
		{
			"from": [9, 20, 10],
			"to": [10, 21, 11],
			"rotation": {"angle": 0, "axis": "y", "origin": [4, 5, 6]},
			"faces": {
				"north": {"uv": [16, 15, 15, 16], "texture": "#3"},
				"east": {"uv": [16, 15, 15, 16], "texture": "#3"},
				"south": {"uv": [16, 15, 15, 16], "texture": "#3"},
				"west": {"uv": [16, 15, 15, 16], "texture": "#3"},
				"up": {"uv": [16, 15, 15, 16], "texture": "#3"},
				"down": {"uv": [16, 15, 15, 16], "texture": "#3"}
			}
		},
		{
			"from": [6, 20, 10],
			"to": [7, 21, 11],
			"rotation": {"angle": 0, "axis": "y", "origin": [12, 5, 6]},
			"faces": {
				"north": {"uv": [16, 15, 15, 16], "texture": "#3"},
				"east": {"uv": [16, 15, 15, 16], "texture": "#3"},
				"south": {"uv": [16, 15, 15, 16], "texture": "#3"},
				"west": {"uv": [16, 15, 15, 16], "texture": "#3"},
				"up": {"uv": [16, 15, 15, 16], "texture": "#3"},
				"down": {"uv": [16, 15, 15, 16], "texture": "#3"}
			}
		},
		{
			"from": [9, 20, 8],
			"to": [11, 21, 10],
			"rotation": {"angle": 0, "axis": "y", "origin": [5, 5, 6]},
			"faces": {
				"north": {"uv": [16, 15, 15, 16], "texture": "#3"},
				"east": {"uv": [16, 15, 15, 16], "texture": "#3"},
				"south": {"uv": [16, 15, 15, 16], "texture": "#3"},
				"west": {"uv": [16, 15, 15, 16], "texture": "#3"},
				"up": {"uv": [16, 15, 15, 16], "texture": "#3"},
				"down": {"uv": [16, 15, 15, 16], "texture": "#3"}
			}
		},
		{
			"from": [5, 20, 8],
			"to": [7, 21, 10],
			"rotation": {"angle": 0, "axis": "y", "origin": [11, 5, 6]},
			"faces": {
				"north": {"uv": [16, 15, 15, 16], "texture": "#3"},
				"east": {"uv": [16, 15, 15, 16], "texture": "#3"},
				"south": {"uv": [16, 15, 15, 16], "texture": "#3"},
				"west": {"uv": [16, 15, 15, 16], "texture": "#3"},
				"up": {"uv": [16, 15, 15, 16], "texture": "#3"},
				"down": {"uv": [16, 15, 15, 16], "texture": "#3"}
			}
		},
		{
			"from": [16, 16, 2],
			"to": [17, 17, 16],
			"rotation": {"angle": 0, "axis": "y", "origin": [11, 1, 6]},
			"faces": {
				"north": {"uv": [16, 15, 15, 16], "texture": "#3"},
				"east": {"uv": [16, 15, 15, 16], "texture": "#3"},
				"south": {"uv": [16, 15, 15, 16], "texture": "#3"},
				"west": {"uv": [16, 15, 15, 16], "texture": "#3"},
				"up": {"uv": [16, 15, 15, 16], "texture": "#3"},
				"down": {"uv": [16, 15, 15, 16], "texture": "#3"}
			}
		},
		{
			"from": [-1, 16, 2],
			"to": [0, 17, 16],
			"rotation": {"angle": 0, "axis": "y", "origin": [5, 1, 6]},
			"faces": {
				"north": {"uv": [16, 15, 15, 16], "texture": "#3"},
				"east": {"uv": [16, 15, 15, 16], "texture": "#3"},
				"south": {"uv": [16, 15, 15, 16], "texture": "#3"},
				"west": {"uv": [16, 15, 15, 16], "texture": "#3"},
				"up": {"uv": [16, 15, 15, 16], "texture": "#3"},
				"down": {"uv": [16, 15, 15, 16], "texture": "#3"}
			}
		},
		{
			"from": [13, 16, 17],
			"to": [14, 17, 18],
			"rotation": {"angle": 0, "axis": "y", "origin": [11, 1, 5]},
			"faces": {
				"north": {"uv": [16, 15, 15, 16], "texture": "#3"},
				"east": {"uv": [16, 15, 15, 16], "texture": "#3"},
				"south": {"uv": [16, 15, 15, 16], "texture": "#3"},
				"west": {"uv": [16, 15, 15, 16], "texture": "#3"},
				"up": {"uv": [16, 15, 15, 16], "texture": "#3"},
				"down": {"uv": [16, 15, 15, 16], "texture": "#3"}
			}
		},
		{
			"from": [2, 16, 17],
			"to": [3, 17, 18],
			"rotation": {"angle": 0, "axis": "y", "origin": [5, 1, 5]},
			"faces": {
				"north": {"uv": [16, 15, 15, 16], "texture": "#3"},
				"east": {"uv": [16, 15, 15, 16], "texture": "#3"},
				"south": {"uv": [16, 15, 15, 16], "texture": "#3"},
				"west": {"uv": [16, 15, 15, 16], "texture": "#3"},
				"up": {"uv": [16, 15, 15, 16], "texture": "#3"},
				"down": {"uv": [16, 15, 15, 16], "texture": "#3"}
			}
		},
		{
			"from": [15, 13, 17],
			"to": [16, 14, 18],
			"rotation": {"angle": 0, "axis": "y", "origin": [11, 1, 5]},
			"faces": {
				"north": {"uv": [16, 15, 15, 16], "texture": "#3"},
				"east": {"uv": [16, 15, 15, 16], "texture": "#3"},
				"south": {"uv": [16, 15, 15, 16], "texture": "#3"},
				"west": {"uv": [16, 15, 15, 16], "texture": "#3"},
				"up": {"uv": [16, 15, 15, 16], "texture": "#3"},
				"down": {"uv": [16, 15, 15, 16], "texture": "#3"}
			}
		},
		{
			"from": [0, 13, 17],
			"to": [1, 14, 18],
			"rotation": {"angle": 0, "axis": "y", "origin": [5, 1, 5]},
			"faces": {
				"north": {"uv": [16, 15, 15, 16], "texture": "#3"},
				"east": {"uv": [16, 15, 15, 16], "texture": "#3"},
				"south": {"uv": [16, 15, 15, 16], "texture": "#3"},
				"west": {"uv": [16, 15, 15, 16], "texture": "#3"},
				"up": {"uv": [16, 15, 15, 16], "texture": "#3"},
				"down": {"uv": [16, 15, 15, 16], "texture": "#3"}
			}
		},
		{
			"from": [15, 14, 16],
			"to": [17, 16, 17],
			"rotation": {"angle": 0, "axis": "y", "origin": [11, 1, 6]},
			"faces": {
				"north": {"uv": [16, 15, 15, 16], "texture": "#3"},
				"east": {"uv": [16, 15, 15, 16], "texture": "#3"},
				"south": {"uv": [16, 15, 15, 16], "texture": "#3"},
				"west": {"uv": [16, 15, 15, 16], "texture": "#3"},
				"up": {"uv": [16, 15, 15, 16], "texture": "#3"},
				"down": {"uv": [16, 15, 15, 16], "texture": "#3"}
			}
		},
		{
			"from": [-1, 14, 16],
			"to": [1, 16, 17],
			"rotation": {"angle": 0, "axis": "y", "origin": [5, 1, 6]},
			"faces": {
				"north": {"uv": [16, 15, 15, 16], "texture": "#3"},
				"east": {"uv": [16, 15, 15, 16], "texture": "#3"},
				"south": {"uv": [16, 15, 15, 16], "texture": "#3"},
				"west": {"uv": [16, 15, 15, 16], "texture": "#3"},
				"up": {"uv": [16, 15, 15, 16], "texture": "#3"},
				"down": {"uv": [16, 15, 15, 16], "texture": "#3"}
			}
		},
		{
			"from": [16, -1, 17],
			"to": [17, 14, 18],
			"rotation": {"angle": 0, "axis": "y", "origin": [11, 1, 5]},
			"faces": {
				"north": {"uv": [16, 15, 15, 16], "texture": "#3"},
				"east": {"uv": [16, 15, 15, 16], "texture": "#3"},
				"south": {"uv": [16, 15, 15, 16], "texture": "#3"},
				"west": {"uv": [16, 15, 15, 16], "texture": "#3"},
				"up": {"uv": [16, 15, 15, 16], "texture": "#3"},
				"down": {"uv": [16, 15, 15, 16], "texture": "#3"}
			}
		},
		{
			"from": [-1, -1, 17],
			"to": [0, 14, 18],
			"rotation": {"angle": 0, "axis": "y", "origin": [5, 1, 5]},
			"faces": {
				"north": {"uv": [16, 15, 15, 16], "texture": "#3"},
				"east": {"uv": [16, 15, 15, 16], "texture": "#3"},
				"south": {"uv": [16, 15, 15, 16], "texture": "#3"},
				"west": {"uv": [16, 15, 15, 16], "texture": "#3"},
				"up": {"uv": [16, 15, 15, 16], "texture": "#3"},
				"down": {"uv": [16, 15, 15, 16], "texture": "#3"}
			}
		},
		{
			"from": [17, 15, 2],
			"to": [18, 16, 16],
			"rotation": {"angle": 0, "axis": "y", "origin": [12, 1, 6]},
			"faces": {
				"north": {"uv": [16, 15, 15, 16], "texture": "#3"},
				"east": {"uv": [16, 15, 15, 16], "texture": "#3"},
				"south": {"uv": [16, 15, 15, 16], "texture": "#3"},
				"west": {"uv": [16, 15, 15, 16], "texture": "#3"},
				"up": {"uv": [16, 15, 15, 16], "texture": "#3"},
				"down": {"uv": [16, 15, 15, 16], "texture": "#3"}
			}
		},
		{
			"from": [-2, 15, 2],
			"to": [-1, 16, 16],
			"rotation": {"angle": 0, "axis": "y", "origin": [4, 1, 6]},
			"faces": {
				"north": {"uv": [16, 15, 15, 16], "texture": "#3"},
				"east": {"uv": [16, 15, 15, 16], "texture": "#3"},
				"south": {"uv": [16, 15, 15, 16], "texture": "#3"},
				"west": {"uv": [16, 15, 15, 16], "texture": "#3"},
				"up": {"uv": [16, 15, 15, 16], "texture": "#3"},
				"down": {"uv": [16, 15, 15, 16], "texture": "#3"}
			}
		},
		{
			"from": [17, 14, 1],
			"to": [18, 15, 17],
			"rotation": {"angle": 0, "axis": "y", "origin": [12, 1, 6]},
			"faces": {
				"north": {"uv": [16, 15, 15, 16], "texture": "#3"},
				"east": {"uv": [16, 15, 15, 16], "texture": "#3"},
				"south": {"uv": [16, 15, 15, 16], "texture": "#3"},
				"west": {"uv": [16, 15, 15, 16], "texture": "#3"},
				"up": {"uv": [16, 15, 15, 16], "texture": "#3"},
				"down": {"uv": [16, 15, 15, 16], "texture": "#3"}
			}
		},
		{
			"from": [-2, 14, 1],
			"to": [-1, 15, 17],
			"rotation": {"angle": 0, "axis": "y", "origin": [4, 1, 6]},
			"faces": {
				"north": {"uv": [16, 15, 15, 16], "texture": "#3"},
				"east": {"uv": [16, 15, 15, 16], "texture": "#3"},
				"south": {"uv": [16, 15, 15, 16], "texture": "#3"},
				"west": {"uv": [16, 15, 15, 16], "texture": "#3"},
				"up": {"uv": [16, 15, 15, 16], "texture": "#3"},
				"down": {"uv": [16, 15, 15, 16], "texture": "#3"}
			}
		},
		{
			"from": [18, 11, 5],
			"to": [19, 12, 13],
			"rotation": {"angle": 0, "axis": "y", "origin": [12, 13, 7]},
			"faces": {
				"north": {"uv": [16, 15, 15, 16], "texture": "#3"},
				"east": {"uv": [16, 15, 15, 16], "texture": "#3"},
				"south": {"uv": [16, 15, 15, 16], "texture": "#3"},
				"west": {"uv": [16, 15, 15, 16], "texture": "#3"},
				"up": {"uv": [16, 15, 15, 16], "texture": "#3"},
				"down": {"uv": [16, 15, 15, 16], "texture": "#3"}
			}
		},
		{
			"from": [-3, 11, 5],
			"to": [-2, 12, 13],
			"rotation": {"angle": 0, "axis": "y", "origin": [4, 13, 7]},
			"faces": {
				"north": {"uv": [16, 15, 15, 16], "texture": "#3"},
				"east": {"uv": [16, 15, 15, 16], "texture": "#3"},
				"south": {"uv": [16, 15, 15, 16], "texture": "#3"},
				"west": {"uv": [16, 15, 15, 16], "texture": "#3"},
				"up": {"uv": [16, 15, 15, 16], "texture": "#3"},
				"down": {"uv": [16, 15, 15, 16], "texture": "#3"}
			}
		},
		{
			"from": [19, -1, 6],
			"to": [20, 4, 12],
			"rotation": {"angle": 0, "axis": "y", "origin": [12, 5, 7]},
			"faces": {
				"north": {"uv": [16, 15, 15, 16], "texture": "#3"},
				"east": {"uv": [16, 15, 15, 16], "texture": "#3"},
				"south": {"uv": [16, 15, 15, 16], "texture": "#3"},
				"west": {"uv": [16, 15, 15, 16], "texture": "#3"},
				"up": {"uv": [16, 15, 15, 16], "texture": "#3"},
				"down": {"uv": [16, 15, 15, 16], "texture": "#3"}
			}
		},
		{
			"from": [-4, -1, 6],
			"to": [-3, 4, 12],
			"rotation": {"angle": 0, "axis": "y", "origin": [4, 5, 7]},
			"faces": {
				"north": {"uv": [16, 15, 15, 16], "texture": "#3"},
				"east": {"uv": [16, 15, 15, 16], "texture": "#3"},
				"south": {"uv": [16, 15, 15, 16], "texture": "#3"},
				"west": {"uv": [16, 15, 15, 16], "texture": "#3"},
				"up": {"uv": [16, 15, 15, 16], "texture": "#3"},
				"down": {"uv": [16, 15, 15, 16], "texture": "#3"}
			}
		},
		{
			"from": [18, -1, 3],
			"to": [19, 8, 15],
			"rotation": {"angle": 0, "axis": "y", "origin": [12, 5, 7]},
			"faces": {
				"north": {"uv": [16, 15, 15, 16], "texture": "#3"},
				"east": {"uv": [16, 15, 15, 16], "texture": "#3"},
				"south": {"uv": [16, 15, 15, 16], "texture": "#3"},
				"west": {"uv": [16, 15, 15, 16], "texture": "#3"},
				"up": {"uv": [16, 15, 15, 16], "texture": "#3"},
				"down": {"uv": [16, 15, 15, 16], "texture": "#3"}
			}
		},
		{
			"from": [-3, -1, 3],
			"to": [-2, 8, 15],
			"rotation": {"angle": 0, "axis": "y", "origin": [4, 5, 7]},
			"faces": {
				"north": {"uv": [16, 15, 15, 16], "texture": "#3"},
				"east": {"uv": [16, 15, 15, 16], "texture": "#3"},
				"south": {"uv": [16, 15, 15, 16], "texture": "#3"},
				"west": {"uv": [16, 15, 15, 16], "texture": "#3"},
				"up": {"uv": [16, 15, 15, 16], "texture": "#3"},
				"down": {"uv": [16, 15, 15, 16], "texture": "#3"}
			}
		},
		{
			"from": [18, 12, 6],
			"to": [19, 14, 12],
			"rotation": {"angle": 0, "axis": "y", "origin": [12, 14, 7]},
			"faces": {
				"north": {"uv": [16, 15, 15, 16], "texture": "#3"},
				"east": {"uv": [16, 15, 15, 16], "texture": "#3"},
				"south": {"uv": [16, 15, 15, 16], "texture": "#3"},
				"west": {"uv": [16, 15, 15, 16], "texture": "#3"},
				"up": {"uv": [16, 15, 15, 16], "texture": "#3"},
				"down": {"uv": [16, 15, 15, 16], "texture": "#3"}
			}
		},
		{
			"from": [-3, 12, 6],
			"to": [-2, 14, 12],
			"rotation": {"angle": 0, "axis": "y", "origin": [4, 14, 7]},
			"faces": {
				"north": {"uv": [16, 15, 15, 16], "texture": "#3"},
				"east": {"uv": [16, 15, 15, 16], "texture": "#3"},
				"south": {"uv": [16, 15, 15, 16], "texture": "#3"},
				"west": {"uv": [16, 15, 15, 16], "texture": "#3"},
				"up": {"uv": [16, 15, 15, 16], "texture": "#3"},
				"down": {"uv": [16, 15, 15, 16], "texture": "#3"}
			}
		},
		{
			"from": [19, 9, 8],
			"to": [20, 12, 10],
			"rotation": {"angle": 0, "axis": "y", "origin": [12, 11, 7]},
			"faces": {
				"north": {"uv": [16, 15, 15, 16], "texture": "#3"},
				"east": {"uv": [16, 15, 15, 16], "texture": "#3"},
				"south": {"uv": [16, 15, 15, 16], "texture": "#3"},
				"west": {"uv": [16, 15, 15, 16], "texture": "#3"},
				"up": {"uv": [16, 15, 15, 16], "texture": "#3"},
				"down": {"uv": [16, 15, 15, 16], "texture": "#3"}
			}
		},
		{
			"from": [-4, 9, 8],
			"to": [-3, 12, 10],
			"rotation": {"angle": 0, "axis": "y", "origin": [4, 11, 7]},
			"faces": {
				"north": {"uv": [16, 15, 15, 16], "texture": "#3"},
				"east": {"uv": [16, 15, 15, 16], "texture": "#3"},
				"south": {"uv": [16, 15, 15, 16], "texture": "#3"},
				"west": {"uv": [16, 15, 15, 16], "texture": "#3"},
				"up": {"uv": [16, 15, 15, 16], "texture": "#3"},
				"down": {"uv": [16, 15, 15, 16], "texture": "#3"}
			}
		},
		{
			"from": [19, 4, 7],
			"to": [20, 9, 11],
			"rotation": {"angle": 0, "axis": "y", "origin": [12, 6, 7]},
			"faces": {
				"north": {"uv": [16, 15, 15, 16], "texture": "#3"},
				"east": {"uv": [16, 15, 15, 16], "texture": "#3"},
				"south": {"uv": [16, 15, 15, 16], "texture": "#3"},
				"west": {"uv": [16, 15, 15, 16], "texture": "#3"},
				"up": {"uv": [16, 15, 15, 16], "texture": "#3"},
				"down": {"uv": [16, 15, 15, 16], "texture": "#3"}
			}
		},
		{
			"from": [-4, 4, 7],
			"to": [-3, 9, 11],
			"rotation": {"angle": 0, "axis": "y", "origin": [4, 6, 7]},
			"faces": {
				"north": {"uv": [16, 15, 15, 16], "texture": "#3"},
				"east": {"uv": [16, 15, 15, 16], "texture": "#3"},
				"south": {"uv": [16, 15, 15, 16], "texture": "#3"},
				"west": {"uv": [16, 15, 15, 16], "texture": "#3"},
				"up": {"uv": [16, 15, 15, 16], "texture": "#3"},
				"down": {"uv": [16, 15, 15, 16], "texture": "#3"}
			}
		},
		{
			"from": [18, 8, 4],
			"to": [19, 11, 14],
			"rotation": {"angle": 0, "axis": "y", "origin": [12, 10, 7]},
			"faces": {
				"north": {"uv": [16, 15, 15, 16], "texture": "#3"},
				"east": {"uv": [16, 15, 15, 16], "texture": "#3"},
				"south": {"uv": [16, 15, 15, 16], "texture": "#3"},
				"west": {"uv": [16, 15, 15, 16], "texture": "#3"},
				"up": {"uv": [16, 15, 15, 16], "texture": "#3"},
				"down": {"uv": [16, 15, 15, 16], "texture": "#3"}
			}
		},
		{
			"from": [-3, 8, 4],
			"to": [-2, 11, 14],
			"rotation": {"angle": 0, "axis": "y", "origin": [4, 10, 7]},
			"faces": {
				"north": {"uv": [16, 15, 15, 16], "texture": "#3"},
				"east": {"uv": [16, 15, 15, 16], "texture": "#3"},
				"south": {"uv": [16, 15, 15, 16], "texture": "#3"},
				"west": {"uv": [16, 15, 15, 16], "texture": "#3"},
				"up": {"uv": [16, 15, 15, 16], "texture": "#3"},
				"down": {"uv": [16, 15, 15, 16], "texture": "#3"}
			}
		},
		{
			"from": [15, 14, -1],
			"to": [16, 15, 0],
			"rotation": {"angle": 0, "axis": "y", "origin": [11, 1, 5]},
			"faces": {
				"north": {"uv": [16, 15, 15, 16], "texture": "#3"},
				"east": {"uv": [16, 15, 15, 16], "texture": "#3"},
				"south": {"uv": [16, 15, 15, 16], "texture": "#3"},
				"west": {"uv": [16, 15, 15, 16], "texture": "#3"},
				"up": {"uv": [16, 15, 15, 16], "texture": "#3"},
				"down": {"uv": [16, 15, 15, 16], "texture": "#3"}
			}
		},
		{
			"from": [0, 14, -1],
			"to": [1, 15, 0],
			"rotation": {"angle": 0, "axis": "y", "origin": [5, 1, 5]},
			"faces": {
				"north": {"uv": [16, 15, 15, 16], "texture": "#3"},
				"east": {"uv": [16, 15, 15, 16], "texture": "#3"},
				"south": {"uv": [16, 15, 15, 16], "texture": "#3"},
				"west": {"uv": [16, 15, 15, 16], "texture": "#3"},
				"up": {"uv": [16, 15, 15, 16], "texture": "#3"},
				"down": {"uv": [16, 15, 15, 16], "texture": "#3"}
			}
		},
		{
			"from": [12, 15, -1],
			"to": [15, 16, 0],
			"rotation": {"angle": 0, "axis": "y", "origin": [11, 1, 5]},
			"faces": {
				"north": {"uv": [16, 15, 15, 16], "texture": "#3"},
				"east": {"uv": [16, 15, 15, 16], "texture": "#3"},
				"south": {"uv": [16, 15, 15, 16], "texture": "#3"},
				"west": {"uv": [16, 15, 15, 16], "texture": "#3"},
				"up": {"uv": [16, 15, 15, 16], "texture": "#3"},
				"down": {"uv": [16, 15, 15, 16], "texture": "#3"}
			}
		},
		{
			"from": [1, 15, -1],
			"to": [4, 16, 0],
			"rotation": {"angle": 0, "axis": "y", "origin": [5, 1, 5]},
			"faces": {
				"north": {"uv": [16, 15, 15, 16], "texture": "#3"},
				"east": {"uv": [16, 15, 15, 16], "texture": "#3"},
				"south": {"uv": [16, 15, 15, 16], "texture": "#3"},
				"west": {"uv": [16, 15, 15, 16], "texture": "#3"},
				"up": {"uv": [16, 15, 15, 16], "texture": "#3"},
				"down": {"uv": [16, 15, 15, 16], "texture": "#3"}
			}
		},
		{
			"from": [9, -4, -4],
			"to": [13, 5, -3],
			"rotation": {"angle": 0, "axis": "y", "origin": [10, 9, 4]},
			"faces": {
				"north": {"uv": [16, 15, 15, 16], "texture": "#3"},
				"east": {"uv": [16, 15, 15, 16], "texture": "#3"},
				"south": {"uv": [16, 15, 15, 16], "texture": "#3"},
				"west": {"uv": [16, 15, 15, 16], "texture": "#3"},
				"up": {"uv": [16, 15, 15, 16], "texture": "#3"},
				"down": {"uv": [16, 15, 15, 16], "texture": "#3"}
			}
		},
		{
			"from": [3, -4, -4],
			"to": [7, 5, -3],
			"rotation": {"angle": 0, "axis": "y", "origin": [6, 9, 4]},
			"faces": {
				"north": {"uv": [16, 15, 15, 16], "texture": "#3"},
				"east": {"uv": [16, 15, 15, 16], "texture": "#3"},
				"south": {"uv": [16, 15, 15, 16], "texture": "#3"},
				"west": {"uv": [16, 15, 15, 16], "texture": "#3"},
				"up": {"uv": [16, 15, 15, 16], "texture": "#3"},
				"down": {"uv": [16, 15, 15, 16], "texture": "#3"}
			}
		},
		{
			"from": [11, 5, -4],
			"to": [13, 6, -3],
			"rotation": {"angle": 0, "axis": "y", "origin": [10, 10, 4]},
			"faces": {
				"north": {"uv": [16, 15, 15, 16], "texture": "#3"},
				"east": {"uv": [16, 15, 15, 16], "texture": "#3"},
				"south": {"uv": [16, 15, 15, 16], "texture": "#3"},
				"west": {"uv": [16, 15, 15, 16], "texture": "#3"},
				"up": {"uv": [16, 15, 15, 16], "texture": "#3"},
				"down": {"uv": [16, 15, 15, 16], "texture": "#3"}
			}
		},
		{
			"from": [3, 5, -4],
			"to": [5, 6, -3],
			"rotation": {"angle": 0, "axis": "y", "origin": [6, 10, 4]},
			"faces": {
				"north": {"uv": [16, 15, 15, 16], "texture": "#3"},
				"east": {"uv": [16, 15, 15, 16], "texture": "#3"},
				"south": {"uv": [16, 15, 15, 16], "texture": "#3"},
				"west": {"uv": [16, 15, 15, 16], "texture": "#3"},
				"up": {"uv": [16, 15, 15, 16], "texture": "#3"},
				"down": {"uv": [16, 15, 15, 16], "texture": "#3"}
			}
		}
	],
	"display": {
		"head": {
			"scale": [0.88, 0.88, 0.88]
		}
	},
	"groups": [
		{
			"name": "group",
			"origin": [8, 8, 8],
			"children": [0, 1, 2, 3, 4, 5, 6, 7, 8, 9, 10, 11, 12, 13, 14, 15, 16, 17, 18, 19, 20, 21, 22, 23, 24, 25, 26, 27, 28, 29, 30, 31, 32, 33, 34, 35, 36, 37, 38, 39, 40, 41, 42, 43, 44, 45, 46, 47, 48, 49, 50, 51, 52, 53, 54, 55, 56, 57, 58, 59, 60, 61, 62, 63, 64, 65, 66, 67, 68, 69, 70, 71, 72, 73, 74, 75, 76, 77, 78, 79, 80, 81, 82, 83, 84, 85, 86, 87, 88, 89, 90, 91, 92, 93, 94, 95, 96, 97, 98, 99, 100, 101, 102, 103, 104, 105, 106, 107, 108, 109, 110, 111, 112, 113, 114, 115, 116, 117, 118, 119, 120, 121, 122, 123, 124, 125, 126, 127, 128, 129, 130, 131, 132, 133, 134, 135, 136, 137, 138, 139, 140, 141, 142, 143, 144, 145, 146, 147, 148, 149, 150, 151, 152, 153, 154, 155, 156, 157, 158, 159, 160, 161, 162, 163, 164, 165, 166, 167, 168, 169, 170, 171, 172, 173, 174, 175, 176, 177, 178, 179, 180, 181, 182, 183, 184, 185, 186, 187]
		}
	]
}