{
	"credit": "Made with Blockbench",
	"texture_size": [64, 16],
	"textures": {
		"0": "hats/hat/farmer",
		"particle": "hats/hat/farmer"
	},
	"elements": [
		{
			"from": [0.75, 12, 0.75],
			"to": [15.25, 20.25, 15.25],
			"rotation": {"angle": 0, "axis": "y", "origin": [9, 7, 9]},
			"faces": {
				"north": {"uv": [10, 8, 12, 12], "texture": "#0"},
				"east": {"uv": [8, 8, 10, 12], "texture": "#0"},
				"south": {"uv": [14, 8, 16, 12], "texture": "#0"},
				"west": {"uv": [12, 8, 14, 12], "texture": "#0"},
				"up": {"uv": [10, 0, 12, 8], "texture": "#0"}
			}
		},
		{
			"from": [-4, 12, -4],
			"to": [20, 12, 20],
			"rotation": {"angle": 0, "axis": "y", "origin": [4, 7, 4]},
			"faces": {
				"north": {"uv": [0, 0, 16, 0], "texture": "#missing"},
				"east": {"uv": [0, 0, 16, 0], "texture": "#missing"},
				"south": {"uv": [0, 0, 16, 0], "texture": "#missing"},
				"west": {"uv": [0, 0, 16, 0], "texture": "#missing"},
				"up": {"uv": [1.75, 0, 5.75, 16], "texture": "#0"},
				"down": {"uv": [1.75, 0, 5.75, 16], "texture": "#0"}
			}
		}
	],
	"display": {
		"thirdperson_righthand": {
			"translation": [0, -2, 0],
			"scale": [0.5, 0.5, 0.5]
		},
		"thirdperson_lefthand": {
			"translation": [0, -2, 0],
			"scale": [0.5, 0.5, 0.5]
		},
		"firstperson_righthand": {
			"scale": [0.5, 0.5, 0.5]
		},
		"firstperson_lefthand": {
			"scale": [0.5, 0.5, 0.5]
		},
		"ground": {
			"translation": [0, -5.25, 0],
			"scale": [0.5, 0.5, 0.5]
		},
		"gui": {
			"rotation": [20, -165, 0],
			"translation": [0, -2.5, 0],
			"scale": [0.5, 0.5, 0.5]
		},
		"fixed": {
			"translation": [0, -6.5, 0]
		}
	}
}