{
	"credit": "Made with Blockbench",
	"textures": {
		"0": "block/tardis_wood",
		"1": "block/white_concrete",
		"2": "block/windows",
		"3": "block/tardissign",
		"4": "block/tardislantern",
		"5": "block/tardis_free",
		"6": "block/light_gray_concrete",
		"particle": "block/tardis_wood"
	},
	"elements": [
		{
			"from": [1, 0, 1],
			"to": [15, 1, 15],
			"faces": {
				"north": {"uv": [0, 0, 14, 1], "texture": "#0"},
				"east": {"uv": [0, 0, 14, 1], "texture": "#0"},
				"south": {"uv": [0, 0, 14, 1], "texture": "#0"},
				"west": {"uv": [0, 0, 14, 1], "texture": "#0"},
				"up": {"uv": [0, 0, 14, 14], "texture": "#0"},
				"down": {"uv": [0, 0, 14, 14], "texture": "#0"}
			}
		},
		{
			"from": [9, 12, 1.85],
			"to": [13, 16, 2.85],
			"faces": {
				"north": {"uv": [1, 0, 15, 16], "texture": "#5"},
				"east": {"uv": [0, 0, 12, 16], "texture": "#0"},
				"south": {"uv": [0, 0, 12, 16], "texture": "#0"},
				"west": {"uv": [0, 0, 12, 16], "texture": "#0"},
				"up": {"uv": [0, 0, 12, 12], "texture": "#0"},
				"down": {"uv": [0, 0, 12, 12], "texture": "#0"}
			}
		},
		{
			"from": [3, 12, 1.85],
			"to": [7, 16, 2.85],
			"faces": {
				"north": {"uv": [1, 0, 15, 16], "texture": "#0"},
				"east": {"uv": [0, 0, 12, 16], "texture": "#0"},
				"south": {"uv": [0, 0, 12, 16], "texture": "#0"},
				"west": {"uv": [0, 0, 12, 16], "texture": "#0"},
				"up": {"uv": [0, 0, 12, 12], "texture": "#0"},
				"down": {"uv": [0, 0, 12, 12], "texture": "#0"}
			}
		},
		{
			"from": [3, 7, 1.85],
			"to": [7, 11, 2.85],
			"faces": {
				"north": {"uv": [1, 0, 15, 16], "texture": "#0"},
				"east": {"uv": [0, 0, 12, 16], "texture": "#0"},
				"south": {"uv": [0, 0, 12, 16], "texture": "#0"},
				"west": {"uv": [0, 0, 12, 16], "texture": "#0"},
				"up": {"uv": [0, 0, 12, 12], "texture": "#0"},
				"down": {"uv": [0, 0, 12, 12], "texture": "#0"}
			}
		},
		{
			"from": [9, 7, 1.85],
			"to": [13, 11, 2.85],
			"faces": {
				"north": {"uv": [1, 0, 15, 16], "texture": "#0"},
				"east": {"uv": [0, 0, 12, 16], "texture": "#0"},
				"south": {"uv": [0, 0, 12, 16], "texture": "#0"},
				"west": {"uv": [0, 0, 12, 16], "texture": "#0"},
				"up": {"uv": [0, 0, 12, 12], "texture": "#0"},
				"down": {"uv": [0, 0, 12, 12], "texture": "#0"}
			}
		},
		{
			"from": [13.15, 1, 9],
			"to": [14.15, 6, 13],
			"faces": {
				"north": {"uv": [0, 0, 12, 16], "texture": "#0"},
				"east": {"uv": [1, 0, 15, 16], "texture": "#0"},
				"south": {"uv": [0, 0, 12, 16], "texture": "#0"},
				"west": {"uv": [0, 0, 12, 16], "texture": "#0"},
				"up": {"uv": [0, 0, 12, 12], "rotation": 90, "texture": "#0"},
				"down": {"uv": [0, 0, 12, 12], "rotation": 270, "texture": "#0"}
			}
		},
		{
			"from": [13.15, 1, 3],
			"to": [14.15, 6, 7],
			"faces": {
				"north": {"uv": [0, 0, 12, 16], "texture": "#0"},
				"east": {"uv": [1, 0, 15, 16], "texture": "#0"},
				"south": {"uv": [0, 0, 12, 16], "texture": "#0"},
				"west": {"uv": [0, 0, 12, 16], "texture": "#0"},
				"up": {"uv": [0, 0, 12, 12], "rotation": 90, "texture": "#0"},
				"down": {"uv": [0, 0, 12, 12], "rotation": 270, "texture": "#0"}
			}
		},
		{
			"from": [13.15, 7, 3],
			"to": [14.15, 11, 7],
			"faces": {
				"north": {"uv": [0, 0, 12, 16], "texture": "#0"},
				"east": {"uv": [1, 0, 15, 16], "texture": "#0"},
				"south": {"uv": [0, 0, 12, 16], "texture": "#0"},
				"west": {"uv": [0, 0, 12, 16], "texture": "#0"},
				"up": {"uv": [0, 0, 12, 12], "rotation": 90, "texture": "#0"},
				"down": {"uv": [0, 0, 12, 12], "rotation": 270, "texture": "#0"}
			}
		},
		{
			"from": [13.15, 12, 3],
			"to": [14.15, 16, 7],
			"faces": {
				"north": {"uv": [0, 0, 12, 16], "texture": "#0"},
				"east": {"uv": [1, 0, 15, 16], "texture": "#0"},
				"south": {"uv": [0, 0, 12, 16], "texture": "#0"},
				"west": {"uv": [0, 0, 12, 16], "texture": "#0"},
				"up": {"uv": [0, 0, 12, 12], "rotation": 90, "texture": "#0"},
				"down": {"uv": [0, 0, 12, 12], "rotation": 270, "texture": "#0"}
			}
		},
		{
			"from": [13.15, 12, 9],
			"to": [14.15, 16, 13],
			"faces": {
				"north": {"uv": [0, 0, 12, 16], "texture": "#0"},
				"east": {"uv": [1, 0, 15, 16], "texture": "#0"},
				"south": {"uv": [0, 0, 12, 16], "texture": "#0"},
				"west": {"uv": [0, 0, 12, 16], "texture": "#0"},
				"up": {"uv": [0, 0, 12, 12], "rotation": 90, "texture": "#0"},
				"down": {"uv": [0, 0, 12, 12], "rotation": 270, "texture": "#0"}
			}
		},
		{
			"from": [9, 7, 12.85],
			"to": [13, 11, 13.85],
			"faces": {
				"north": {"uv": [1, 0, 15, 16], "texture": "#0"},
				"east": {"uv": [0, 0, 12, 16], "texture": "#0"},
				"south": {"uv": [0, 0, 12, 16], "texture": "#0"},
				"west": {"uv": [0, 0, 12, 16], "texture": "#0"},
				"up": {"uv": [0, 0, 12, 12], "texture": "#0"},
				"down": {"uv": [0, 0, 12, 12], "texture": "#0"}
			}
		},
		{
			"from": [9, 1, 12.85],
			"to": [13, 6, 13.85],
			"faces": {
				"north": {"uv": [1, 0, 15, 16], "texture": "#0"},
				"east": {"uv": [0, 0, 12, 16], "texture": "#0"},
				"south": {"uv": [0, 0, 12, 16], "texture": "#0"},
				"west": {"uv": [0, 0, 12, 16], "texture": "#0"},
				"up": {"uv": [0, 0, 12, 12], "texture": "#0"},
				"down": {"uv": [0, 0, 12, 12], "texture": "#0"}
			}
		},
		{
			"from": [3, 1, 12.85],
			"to": [7, 6, 13.85],
			"faces": {
				"north": {"uv": [1, 0, 15, 16], "texture": "#0"},
				"east": {"uv": [0, 0, 12, 16], "texture": "#0"},
				"south": {"uv": [0, 0, 12, 16], "texture": "#0"},
				"west": {"uv": [0, 0, 12, 16], "texture": "#0"},
				"up": {"uv": [0, 0, 12, 12], "texture": "#0"},
				"down": {"uv": [0, 0, 12, 12], "texture": "#0"}
			}
		},
		{
			"from": [3, 7, 12.85],
			"to": [7, 11, 13.85],
			"faces": {
				"north": {"uv": [1, 0, 15, 16], "texture": "#0"},
				"east": {"uv": [0, 0, 12, 16], "texture": "#0"},
				"south": {"uv": [0, 0, 12, 16], "texture": "#0"},
				"west": {"uv": [0, 0, 12, 16], "texture": "#0"},
				"up": {"uv": [0, 0, 12, 12], "texture": "#0"},
				"down": {"uv": [0, 0, 12, 12], "texture": "#0"}
			}
		},
		{
			"from": [3, 12, 12.85],
			"to": [7, 16, 13.85],
			"faces": {
				"north": {"uv": [1, 0, 15, 16], "texture": "#0"},
				"east": {"uv": [0, 0, 12, 16], "texture": "#0"},
				"south": {"uv": [0, 0, 12, 16], "texture": "#0"},
				"west": {"uv": [0, 0, 12, 16], "texture": "#0"},
				"up": {"uv": [0, 0, 12, 12], "texture": "#0"},
				"down": {"uv": [0, 0, 12, 12], "texture": "#0"}
			}
		},
		{
			"from": [2.15, 12, 9],
			"to": [3.15, 16, 13],
			"faces": {
				"north": {"uv": [0, 0, 12, 16], "texture": "#0"},
				"east": {"uv": [1, 0, 15, 16], "texture": "#0"},
				"south": {"uv": [0, 0, 12, 16], "texture": "#0"},
				"west": {"uv": [0, 0, 12, 16], "texture": "#0"},
				"up": {"uv": [0, 0, 12, 12], "rotation": 90, "texture": "#0"},
				"down": {"uv": [0, 0, 12, 12], "rotation": 270, "texture": "#0"}
			}
		},
		{
			"from": [2.15, 7, 9],
			"to": [3.15, 11, 13],
			"faces": {
				"north": {"uv": [0, 0, 12, 16], "texture": "#0"},
				"east": {"uv": [1, 0, 15, 16], "texture": "#0"},
				"south": {"uv": [0, 0, 12, 16], "texture": "#0"},
				"west": {"uv": [0, 0, 12, 16], "texture": "#0"},
				"up": {"uv": [0, 0, 12, 12], "rotation": 90, "texture": "#0"},
				"down": {"uv": [0, 0, 12, 12], "rotation": 270, "texture": "#0"}
			}
		},
		{
			"from": [2.15, 1, 9],
			"to": [3.15, 6, 13],
			"faces": {
				"north": {"uv": [0, 0, 12, 16], "texture": "#0"},
				"east": {"uv": [1, 0, 15, 16], "texture": "#0"},
				"south": {"uv": [0, 0, 12, 16], "texture": "#0"},
				"west": {"uv": [0, 0, 12, 16], "texture": "#0"},
				"up": {"uv": [0, 0, 12, 12], "rotation": 90, "texture": "#0"},
				"down": {"uv": [0, 0, 12, 12], "rotation": 270, "texture": "#0"}
			}
		},
		{
			"from": [2.15, 1, 3],
			"to": [3.15, 6, 7],
			"faces": {
				"north": {"uv": [0, 0, 12, 16], "texture": "#0"},
				"east": {"uv": [1, 0, 15, 16], "texture": "#0"},
				"south": {"uv": [0, 0, 12, 16], "texture": "#0"},
				"west": {"uv": [0, 0, 12, 16], "texture": "#0"},
				"up": {"uv": [0, 0, 12, 12], "rotation": 90, "texture": "#0"},
				"down": {"uv": [0, 0, 12, 12], "rotation": 270, "texture": "#0"}
			}
		},
		{
			"from": [2.15, 7, 3],
			"to": [3.15, 11, 7],
			"faces": {
				"north": {"uv": [0, 0, 12, 16], "texture": "#0"},
				"east": {"uv": [1, 0, 15, 16], "texture": "#0"},
				"south": {"uv": [0, 0, 12, 16], "texture": "#0"},
				"west": {"uv": [0, 0, 12, 16], "texture": "#0"},
				"up": {"uv": [0, 0, 12, 12], "rotation": 90, "texture": "#0"},
				"down": {"uv": [0, 0, 12, 12], "rotation": 270, "texture": "#0"}
			}
		},
		{
			"from": [2.15, 12, 3],
			"to": [3.15, 16, 7],
			"faces": {
				"north": {"uv": [0, 0, 12, 16], "texture": "#0"},
				"east": {"uv": [1, 0, 15, 16], "texture": "#0"},
				"south": {"uv": [0, 0, 12, 16], "texture": "#0"},
				"west": {"uv": [0, 0, 12, 16], "texture": "#0"},
				"up": {"uv": [0, 0, 12, 12], "rotation": 90, "texture": "#0"},
				"down": {"uv": [0, 0, 12, 12], "rotation": 270, "texture": "#0"}
			}
		},
		{
			"from": [9, 12, 12.85],
			"to": [13, 16, 13.85],
			"faces": {
				"north": {"uv": [1, 0, 15, 16], "texture": "#0"},
				"east": {"uv": [0, 0, 12, 16], "texture": "#0"},
				"south": {"uv": [0, 0, 12, 16], "texture": "#0"},
				"west": {"uv": [0, 0, 12, 16], "texture": "#0"},
				"up": {"uv": [0, 0, 12, 12], "texture": "#0"},
				"down": {"uv": [0, 0, 12, 12], "texture": "#0"}
			}
		},
		{
			"from": [13.15, 7, 9],
			"to": [14.15, 11, 13],
			"faces": {
				"north": {"uv": [0, 0, 12, 16], "texture": "#0"},
				"east": {"uv": [1, 0, 15, 16], "texture": "#0"},
				"south": {"uv": [0, 0, 12, 16], "texture": "#0"},
				"west": {"uv": [0, 0, 12, 16], "texture": "#0"},
				"up": {"uv": [0, 0, 12, 12], "rotation": 90, "texture": "#0"},
				"down": {"uv": [0, 0, 12, 12], "rotation": 270, "texture": "#0"}
			}
		},
		{
			"from": [3, 1, 1.85],
			"to": [7, 6, 2.85],
			"faces": {
				"north": {"uv": [1, 0, 15, 16], "texture": "#0"},
				"east": {"uv": [0, 0, 12, 16], "texture": "#0"},
				"south": {"uv": [0, 0, 12, 16], "texture": "#0"},
				"west": {"uv": [0, 0, 12, 16], "texture": "#0"},
				"up": {"uv": [0, 0, 12, 12], "texture": "#0"},
				"down": {"uv": [0, 0, 12, 12], "texture": "#0"}
			}
		},
		{
			"from": [9, 1, 1.85],
			"to": [13, 6, 2.85],
			"faces": {
				"north": {"uv": [1, 0, 15, 16], "texture": "#0"},
				"east": {"uv": [0, 0, 12, 16], "texture": "#0"},
				"south": {"uv": [0, 0, 12, 16], "texture": "#0"},
				"west": {"uv": [0, 0, 12, 16], "texture": "#0"},
				"up": {"uv": [0, 0, 12, 12], "texture": "#0"},
				"down": {"uv": [0, 0, 12, 12], "texture": "#0"}
			}
		},
		{
			"from": [1.5, 22, 1.5],
			"to": [14.5, 24, 14.5],
			"faces": {
				"north": {"uv": [0, 1.25, 16, 15.25], "texture": "#3"},
				"east": {"uv": [0, 1.25, 16, 15.25], "texture": "#3"},
				"south": {"uv": [0, 1.25, 16, 15.25], "texture": "#3"},
				"west": {"uv": [0, 1.25, 16, 15.25], "texture": "#3"},
				"up": {"uv": [0, 0, 13, 13], "texture": "#0"},
				"down": {"uv": [0, 0, 13, 13], "texture": "#0"}
			}
		},
		{
			"from": [1.75, 22.125, 1.25],
			"to": [14.25, 23.875, 1.5],
			"faces": {
				"north": {"uv": [0, 1.25, 16, 15.25], "texture": "#3"},
				"east": {"uv": [0, 1.25, 0.125, 15.25], "texture": "#3"},
				"south": {"uv": [0, 1.25, 16, 15.25], "texture": "#3"},
				"west": {"uv": [0, 1.25, 0.125, 15.25], "texture": "#3"},
				"up": {"uv": [0, 0, 13, 13], "texture": "#0"},
				"down": {"uv": [0, 0, 13, 13], "texture": "#0"}
			}
		},
		{
			"from": [1.75, 22.125, 14.5],
			"to": [14.25, 23.875, 14.75],
			"faces": {
				"north": {"uv": [0, 1.25, 16, 15.25], "texture": "#3"},
				"east": {"uv": [0, 1.25, 0.125, 15.25], "texture": "#3"},
				"south": {"uv": [0, 1.25, 16, 15.25], "texture": "#3"},
				"west": {"uv": [0, 1.25, 0.125, 15.25], "texture": "#3"},
				"up": {"uv": [0, 0, 13, 13], "texture": "#0"},
				"down": {"uv": [0, 0, 13, 13], "texture": "#0"}
			}
		},
		{
			"from": [14.5, 22.125, 1.75],
			"to": [14.75, 23.875, 14.25],
			"faces": {
				"north": {"uv": [0, 1.25, 0.125, 15.25], "texture": "#3"},
				"east": {"uv": [0, 1.25, 16, 15.25], "texture": "#3"},
				"south": {"uv": [0, 1.25, 0.125, 15.25], "texture": "#3"},
				"west": {"uv": [0, 1.25, 16, 15.25], "texture": "#3"},
				"up": {"uv": [0, 0, 13, 13], "rotation": 270, "texture": "#0"},
				"down": {"uv": [0, 0, 13, 13], "rotation": 90, "texture": "#0"}
			}
		},
		{
			"from": [1.25, 22.125, 1.75],
			"to": [1.5, 23.875, 14.25],
			"faces": {
				"north": {"uv": [0, 1.25, 0.125, 15.25], "texture": "#3"},
				"east": {"uv": [0, 1.25, 16, 15.25], "texture": "#3"},
				"south": {"uv": [0, 1.25, 0.125, 15.25], "texture": "#3"},
				"west": {"uv": [0, 1.25, 16, 15.25], "texture": "#3"},
				"up": {"uv": [0, 0, 13, 13], "rotation": 270, "texture": "#0"},
				"down": {"uv": [0, 0, 13, 13], "rotation": 90, "texture": "#0"}
			}
		},
		{
			"from": [2.5, 26, 2.5],
			"to": [13.5, 27, 13.5],
			"faces": {
				"north": {"uv": [0, 0, 11, 1], "texture": "#0"},
				"east": {"uv": [0, 0, 11, 1], "texture": "#0"},
				"south": {"uv": [0, 0, 11, 1], "texture": "#0"},
				"west": {"uv": [0, 0, 11, 1], "texture": "#0"},
				"up": {"uv": [0, 0, 11, 11], "texture": "#0"},
				"down": {"uv": [0, 0, 11, 11], "texture": "#missing"}
			}
		},
		{
			"from": [6.5, 27, 6.5],
			"to": [9.5, 28, 9.5],
			"faces": {
				"north": {"uv": [0, 0, 3, 1], "texture": "#0"},
				"east": {"uv": [0, 0, 3, 1], "texture": "#0"},
				"south": {"uv": [0, 0, 3, 1], "texture": "#0"},
				"west": {"uv": [0, 0, 3, 1], "texture": "#0"},
				"up": {"uv": [0, 0, 3, 3], "texture": "#0"},
				"down": {"uv": [0, 0, 3, 3], "texture": "#missing"}
			}
		},
		{
			"from": [6.75, 29.5, 6.75],
			"to": [9.25, 30, 9.25],
			"faces": {
				"north": {"uv": [0, 0, 3, 1], "texture": "#0"},
				"east": {"uv": [0, 0, 3, 1], "texture": "#0"},
				"south": {"uv": [0, 0, 3, 1], "texture": "#0"},
				"west": {"uv": [0, 0, 3, 1], "texture": "#0"},
				"up": {"uv": [0, 0, 3, 3], "texture": "#0"},
				"down": {"uv": [0, 0, 3, 3], "texture": "#0"}
			}
		},
		{
			"from": [7, 30, 7],
			"to": [9, 30.5, 9],
			"faces": {
				"north": {"uv": [0, 0, 3, 1], "texture": "#0"},
				"east": {"uv": [0, 0, 3, 1], "texture": "#0"},
				"south": {"uv": [0, 0, 3, 1], "texture": "#0"},
				"west": {"uv": [0, 0, 3, 1], "texture": "#0"},
				"up": {"uv": [0, 0, 3, 3], "texture": "#0"},
				"down": {"uv": [0, 0, 3, 3], "texture": "#0"}
			}
		},
		{
			"from": [7.5, 30.5, 7.5],
			"to": [8.5, 31, 8.5],
			"faces": {
				"north": {"uv": [0, 0, 3, 1], "texture": "#0"},
				"east": {"uv": [0, 0, 3, 1], "texture": "#0"},
				"south": {"uv": [0, 0, 3, 1], "texture": "#0"},
				"west": {"uv": [0, 0, 3, 1], "texture": "#0"},
				"up": {"uv": [0, 0, 3, 3], "texture": "#0"},
				"down": {"uv": [0, 0, 3, 3], "texture": "#0"}
			}
		},
		{
			"from": [7, 28, 7],
			"to": [9, 30, 9],
			"faces": {
				"north": {"uv": [2, 0, 14, 12], "texture": "#4"},
				"east": {"uv": [2, 0, 14, 12], "texture": "#4"},
				"south": {"uv": [2, 0, 14, 12], "texture": "#4"},
				"west": {"uv": [2, 0, 14, 12], "texture": "#4"},
				"up": {"uv": [4, 5, 10, 11], "texture": "#0"},
				"down": {"uv": [4, 5, 10, 11], "texture": "#0"}
			}
		},
		{
			"from": [2, 24, 2],
			"to": [14, 26, 14],
			"faces": {
				"north": {"uv": [0, 0, 12, 2], "texture": "#0"},
				"east": {"uv": [0, 0, 12, 2], "texture": "#0"},
				"south": {"uv": [0, 0, 12, 2], "texture": "#0"},
				"west": {"uv": [0, 0, 12, 2], "texture": "#0"},
				"up": {"uv": [0, 0, 12, 12], "texture": "#0"},
				"down": {"uv": [0, 0, 12, 12], "texture": "#missing"}
			}
		},
		{
			"from": [1.5, 1, 1.5],
			"to": [3, 22, 3],
			"faces": {
				"north": {"uv": [0, 0, 1.5, 16], "texture": "#0"},
				"east": {"uv": [0, 0, 1.5, 16], "texture": "#0"},
				"south": {"uv": [0, 0, 1.5, 16], "texture": "#0"},
				"west": {"uv": [0, 0, 1.5, 16], "texture": "#0"},
				"up": {"uv": [0, 0, 1.5, 1.5], "texture": "#missing"},
				"down": {"uv": [0, 0, 1.5, 1.5], "texture": "#missing"}
			}
		},
		{
			"from": [1.5, 1, 13],
			"to": [3, 22, 14.5],
			"faces": {
				"north": {"uv": [0, 0, 1.5, 16], "texture": "#0"},
				"east": {"uv": [0, 0, 1.5, 16], "texture": "#0"},
				"south": {"uv": [0, 0, 1.5, 16], "texture": "#0"},
				"west": {"uv": [0, 0, 1.5, 16], "texture": "#0"},
				"up": {"uv": [0, 0, 1.5, 1.5], "texture": "#missing"},
				"down": {"uv": [0, 0, 1.5, 1.5], "texture": "#missing"}
			}
		},
		{
			"from": [13, 1, 13],
			"to": [14.5, 22, 14.5],
			"faces": {
				"north": {"uv": [0, 0, 1.5, 16], "texture": "#0"},
				"east": {"uv": [0, 0, 1.5, 16], "texture": "#0"},
				"south": {"uv": [0, 0, 1.5, 16], "texture": "#0"},
				"west": {"uv": [0, 0, 1.5, 16], "texture": "#0"},
				"up": {"uv": [0, 0, 1.5, 1.5], "texture": "#missing"},
				"down": {"uv": [0, 0, 1.5, 1.5], "texture": "#missing"}
			}
		},
		{
			"from": [7.5, 1, 13],
			"to": [8.5, 22, 14.5],
			"faces": {
				"north": {"uv": [0, 0, 1, 16], "texture": "#0"},
				"east": {"uv": [0, 0, 1.5, 16], "texture": "#0"},
				"south": {"uv": [7, 0, 8, 16], "texture": "#0"},
				"west": {"uv": [0, 0, 1.5, 16], "texture": "#0"},
				"up": {"uv": [0, 0, 1, 1.5], "texture": "#0"},
				"down": {"uv": [0, 0, 1, 1.5], "texture": "#0"}
			}
		},
		{
			"from": [6.5, 1, 13],
			"to": [7.5, 22, 14.15],
			"faces": {
				"north": {"uv": [0, 0, 1, 16], "texture": "#0"},
				"east": {"uv": [0, 0, 1.15, 16], "texture": "#0"},
				"south": {"uv": [6, 0, 7, 16], "texture": "#0"},
				"west": {"uv": [0, 0, 1.15, 16], "texture": "#0"},
				"up": {"uv": [0, 0, 1, 1.15], "texture": "#0"},
				"down": {"uv": [0, 0, 1, 1.15], "texture": "#0"}
			}
		},
		{
			"from": [7.5, 1, 1.5],
			"to": [8.5, 22, 3],
			"faces": {
				"north": {"uv": [0, 0, 1, 16], "texture": "#0"},
				"east": {"uv": [0, 0, 1.5, 16], "texture": "#0"},
				"south": {"uv": [7, 0, 8, 16], "texture": "#0"},
				"west": {"uv": [0, 0, 1.5, 16], "texture": "#0"},
				"up": {"uv": [0, 0, 1, 1.5], "texture": "#missing"},
				"down": {"uv": [0, 0, 1, 1.5], "texture": "#missing"}
			}
		},
		{
			"from": [8.5, 1, 1.75],
			"to": [9.5, 22, 2.9],
			"faces": {
				"north": {"uv": [0, 0, 1, 16], "texture": "#0"},
				"east": {"uv": [0, 0, 1.15, 16], "texture": "#0"},
				"south": {"uv": [8, 0, 9, 16], "texture": "#0"},
				"west": {"uv": [0, 0, 1.15, 16], "texture": "#missing"},
				"up": {"uv": [0, 0, 1, 1.15], "texture": "#missing"},
				"down": {"uv": [0, 0, 1, 1.15], "texture": "#missing"}
			}
		},
		{
			"from": [6.5, 1, 1.75],
			"to": [7.5, 22, 2.9],
			"faces": {
				"north": {"uv": [0, 0, 1, 16], "texture": "#0"},
				"east": {"uv": [0, 0, 1.15, 16], "texture": "#missing"},
				"south": {"uv": [6, 0, 7, 16], "texture": "#0"},
				"west": {"uv": [0, 0, 1.15, 16], "texture": "#0"},
				"up": {"uv": [0, 0, 1, 1.15], "texture": "#missing"},
				"down": {"uv": [0, 0, 1, 1.15], "texture": "#missing"}
			}
		},
		{
			"from": [1.75, 16, 9.5],
			"to": [2.9, 17.3, 12.5],
			"faces": {
				"north": {"uv": [0, 0, 1.15, 1.3], "texture": "#0"},
				"east": {"uv": [0, 0, 3, 1.3], "texture": "#0"},
				"south": {"uv": [0, 0, 1.15, 1.3], "texture": "#0"},
				"west": {"uv": [0, 0, 3, 1.3], "texture": "#0"},
				"up": {"uv": [0, 0, 3, 1.15], "rotation": 270, "texture": "#0"},
				"down": {"uv": [0, 0, 3, 1.15], "rotation": 90, "texture": "#0"}
			}
		},
		{
			"from": [1.75, 1, 12.5],
			"to": [2.9, 22, 13.5],
			"faces": {
				"north": {"uv": [0, 0, 1.15, 16], "texture": "#0"},
				"east": {"uv": [0, 0, 1, 16], "texture": "#0"},
				"south": {"uv": [0, 0, 1.15, 16], "texture": "#0"},
				"west": {"uv": [0, 0, 1, 16], "texture": "#0"},
				"up": {"uv": [0, 0, 1, 1.15], "rotation": 270, "texture": "#missing"},
				"down": {"uv": [0, 0, 1, 1.15], "rotation": 90, "texture": "#missing"}
			}
		},
		{
			"from": [1.75, 1, 2.5],
			"to": [2.9, 22, 3.5],
			"faces": {
				"north": {"uv": [0, 0, 1.15, 16], "texture": "#missing"},
				"east": {"uv": [0, 0, 1, 16], "texture": "#0"},
				"south": {"uv": [0, 0, 1.15, 16], "texture": "#0"},
				"west": {"uv": [0, 0, 1, 16], "texture": "#0"},
				"up": {"uv": [0, 0, 1, 1.15], "rotation": 270, "texture": "#missing"},
				"down": {"uv": [0, 0, 1, 1.15], "rotation": 90, "texture": "#missing"}
			}
		},
		{
			"from": [1.75, 16, 3.5],
			"to": [2.9, 17.3, 6.5],
			"faces": {
				"north": {"uv": [0, 0, 0.5, 1.3], "texture": "#0"},
				"east": {"uv": [0, 0, 3, 1.3], "texture": "#0"},
				"south": {"uv": [0, 0, 0.5, 1.3], "texture": "#0"},
				"west": {"uv": [0, 0, 3, 1.3], "texture": "#0"},
				"up": {"uv": [0, 0, 3, 1.3], "rotation": 270, "texture": "#0"},
				"down": {"uv": [0, 0, 3, 1.3], "rotation": 90, "texture": "#0"}
			}
		},
		{
			"from": [1.75, 20.75, 9.5],
			"to": [2.9, 22.05, 12.5],
			"faces": {
				"north": {"uv": [0, 0, 1.15, 1.3], "texture": "#0"},
				"east": {"uv": [0, 0, 3, 1.3], "texture": "#0"},
				"south": {"uv": [0, 0, 1.15, 1.3], "texture": "#0"},
				"west": {"uv": [0, 0, 3, 1.3], "texture": "#0"},
				"up": {"uv": [0, 0, 3, 1.15], "rotation": 270, "texture": "#0"},
				"down": {"uv": [0, 0, 3, 1.15], "rotation": 90, "texture": "#0"}
			}
		},
		{
			"from": [1.75, 20.75, 3.5],
			"to": [2.9, 22.05, 6.5],
			"faces": {
				"north": {"uv": [0, 0, 0.5, 1.3], "texture": "#0"},
				"east": {"uv": [0, 0, 3, 1.3], "texture": "#0"},
				"south": {"uv": [0, 0, 0.5, 1.3], "texture": "#0"},
				"west": {"uv": [0, 0, 3, 1.3], "texture": "#0"},
				"up": {"uv": [0, 0, 3, 1.3], "rotation": 270, "texture": "#0"},
				"down": {"uv": [0, 0, 3, 1.3], "rotation": 90, "texture": "#0"}
			}
		},
		{
			"from": [1.75, 11, 3.5],
			"to": [2.9, 12, 6.5],
			"faces": {
				"north": {"uv": [0, 0, 1.15, 1], "texture": "#missing"},
				"east": {"uv": [0, 0, 3, 1], "texture": "#0"},
				"south": {"uv": [0, 0, 1.15, 1], "texture": "#missing"},
				"west": {"uv": [0, 0, 3, 1], "texture": "#0"},
				"up": {"uv": [0, 0, 3, 1.15], "rotation": 270, "texture": "#0"},
				"down": {"uv": [0, 0, 3, 1.15], "rotation": 90, "texture": "#0"}
			}
		},
		{
			"from": [1.75, 6, 3.5],
			"to": [2.9, 7, 6.5],
			"faces": {
				"north": {"uv": [0, 0, 1.15, 1], "texture": "#missing"},
				"east": {"uv": [0, 0, 3, 1], "texture": "#0"},
				"south": {"uv": [0, 0, 1.15, 1], "texture": "#missing"},
				"west": {"uv": [0, 0, 3, 1], "texture": "#0"},
				"up": {"uv": [0, 0, 3, 1.15], "rotation": 270, "texture": "#0"},
				"down": {"uv": [0, 0, 3, 1.15], "rotation": 90, "texture": "#0"}
			}
		},
		{
			"from": [1.75, 6, 9.5],
			"to": [2.9, 7, 12.5],
			"faces": {
				"north": {"uv": [0, 0, 1.15, 1], "texture": "#missing"},
				"east": {"uv": [0, 0, 3, 1], "texture": "#0"},
				"south": {"uv": [0, 0, 1.15, 1], "texture": "#missing"},
				"west": {"uv": [0, 0, 3, 1], "texture": "#0"},
				"up": {"uv": [0, 0, 3, 1.15], "rotation": 270, "texture": "#0"},
				"down": {"uv": [0, 0, 3, 1.15], "rotation": 90, "texture": "#0"}
			}
		},
		{
			"from": [1.75, 11, 9.5],
			"to": [2.9, 12, 12.5],
			"faces": {
				"north": {"uv": [0, 0, 1.15, 1], "texture": "#missing"},
				"east": {"uv": [0, 0, 3, 1], "texture": "#0"},
				"south": {"uv": [0, 0, 1.15, 1], "texture": "#missing"},
				"west": {"uv": [0, 0, 3, 1], "texture": "#0"},
				"up": {"uv": [0, 0, 3, 1.15], "rotation": 270, "texture": "#0"},
				"down": {"uv": [0, 0, 3, 1.15], "rotation": 90, "texture": "#0"}
			}
		},
		{
			"from": [1.5, 1, 7.5],
			"to": [3, 22, 8.5],
			"faces": {
				"north": {"uv": [0, 0, 1.5, 16], "texture": "#0"},
				"east": {"uv": [7, 0, 8, 16], "texture": "#0"},
				"south": {"uv": [0, 0, 1.5, 16], "texture": "#0"},
				"west": {"uv": [0, 0, 1, 16], "texture": "#0"},
				"up": {"uv": [0, 0, 1, 1.5], "rotation": 270, "texture": "#missing"},
				"down": {"uv": [0, 0, 1, 1.5], "rotation": 90, "texture": "#missing"}
			}
		},
		{
			"from": [1.75, 1, 6.5],
			"to": [2.9, 22, 7.5],
			"faces": {
				"north": {"uv": [0, 0, 1.15, 16], "texture": "#0"},
				"east": {"uv": [8, 0, 9, 16], "texture": "#0"},
				"south": {"uv": [0, 0, 1.15, 16], "texture": "#missing"},
				"west": {"uv": [0, 0, 1, 16], "texture": "#0"},
				"up": {"uv": [0, 0, 1, 1.15], "rotation": 270, "texture": "#missing"},
				"down": {"uv": [0, 0, 1, 1.15], "rotation": 90, "texture": "#missing"}
			}
		},
		{
			"from": [1.75, 1, 8.5],
			"to": [2.9, 22, 9.5],
			"faces": {
				"north": {"uv": [0, 0, 1.15, 16], "texture": "#missing"},
				"east": {"uv": [6, 0, 7, 16], "texture": "#0"},
				"south": {"uv": [0, 0, 1.15, 16], "texture": "#0"},
				"west": {"uv": [0, 0, 1, 16], "texture": "#0"},
				"up": {"uv": [0, 0, 1, 1.15], "rotation": 270, "texture": "#missing"},
				"down": {"uv": [0, 0, 1, 1.15], "rotation": 90, "texture": "#missing"}
			}
		},
		{
			"from": [2.5, 1, 13],
			"to": [3.5, 22, 14.15],
			"faces": {
				"north": {"uv": [0, 0, 1, 16], "texture": "#0"},
				"east": {"uv": [0, 0, 1.15, 16], "texture": "#0"},
				"south": {"uv": [0, 0, 1, 16], "texture": "#0"},
				"west": {"uv": [0, 0, 1.15, 16], "texture": "#missing"},
				"up": {"uv": [0, 0, 1, 1.15], "texture": "#missing"},
				"down": {"uv": [0, 0, 1, 1.15], "texture": "#missing"}
			}
		},
		{
			"from": [12.5, 1, 13],
			"to": [13.5, 22, 14.15],
			"faces": {
				"north": {"uv": [0, 0, 1, 16], "texture": "#0"},
				"east": {"uv": [0, 0, 1.15, 16], "texture": "#missing"},
				"south": {"uv": [0, 0, 1, 16], "texture": "#0"},
				"west": {"uv": [0, 0, 1.15, 16], "texture": "#0"},
				"up": {"uv": [0, 0, 1, 1.15], "texture": "#missing"},
				"down": {"uv": [0, 0, 1, 1.15], "texture": "#missing"}
			}
		},
		{
			"from": [12.5, 1, 1.75],
			"to": [13.5, 22, 2.9],
			"faces": {
				"north": {"uv": [0, 0, 1, 16], "texture": "#0"},
				"east": {"uv": [0, 0, 1.15, 16], "texture": "#missing"},
				"south": {"uv": [0, 0, 1, 16], "texture": "#0"},
				"west": {"uv": [0, 0, 1.15, 16], "texture": "#0"},
				"up": {"uv": [0, 0, 1, 1.15], "texture": "#missing"},
				"down": {"uv": [0, 0, 1, 1.15], "texture": "#missing"}
			}
		},
		{
			"from": [2.5, 1, 1.75],
			"to": [3.5, 22, 2.9],
			"faces": {
				"north": {"uv": [0, 0, 1, 16], "texture": "#0"},
				"east": {"uv": [0, 0, 1.15, 16], "texture": "#0"},
				"south": {"uv": [0, 0, 1, 16], "texture": "#0"},
				"west": {"uv": [0, 0, 1.15, 16], "texture": "#0"},
				"up": {"uv": [0, 0, 1, 1.15], "texture": "#missing"},
				"down": {"uv": [0, 0, 1, 1.15], "texture": "#missing"}
			}
		},
		{
			"from": [8.5, 1, 13],
			"to": [9.5, 22, 14.15],
			"faces": {
				"north": {"uv": [0, 0, 1, 16], "texture": "#0"},
				"east": {"uv": [0, 0, 1.15, 16], "texture": "#0"},
				"south": {"uv": [8, 0, 9, 16], "texture": "#0"},
				"west": {"uv": [0, 0, 1.15, 16], "texture": "#0"},
				"up": {"uv": [0, 0, 1, 1.15], "texture": "#0"},
				"down": {"uv": [0, 0, 1, 1.15], "texture": "#0"}
			}
		},
		{
			"from": [3.5, 11, 13],
			"to": [6.5, 12, 14.15],
			"faces": {
				"north": {"uv": [0, 0, 3, 1], "texture": "#0"},
				"east": {"uv": [0, 0, 1.15, 1], "texture": "#missing"},
				"south": {"uv": [0, 0, 3, 1], "texture": "#0"},
				"west": {"uv": [0, 0, 1.15, 1], "texture": "#missing"},
				"up": {"uv": [0, 0, 3, 1.15], "texture": "#0"},
				"down": {"uv": [0, 0, 3, 1.15], "texture": "#0"}
			}
		},
		{
			"from": [3.5, 6, 1.75],
			"to": [6.5, 7, 2.9],
			"faces": {
				"north": {"uv": [0, 0, 3, 1], "texture": "#0"},
				"east": {"uv": [0, 0, 1.15, 1], "texture": "#missing"},
				"south": {"uv": [0, 0, 3, 1], "texture": "#0"},
				"west": {"uv": [0, 0, 1.15, 1], "texture": "#missing"},
				"up": {"uv": [0, 0, 3, 1.15], "texture": "#0"},
				"down": {"uv": [0, 0, 3, 1.15], "texture": "#0"}
			}
		},
		{
			"from": [9.5, 6, 1.75],
			"to": [12.5, 7, 2.9],
			"faces": {
				"north": {"uv": [0, 0, 3, 1], "texture": "#0"},
				"east": {"uv": [0, 0, 1.15, 1], "texture": "#missing"},
				"south": {"uv": [0, 0, 3, 1], "texture": "#0"},
				"west": {"uv": [0, 0, 1.15, 1], "texture": "#missing"},
				"up": {"uv": [0, 0, 3, 1.15], "texture": "#0"},
				"down": {"uv": [0, 0, 3, 1.15], "texture": "#0"}
			}
		},
		{
			"from": [9.5, 11, 1.75],
			"to": [12.5, 12, 2.9],
			"faces": {
				"north": {"uv": [0, 0, 3, 1], "texture": "#0"},
				"east": {"uv": [0, 0, 1.15, 1], "texture": "#missing"},
				"south": {"uv": [0, 0, 3, 1], "texture": "#0"},
				"west": {"uv": [0, 0, 1.15, 1], "texture": "#missing"},
				"up": {"uv": [0, 0, 3, 1.15], "texture": "#0"},
				"down": {"uv": [0, 0, 3, 1.15], "texture": "#0"}
			}
		},
		{
			"from": [3.5, 11, 1.75],
			"to": [6.5, 12, 2.9],
			"faces": {
				"north": {"uv": [0, 0, 3, 1], "texture": "#0"},
				"east": {"uv": [0, 0, 1.15, 1], "texture": "#missing"},
				"south": {"uv": [0, 0, 3, 1], "texture": "#0"},
				"west": {"uv": [0, 0, 1.15, 1], "texture": "#missing"},
				"up": {"uv": [0, 0, 3, 1.15], "texture": "#0"},
				"down": {"uv": [0, 0, 3, 1.15], "texture": "#0"}
			}
		},
		{
			"from": [9.5, 11, 13],
			"to": [12.5, 12, 14.15],
			"faces": {
				"north": {"uv": [0, 0, 3, 1], "texture": "#0"},
				"east": {"uv": [0, 0, 1.15, 1], "texture": "#missing"},
				"south": {"uv": [0, 0, 3, 1], "texture": "#0"},
				"west": {"uv": [0, 0, 1.15, 1], "texture": "#missing"},
				"up": {"uv": [0, 0, 3, 1.15], "texture": "#0"},
				"down": {"uv": [0, 0, 3, 1.15], "texture": "#0"}
			}
		},
		{
			"from": [3.5, 16, 13],
			"to": [6.5, 17.3, 14.15],
			"faces": {
				"north": {"uv": [0, 0, 3, 1.3], "texture": "#0"},
				"east": {"uv": [0, 0, 1.15, 1.3], "texture": "#missing"},
				"south": {"uv": [0, 0, 3, 1.3], "texture": "#0"},
				"west": {"uv": [0, 0, 1.15, 1.3], "texture": "#missing"},
				"up": {"uv": [0, 0, 3, 1.15], "texture": "#missing"},
				"down": {"uv": [0, 0, 3, 1.15], "texture": "#0"}
			}
		},
		{
			"from": [9.5, 20.75, 13],
			"to": [12.5, 22.05, 14.15],
			"faces": {
				"north": {"uv": [0, 0, 3, 1.3], "texture": "#0"},
				"east": {"uv": [0, 0, 1.15, 1.3], "texture": "#missing"},
				"south": {"uv": [0, 0, 3, 1.3], "texture": "#0"},
				"west": {"uv": [0, 0, 1.15, 1.3], "texture": "#missing"},
				"up": {"uv": [0, 0, 3, 1.15], "texture": "#missing"},
				"down": {"uv": [0, 0, 3, 1.15], "texture": "#missing"}
			}
		},
		{
			"from": [3.5, 20.75, 13],
			"to": [6.5, 22.05, 14.15],
			"faces": {
				"north": {"uv": [0, 0, 3, 1.3], "texture": "#0"},
				"east": {"uv": [0, 0, 1.15, 1.3], "texture": "#missing"},
				"south": {"uv": [0, 0, 3, 1.3], "texture": "#0"},
				"west": {"uv": [0, 0, 1.15, 1.3], "texture": "#missing"},
				"up": {"uv": [0, 0, 3, 1.15], "texture": "#missing"},
				"down": {"uv": [0, 0, 3, 1.15], "texture": "#missing"}
			}
		},
		{
			"from": [9.5, 16, 13],
			"to": [12.5, 17.3, 14.15],
			"faces": {
				"north": {"uv": [0, 0, 3, 1.3], "texture": "#0"},
				"east": {"uv": [0, 0, 1.15, 1.3], "texture": "#missing"},
				"south": {"uv": [0, 0, 3, 1.3], "texture": "#0"},
				"west": {"uv": [0, 0, 1.15, 1.3], "texture": "#missing"},
				"up": {"uv": [0, 0, 3, 1.15], "texture": "#missing"},
				"down": {"uv": [0, 0, 3, 1.15], "texture": "#0"}
			}
		},
		{
			"from": [3.5, 16, 1.75],
			"to": [6.5, 17.3, 2.9],
			"faces": {
				"north": {"uv": [0, 0, 3, 1.3], "texture": "#0"},
				"east": {"uv": [0, 0, 0.5, 1.3], "texture": "#0"},
				"south": {"uv": [0, 0, 3, 1.3], "texture": "#0"},
				"west": {"uv": [0, 0, 0.5, 1.3], "texture": "#0"},
				"up": {"uv": [0, 0, 3, 1.3], "texture": "#0"},
				"down": {"uv": [0, 0, 3, 1.3], "texture": "#0"}
			}
		},
		{
			"from": [9.5, 20.75, 1.75],
			"to": [12.5, 22.05, 2.9],
			"faces": {
				"north": {"uv": [0, 0, 3, 1.3], "texture": "#0"},
				"east": {"uv": [0, 0, 0.5, 1.3], "texture": "#0"},
				"south": {"uv": [0, 0, 3, 1.3], "texture": "#0"},
				"west": {"uv": [0, 0, 0.5, 1.3], "texture": "#0"},
				"up": {"uv": [0, 0, 3, 1.3], "texture": "#0"},
				"down": {"uv": [0, 0, 3, 1.3], "texture": "#0"}
			}
		},
		{
			"from": [3.5, 20.75, 1.75],
			"to": [6.5, 22.05, 2.9],
			"faces": {
				"north": {"uv": [0, 0, 3, 1.3], "texture": "#0"},
				"east": {"uv": [0, 0, 1.15, 1.3], "texture": "#0"},
				"south": {"uv": [0, 0, 3, 1.3], "texture": "#0"},
				"west": {"uv": [0, 0, 1.15, 1.3], "texture": "#0"},
				"up": {"uv": [0, 0, 3, 1.15], "texture": "#0"},
				"down": {"uv": [0, 0, 3, 1.15], "texture": "#0"}
			}
		},
		{
			"from": [9.5, 16, 1.75],
			"to": [12.5, 17.3, 2.9],
			"faces": {
				"north": {"uv": [0, 0, 3, 1.3], "texture": "#0"},
				"east": {"uv": [0, 0, 0.5, 1.3], "texture": "#0"},
				"south": {"uv": [0, 0, 3, 1.3], "texture": "#0"},
				"west": {"uv": [0, 0, 0.5, 1.3], "texture": "#0"},
				"up": {"uv": [0, 0, 3, 1.3], "texture": "#0"},
				"down": {"uv": [0, 0, 3, 1.3], "texture": "#0"}
			}
		},
		{
			"from": [3.5, 6, 13],
			"to": [6.5, 7, 14.15],
			"faces": {
				"north": {"uv": [0, 0, 3, 1], "texture": "#0"},
				"east": {"uv": [0, 0, 1.15, 1], "texture": "#missing"},
				"south": {"uv": [0, 0, 3, 1], "texture": "#0"},
				"west": {"uv": [0, 0, 1.15, 1], "texture": "#missing"},
				"up": {"uv": [0, 0, 3, 1.15], "texture": "#0"},
				"down": {"uv": [0, 0, 3, 1.15], "texture": "#0"}
			}
		},
		{
			"from": [9.5, 1, 13],
			"to": [12.5, 2, 14.15],
			"faces": {
				"north": {"uv": [0, 0, 3, 1], "texture": "#0"},
				"east": {"uv": [0, 0, 1.15, 1], "texture": "#missing"},
				"south": {"uv": [0, 0, 3, 1], "texture": "#0"},
				"west": {"uv": [0, 0, 1.15, 1], "texture": "#missing"},
				"up": {"uv": [0, 0, 3, 1.15], "texture": "#0"},
				"down": {"uv": [0, 0, 3, 1.15], "texture": "#missing"}
			}
		},
		{
			"from": [3.5, 1, 13],
			"to": [6.5, 2, 14.15],
			"faces": {
				"north": {"uv": [0, 0, 3, 1], "texture": "#0"},
				"east": {"uv": [0, 0, 1.15, 1], "texture": "#missing"},
				"south": {"uv": [0, 0, 3, 1], "texture": "#0"},
				"west": {"uv": [0, 0, 1.15, 1], "texture": "#missing"},
				"up": {"uv": [0, 0, 3, 1.15], "texture": "#0"},
				"down": {"uv": [0, 0, 3, 1.15], "texture": "#missing"}
			}
		},
		{
			"from": [9.5, 6, 13],
			"to": [12.5, 7, 14.15],
			"faces": {
				"north": {"uv": [0, 0, 3, 1], "texture": "#0"},
				"east": {"uv": [0, 0, 1.15, 1], "texture": "#missing"},
				"south": {"uv": [0, 0, 3, 1], "texture": "#0"},
				"west": {"uv": [0, 0, 1.15, 1], "texture": "#missing"},
				"up": {"uv": [0, 0, 3, 1.15], "texture": "#0"},
				"down": {"uv": [0, 0, 3, 1.15], "texture": "#0"}
			}
		},
		{
			"from": [13, 1, 1.5],
			"to": [14.5, 22, 3],
			"faces": {
				"north": {"uv": [0, 0, 1.5, 16], "texture": "#0"},
				"east": {"uv": [0, 0, 1.5, 16], "texture": "#0"},
				"south": {"uv": [0, 0, 1.5, 16], "texture": "#0"},
				"west": {"uv": [0, 0, 1.5, 16], "texture": "#0"},
				"up": {"uv": [0, 0, 1.5, 1.5], "texture": "#missing"},
				"down": {"uv": [0, 0, 1.5, 1.5], "texture": "#missing"}
			}
		},
		{
			"from": [9.5, 17.4, 13],
			"to": [9.65, 20.65, 14.15],
			"faces": {
				"north": {"uv": [0, 0, 1, 16], "texture": "#1"},
				"east": {"uv": [0, 0, 1.15, 16], "texture": "#1"},
				"south": {"uv": [8, 0, 9, 16], "texture": "#1"},
				"west": {"uv": [0, 0, 1.15, 16], "texture": "#missing"},
				"up": {"uv": [0, 0, 1, 1.15], "texture": "#missing"},
				"down": {"uv": [0, 0, 1, 1.15], "texture": "#missing"}
			}
		},
		{
			"from": [10.45, 17.4, 13],
			"to": [10.6, 20.65, 14.15],
			"faces": {
				"north": {"uv": [0, 0, 1, 16], "texture": "#1"},
				"east": {"uv": [0, 0, 1.15, 16], "texture": "#1"},
				"south": {"uv": [8, 0, 9, 16], "texture": "#1"},
				"west": {"uv": [0, 0, 1.15, 16], "texture": "#1"},
				"up": {"uv": [0, 0, 1, 1.15], "texture": "#missing"},
				"down": {"uv": [0, 0, 1, 1.15], "texture": "#missing"}
			}
		},
		{
			"from": [9.5, 18.9, 13],
			"to": [12.5, 19.05, 14.15],
			"faces": {
				"north": {"uv": [0, 0, 1, 16], "texture": "#1"},
				"east": {"uv": [0, 0, 1.15, 16], "texture": "#missing"},
				"south": {"uv": [8, 0, 9, 16], "texture": "#1"},
				"west": {"uv": [0, 0, 1.15, 16], "texture": "#missing"},
				"up": {"uv": [0, 0, 1, 1.15], "texture": "#1"},
				"down": {"uv": [0, 0, 1, 1.15], "texture": "#1"}
			}
		},
		{
			"from": [11.45, 17.4, 13],
			"to": [11.6, 20.65, 14.15],
			"faces": {
				"north": {"uv": [0, 0, 1, 16], "texture": "#1"},
				"east": {"uv": [0, 0, 1.15, 16], "texture": "#1"},
				"south": {"uv": [8, 0, 9, 16], "texture": "#1"},
				"west": {"uv": [0, 0, 1.15, 16], "texture": "#1"},
				"up": {"uv": [0, 0, 1, 1.15], "texture": "#missing"},
				"down": {"uv": [0, 0, 1, 1.15], "texture": "#missing"}
			}
		},
		{
			"from": [9.5, 17.3, 13],
			"to": [12.5, 17.45, 14.15],
			"faces": {
				"north": {"uv": [0, 0, 1, 16], "texture": "#1"},
				"east": {"uv": [0, 0, 1.15, 16], "texture": "#missing"},
				"south": {"uv": [8, 0, 9, 16], "texture": "#1"},
				"west": {"uv": [0, 0, 1.15, 16], "texture": "#missing"},
				"up": {"uv": [0, 0, 1, 1.15], "texture": "#1"},
				"down": {"uv": [0, 0, 1, 1.15], "texture": "#missing"}
			}
		},
		{
			"from": [12.35, 17.4, 13],
			"to": [12.5, 20.65, 14.15],
			"faces": {
				"north": {"uv": [0, 0, 1, 16], "texture": "#1"},
				"east": {"uv": [0, 0, 1.15, 16], "texture": "#missing"},
				"south": {"uv": [8, 0, 9, 16], "texture": "#1"},
				"west": {"uv": [0, 0, 1.15, 16], "texture": "#1"},
				"up": {"uv": [0, 0, 1, 1.15], "texture": "#missing"},
				"down": {"uv": [0, 0, 1, 1.15], "texture": "#missing"}
			}
		},
		{
			"from": [9.5, 20.6, 13],
			"to": [12.5, 20.75, 14.15],
			"faces": {
				"north": {"uv": [0, 0, 1, 16], "texture": "#1"},
				"east": {"uv": [0, 0, 1.15, 16], "texture": "#missing"},
				"south": {"uv": [8, 0, 9, 16], "texture": "#1"},
				"west": {"uv": [0, 0, 1.15, 16], "texture": "#missing"},
				"up": {"uv": [0, 0, 1, 1.15], "texture": "#missing"},
				"down": {"uv": [0, 0, 1, 1.15], "texture": "#1"}
			}
		},
		{
			"from": [3, 17, 2],
			"to": [7, 21, 2.5],
			"faces": {
				"north": {"uv": [0, 0, 16, 16], "texture": "#2"},
				"east": {"uv": [0, 0, 12, 5], "texture": "#2"},
				"south": {"uv": [0, 0, 12, 5], "texture": "#2"},
				"west": {"uv": [0, 0, 12, 5], "texture": "#2"},
				"up": {"uv": [0, 0, 12, 12], "texture": "#2"},
				"down": {"uv": [0, 0, 12, 12], "texture": "#2"}
			}
		},
		{
			"from": [9, 17, 2],
			"to": [13, 21, 2.5],
			"faces": {
				"north": {"uv": [0, 0, 16, 16], "texture": "#2"},
				"east": {"uv": [0, 0, 12, 5], "texture": "#2"},
				"south": {"uv": [0, 0, 12, 5], "texture": "#2"},
				"west": {"uv": [0, 0, 12, 5], "texture": "#2"},
				"up": {"uv": [0, 0, 12, 12], "texture": "#2"},
				"down": {"uv": [0, 0, 12, 12], "texture": "#2"}
			}
		},
		{
			"from": [3, 17, 13.5],
			"to": [7, 21, 14],
			"faces": {
				"north": {"uv": [0, 0, 16, 16], "texture": "#2"},
				"east": {"uv": [0, 0, 12, 5], "texture": "#2"},
				"south": {"uv": [0, 0, 16, 16], "texture": "#2"},
				"west": {"uv": [0, 0, 12, 5], "texture": "#2"},
				"up": {"uv": [0, 0, 12, 12], "texture": "#2"},
				"down": {"uv": [0, 0, 12, 12], "texture": "#2"}
			}
		},
		{
			"from": [9, 17, 13.5],
			"to": [13, 21, 14],
			"faces": {
				"north": {"uv": [0, 0, 16, 16], "texture": "#2"},
				"east": {"uv": [0, 0, 12, 5], "texture": "#2"},
				"south": {"uv": [0, 0, 16, 16], "texture": "#2"},
				"west": {"uv": [0, 0, 12, 5], "texture": "#2"},
				"up": {"uv": [0, 0, 12, 12], "texture": "#2"},
				"down": {"uv": [0, 0, 12, 12], "texture": "#2"}
			}
		},
		{
			"from": [2, 17, 3],
			"to": [2.5, 21, 7],
			"faces": {
				"north": {"uv": [0, 0, 12, 5], "texture": "#2"},
				"east": {"uv": [0, 0, 12, 5], "texture": "#2"},
				"south": {"uv": [0, 0, 12, 5], "texture": "#2"},
				"west": {"uv": [0, 0, 16, 16], "texture": "#2"},
				"up": {"uv": [0, 0, 12, 12], "texture": "#2"},
				"down": {"uv": [0, 0, 12, 12], "texture": "#2"}
			}
		},
		{
			"from": [2, 17, 9],
			"to": [2.5, 21, 13],
			"faces": {
				"north": {"uv": [0, 0, 12, 5], "texture": "#2"},
				"east": {"uv": [0, 0, 12, 5], "texture": "#2"},
				"south": {"uv": [0, 0, 12, 5], "texture": "#2"},
				"west": {"uv": [0, 0, 16, 16], "texture": "#2"},
				"up": {"uv": [0, 0, 12, 12], "texture": "#2"},
				"down": {"uv": [0, 0, 12, 12], "texture": "#2"}
			}
		},
		{
			"from": [13.5, 17, 3],
			"to": [14, 21, 7],
			"faces": {
				"north": {"uv": [0, 0, 12, 5], "texture": "#2"},
				"east": {"uv": [0, 0, 16, 16], "texture": "#2"},
				"south": {"uv": [0, 0, 12, 5], "texture": "#2"},
				"west": {"uv": [0, 0, 16, 16], "texture": "#2"},
				"up": {"uv": [0, 0, 12, 12], "texture": "#2"},
				"down": {"uv": [0, 0, 12, 12], "texture": "#2"}
			}
		},
		{
			"from": [13.5, 17, 9],
			"to": [14, 21, 13],
			"faces": {
				"north": {"uv": [0, 0, 12, 5], "texture": "#2"},
				"east": {"uv": [0, 0, 16, 16], "texture": "#2"},
				"south": {"uv": [0, 0, 12, 5], "texture": "#2"},
				"west": {"uv": [0, 0, 16, 16], "texture": "#2"},
				"up": {"uv": [0, 0, 12, 12], "texture": "#2"},
				"down": {"uv": [0, 0, 12, 12], "texture": "#2"}
			}
		},
		{
			"from": [3.5, 17.4, 13],
			"to": [3.65, 20.65, 14.15],
			"faces": {
				"north": {"uv": [0, 0, 1, 16], "texture": "#1"},
				"east": {"uv": [0, 0, 1.15, 16], "texture": "#1"},
				"south": {"uv": [8, 0, 9, 16], "texture": "#1"},
				"west": {"uv": [0, 0, 1.15, 16], "texture": "#missing"},
				"up": {"uv": [0, 0, 1, 1.15], "texture": "#missing"},
				"down": {"uv": [0, 0, 1, 1.15], "texture": "#missing"}
			}
		},
		{
			"from": [4.45, 17.4, 13],
			"to": [4.6, 20.65, 14.15],
			"faces": {
				"north": {"uv": [0, 0, 1, 16], "texture": "#1"},
				"east": {"uv": [0, 0, 1.15, 16], "texture": "#1"},
				"south": {"uv": [8, 0, 9, 16], "texture": "#1"},
				"west": {"uv": [0, 0, 1.15, 16], "texture": "#1"},
				"up": {"uv": [0, 0, 1, 1.15], "texture": "#missing"},
				"down": {"uv": [0, 0, 1, 1.15], "texture": "#missing"}
			}
		},
		{
			"from": [3.5, 18.9, 13],
			"to": [6.5, 19.05, 14.15],
			"faces": {
				"north": {"uv": [0, 0, 1, 16], "texture": "#2"},
				"east": {"uv": [0, 0, 1.15, 16], "texture": "#missing"},
				"south": {"uv": [8, 0, 9, 16], "texture": "#1"},
				"west": {"uv": [0, 0, 1.15, 16], "texture": "#missing"},
				"up": {"uv": [0, 0, 1, 1.15], "texture": "#1"},
				"down": {"uv": [0, 0, 1, 1.15], "texture": "#1"}
			}
		},
		{
			"from": [5.45, 17.4, 13],
			"to": [5.6, 20.65, 14.15],
			"faces": {
				"north": {"uv": [0, 0, 1, 16], "texture": "#1"},
				"east": {"uv": [0, 0, 1.15, 16], "texture": "#1"},
				"south": {"uv": [8, 0, 9, 16], "texture": "#1"},
				"west": {"uv": [0, 0, 1.15, 16], "texture": "#1"},
				"up": {"uv": [0, 0, 1, 1.15], "texture": "#missing"},
				"down": {"uv": [0, 0, 1, 1.15], "texture": "#missing"}
			}
		},
		{
			"from": [3.5, 17.3, 13],
			"to": [6.5, 17.45, 14.15],
			"faces": {
				"north": {"uv": [0, 0, 1, 16], "texture": "#1"},
				"east": {"uv": [0, 0, 1.15, 16], "texture": "#missing"},
				"south": {"uv": [8, 0, 9, 16], "texture": "#1"},
				"west": {"uv": [0, 0, 1.15, 16], "texture": "#missing"},
				"up": {"uv": [0, 0, 1, 1.15], "texture": "#1"},
				"down": {"uv": [0, 0, 1, 1.15], "texture": "#missing"}
			}
		},
		{
			"from": [6.35, 17.4, 13],
			"to": [6.5, 20.65, 14.15],
			"faces": {
				"north": {"uv": [0, 0, 1, 16], "texture": "#1"},
				"east": {"uv": [0, 0, 1.15, 16], "texture": "#missing"},
				"south": {"uv": [8, 0, 9, 16], "texture": "#1"},
				"west": {"uv": [0, 0, 1.15, 16], "texture": "#1"},
				"up": {"uv": [0, 0, 1, 1.15], "texture": "#missing"},
				"down": {"uv": [0, 0, 1, 1.15], "texture": "#missing"}
			}
		},
		{
			"from": [3.5, 20.6, 13],
			"to": [6.5, 20.75, 14.15],
			"faces": {
				"north": {"uv": [0, 0, 1, 16], "texture": "#1"},
				"east": {"uv": [0, 0, 1.15, 16], "texture": "#missing"},
				"south": {"uv": [8, 0, 9, 16], "texture": "#1"},
				"west": {"uv": [0, 0, 1.15, 16], "texture": "#missing"},
				"up": {"uv": [0, 0, 1, 1.15], "texture": "#missing"},
				"down": {"uv": [0, 0, 1, 1.15], "texture": "#1"}
			}
		},
		{
			"from": [3.5, 17.4, 1.75],
			"to": [3.65, 20.65, 2.9],
			"faces": {
				"north": {"uv": [8, 0, 9, 16], "texture": "#1"},
				"east": {"uv": [8, 0, 9, 16], "texture": "#1"},
				"south": {"uv": [8, 0, 9, 16], "texture": "#1"},
				"west": {"uv": [8, 0, 9, 16], "texture": "#1"},
				"up": {"uv": [0, 0, 1, 1.15], "texture": "#missing"},
				"down": {"uv": [0, 0, 1, 1.15], "texture": "#missing"}
			}
		},
		{
			"from": [4.45, 17.4, 1.75],
			"to": [4.6, 20.65, 2.9],
			"faces": {
				"north": {"uv": [8, 0, 9, 16], "texture": "#1"},
				"east": {"uv": [8, 0, 9, 16], "texture": "#1"},
				"south": {"uv": [8, 0, 9, 16], "texture": "#1"},
				"west": {"uv": [8, 0, 9, 16], "texture": "#1"},
				"up": {"uv": [0, 0, 1, 1.15], "texture": "#missing"},
				"down": {"uv": [0, 0, 1, 1.15], "texture": "#missing"}
			}
		},
		{
			"from": [3.5, 18.9, 1.75],
			"to": [6.5, 19.05, 2.9],
			"faces": {
				"north": {"uv": [0, 0, 16, 1], "texture": "#1"},
				"east": {"uv": [0, 0, 1.15, 16], "texture": "#missing"},
				"south": {"uv": [0, 0, 16, 1], "texture": "#1"},
				"west": {"uv": [0, 0, 1.15, 16], "texture": "#missing"},
				"up": {"uv": [0, 0, 16, 1], "texture": "#1"},
				"down": {"uv": [0, 0, 16, 1], "texture": "#1"}
			}
		},
		{
			"from": [5.45, 17.4, 1.75],
			"to": [5.6, 20.65, 2.9],
			"faces": {
				"north": {"uv": [8, 0, 9, 16], "texture": "#1"},
				"east": {"uv": [8, 0, 9, 16], "texture": "#1"},
				"south": {"uv": [8, 0, 9, 16], "texture": "#1"},
				"west": {"uv": [8, 0, 9, 16], "texture": "#1"},
				"up": {"uv": [0, 0, 1, 1.15], "texture": "#missing"},
				"down": {"uv": [0, 0, 1, 1.15], "texture": "#missing"}
			}
		},
		{
			"from": [3.5, 17.3, 1.75],
			"to": [6.5, 17.45, 2.9],
			"faces": {
				"north": {"uv": [0, 0, 16, 1], "texture": "#1"},
				"east": {"uv": [0, 0, 1.15, 16], "texture": "#missing"},
				"south": {"uv": [0, 0, 16, 1], "texture": "#1"},
				"west": {"uv": [0, 0, 1.15, 16], "texture": "#missing"},
				"up": {"uv": [0, 0, 16, 1], "texture": "#1"},
				"down": {"uv": [0, 0, 16, 1], "texture": "#1"}
			}
		},
		{
			"from": [6.35, 17.4, 1.75],
			"to": [6.5, 20.65, 2.9],
			"faces": {
				"north": {"uv": [8, 0, 9, 16], "texture": "#1"},
				"east": {"uv": [8, 0, 9, 16], "texture": "#1"},
				"south": {"uv": [8, 0, 9, 16], "texture": "#1"},
				"west": {"uv": [8, 0, 9, 16], "texture": "#1"},
				"up": {"uv": [0, 0, 1, 1.15], "texture": "#missing"},
				"down": {"uv": [0, 0, 1, 1.15], "texture": "#missing"}
			}
		},
		{
			"from": [3.5, 20.6, 1.75],
			"to": [6.5, 20.75, 2.9],
			"faces": {
				"north": {"uv": [0, 0, 16, 1], "texture": "#1"},
				"east": {"uv": [0, 0, 1.15, 16], "texture": "#missing"},
				"south": {"uv": [0, 0, 16, 1], "texture": "#1"},
				"west": {"uv": [0, 0, 1.15, 16], "texture": "#missing"},
				"up": {"uv": [0, 0, 16, 1], "texture": "#1"},
				"down": {"uv": [0, 0, 16, 1], "texture": "#1"}
			}
		},
		{
			"from": [9.5, 17.4, 1.75],
			"to": [9.65, 20.65, 2.9],
			"faces": {
				"north": {"uv": [1, 0, 2, 16], "texture": "#1"},
				"east": {"uv": [0, 0, 1.15, 16], "texture": "#1"},
				"south": {"uv": [8, 0, 9, 16], "texture": "#1"},
				"west": {"uv": [0, 0, 1.15, 16], "texture": "#missing"},
				"up": {"uv": [0, 0, 1, 1.15], "texture": "#missing"},
				"down": {"uv": [0, 0, 1, 1.15], "texture": "#missing"}
			}
		},
		{
			"from": [10.45, 17.4, 1.75],
			"to": [10.6, 20.65, 2.9],
			"faces": {
				"north": {"uv": [1, 0, 2, 16], "texture": "#1"},
				"east": {"uv": [1, 0, 2, 16], "texture": "#1"},
				"south": {"uv": [1, 0, 2, 16], "texture": "#1"},
				"west": {"uv": [1, 0, 2, 16], "texture": "#1"},
				"up": {"uv": [0, 0, 1, 1.15], "texture": "#missing"},
				"down": {"uv": [0, 0, 1, 1.15], "texture": "#missing"}
			}
		},
		{
			"from": [9.5, 18.9, 1.75],
			"to": [12.5, 19.05, 2.9],
			"faces": {
				"north": {"uv": [0, 0, 16, 1], "texture": "#1"},
				"east": {"uv": [0, 0, 1.15, 16], "texture": "#missing"},
				"south": {"uv": [0, 0, 16, 1], "texture": "#1"},
				"west": {"uv": [0, 0, 1.15, 16], "texture": "#missing"},
				"up": {"uv": [0, 0, 16, 1], "texture": "#1"},
				"down": {"uv": [0, 0, 16, 1], "texture": "#1"}
			}
		},
		{
			"from": [11.45, 17.4, 1.75],
			"to": [11.6, 20.65, 2.9],
			"faces": {
				"north": {"uv": [1, 0, 2, 16], "texture": "#1"},
				"east": {"uv": [1, 0, 2, 16], "texture": "#1"},
				"south": {"uv": [8, 0, 9, 16], "texture": "#1"},
				"west": {"uv": [1, 0, 2, 16], "texture": "#1"},
				"up": {"uv": [0, 0, 1, 1.15], "texture": "#missing"},
				"down": {"uv": [0, 0, 1, 1.15], "texture": "#missing"}
			}
		},
		{
			"from": [9.5, 17.3, 1.75],
			"to": [12.5, 17.45, 2.9],
			"faces": {
				"north": {"uv": [0, 0, 16, 1], "texture": "#1"},
				"east": {"uv": [0, 0, 1.15, 16], "texture": "#missing"},
				"south": {"uv": [0, 0, 16, 1], "texture": "#1"},
				"west": {"uv": [0, 0, 1.15, 16], "texture": "#missing"},
				"up": {"uv": [0, 0, 16, 1], "texture": "#1"},
				"down": {"uv": [0, 0, 16, 1], "texture": "#1"}
			}
		},
		{
			"from": [12.35, 17.4, 1.75],
			"to": [12.5, 20.65, 2.9],
			"faces": {
				"north": {"uv": [1, 0, 2, 16], "texture": "#1"},
				"east": {"uv": [1, 0, 2, 16], "texture": "#1"},
				"south": {"uv": [1, 0, 2, 16], "texture": "#1"},
				"west": {"uv": [1, 0, 2, 16], "texture": "#1"},
				"up": {"uv": [0, 0, 1, 1.15], "texture": "#missing"},
				"down": {"uv": [0, 0, 1, 1.15], "texture": "#missing"}
			}
		},
		{
			"from": [9.5, 20.6, 1.75],
			"to": [12.5, 20.75, 2.9],
			"faces": {
				"north": {"uv": [0, 0, 16, 1], "texture": "#1"},
				"east": {"uv": [0, 0, 1.15, 16], "texture": "#missing"},
				"south": {"uv": [0, 0, 16, 1], "texture": "#1"},
				"west": {"uv": [0, 0, 1.15, 16], "texture": "#missing"},
				"up": {"uv": [0, 0, 16, 1], "texture": "#1"},
				"down": {"uv": [0, 0, 16, 1], "texture": "#1"}
			}
		},
		{
			"from": [13.1, 1, 6.5],
			"to": [14.25, 22, 7.5],
			"faces": {
				"north": {"uv": [0, 0, 1.15, 16], "texture": "#0"},
				"east": {"uv": [0, 0, 1, 16], "texture": "#0"},
				"south": {"uv": [0, 0, 1.15, 16], "texture": "#missing"},
				"west": {"uv": [6, 0, 7, 16], "texture": "#0"},
				"up": {"uv": [0, 0, 1, 1.15], "rotation": 90, "texture": "#missing"},
				"down": {"uv": [0, 0, 1, 1.15], "rotation": 270, "texture": "#missing"}
			}
		},
		{
			"from": [13.1, 1, 8.5],
			"to": [14.25, 22, 9.5],
			"faces": {
				"north": {"uv": [0, 0, 1.15, 16], "texture": "#missing"},
				"east": {"uv": [0, 0, 1, 16], "texture": "#0"},
				"south": {"uv": [0, 0, 1.15, 16], "texture": "#0"},
				"west": {"uv": [8, 0, 9, 16], "texture": "#0"},
				"up": {"uv": [0, 0, 1, 1.15], "rotation": 90, "texture": "#missing"},
				"down": {"uv": [0, 0, 1, 1.15], "rotation": 270, "texture": "#missing"}
			}
		},
		{
			"from": [13, 1, 7.5],
			"to": [14.5, 22, 8.5],
			"faces": {
				"north": {"uv": [0, 0, 1.5, 16], "texture": "#0"},
				"east": {"uv": [0, 0, 1, 16], "texture": "#0"},
				"south": {"uv": [0, 0, 1.5, 16], "texture": "#0"},
				"west": {"uv": [7, 0, 8, 16], "texture": "#0"},
				"up": {"uv": [0, 0, 1, 1.5], "rotation": 90, "texture": "#missing"},
				"down": {"uv": [0, 0, 1, 1.5], "rotation": 270, "texture": "#missing"}
			}
		},
		{
			"from": [13.1, 11, 3.5],
			"to": [14.25, 12, 6.5],
			"faces": {
				"north": {"uv": [0, 0, 1.15, 1], "texture": "#missing"},
				"east": {"uv": [0, 0, 3, 1], "texture": "#0"},
				"south": {"uv": [0, 0, 1.15, 1], "texture": "#missing"},
				"west": {"uv": [0, 0, 3, 1], "texture": "#0"},
				"up": {"uv": [0, 0, 3, 1.15], "rotation": 90, "texture": "#0"},
				"down": {"uv": [0, 0, 3, 1.15], "rotation": 270, "texture": "#0"}
			}
		},
		{
			"from": [13.1, 6, 3.5],
			"to": [14.25, 7, 6.5],
			"faces": {
				"north": {"uv": [0, 0, 1.15, 1], "texture": "#missing"},
				"east": {"uv": [0, 0, 3, 1], "texture": "#0"},
				"south": {"uv": [0, 0, 1.15, 1], "texture": "#missing"},
				"west": {"uv": [0, 0, 3, 1], "texture": "#0"},
				"up": {"uv": [0, 0, 3, 1.15], "rotation": 90, "texture": "#0"},
				"down": {"uv": [0, 0, 3, 1.15], "rotation": 270, "texture": "#0"}
			}
		},
		{
			"from": [13.1, 6, 9.5],
			"to": [14.25, 7, 12.5],
			"faces": {
				"north": {"uv": [0, 0, 1.15, 1], "texture": "#missing"},
				"east": {"uv": [0, 0, 3, 1], "texture": "#0"},
				"south": {"uv": [0, 0, 1.15, 1], "texture": "#missing"},
				"west": {"uv": [0, 0, 3, 1], "texture": "#0"},
				"up": {"uv": [0, 0, 3, 1.15], "rotation": 90, "texture": "#0"},
				"down": {"uv": [0, 0, 3, 1.15], "rotation": 270, "texture": "#0"}
			}
		},
		{
			"from": [13.1, 11, 9.5],
			"to": [14.25, 12, 12.5],
			"faces": {
				"north": {"uv": [0, 0, 1.15, 1], "texture": "#missing"},
				"east": {"uv": [0, 0, 3, 1], "texture": "#0"},
				"south": {"uv": [0, 0, 1.15, 1], "texture": "#missing"},
				"west": {"uv": [0, 0, 3, 1], "texture": "#0"},
				"up": {"uv": [0, 0, 3, 1.15], "rotation": 90, "texture": "#0"},
				"down": {"uv": [0, 0, 3, 1.15], "rotation": 270, "texture": "#0"}
			}
		},
		{
			"from": [13.1, 20.75, 9.5],
			"to": [14.25, 22.05, 12.5],
			"faces": {
				"north": {"uv": [0, 0, 0.5, 1.3], "texture": "#0"},
				"east": {"uv": [0, 0, 3, 1.3], "texture": "#0"},
				"south": {"uv": [0, 0, 0.5, 1.3], "texture": "#0"},
				"west": {"uv": [0, 0, 3, 1.3], "texture": "#0"},
				"up": {"uv": [0, 0, 3, 1.3], "rotation": 90, "texture": "#0"},
				"down": {"uv": [0, 0, 3, 1.3], "rotation": 270, "texture": "#0"}
			}
		},
		{
			"from": [13.1, 20.75, 3.5],
			"to": [14.25, 22.05, 6.5],
			"faces": {
				"north": {"uv": [0, 0, 1.15, 1.3], "texture": "#0"},
				"east": {"uv": [0, 0, 3, 1.3], "texture": "#0"},
				"south": {"uv": [0, 0, 1.15, 1.3], "texture": "#0"},
				"west": {"uv": [0, 0, 3, 1.3], "texture": "#0"},
				"up": {"uv": [0, 0, 3, 1.15], "rotation": 90, "texture": "#0"},
				"down": {"uv": [0, 0, 3, 1.15], "rotation": 270, "texture": "#0"}
			}
		},
		{
			"from": [13.1, 16, 9.5],
			"to": [14.25, 17.3, 12.5],
			"faces": {
				"north": {"uv": [0, 0, 0.5, 1.3], "texture": "#0"},
				"east": {"uv": [0, 0, 3, 1.3], "texture": "#0"},
				"south": {"uv": [0, 0, 0.5, 1.3], "texture": "#0"},
				"west": {"uv": [0, 0, 3, 1.3], "texture": "#0"},
				"up": {"uv": [0, 0, 3, 1.3], "rotation": 90, "texture": "#0"},
				"down": {"uv": [0, 0, 3, 1.3], "rotation": 270, "texture": "#0"}
			}
		},
		{
			"from": [13.1, 1, 12.5],
			"to": [14.25, 22, 13.5],
			"faces": {
				"north": {"uv": [0, 0, 1.15, 16], "texture": "#0"},
				"east": {"uv": [0, 0, 1, 16], "texture": "#0"},
				"south": {"uv": [0, 0, 1.15, 16], "texture": "#missing"},
				"west": {"uv": [0, 0, 1, 16], "texture": "#0"},
				"up": {"uv": [0, 0, 1, 1.15], "rotation": 90, "texture": "#missing"},
				"down": {"uv": [0, 0, 1, 1.15], "rotation": 270, "texture": "#missing"}
			}
		},
		{
			"from": [13.1, 1, 2.5],
			"to": [14.25, 22, 3.5],
			"faces": {
				"north": {"uv": [0, 0, 1.15, 16], "texture": "#0"},
				"east": {"uv": [0, 0, 1, 16], "texture": "#0"},
				"south": {"uv": [0, 0, 1.15, 16], "texture": "#0"},
				"west": {"uv": [0, 0, 1, 16], "texture": "#0"},
				"up": {"uv": [0, 0, 1, 1.15], "rotation": 90, "texture": "#missing"},
				"down": {"uv": [0, 0, 1, 1.15], "rotation": 270, "texture": "#missing"}
			}
		},
		{
			"from": [13.1, 16, 3.5],
			"to": [14.25, 17.3, 6.5],
			"faces": {
				"north": {"uv": [0, 0, 1.15, 1.3], "texture": "#0"},
				"east": {"uv": [0, 0, 3, 1.3], "texture": "#0"},
				"south": {"uv": [0, 0, 1.15, 1.3], "texture": "#0"},
				"west": {"uv": [0, 0, 3, 1.3], "texture": "#0"},
				"up": {"uv": [0, 0, 3, 1.15], "rotation": 90, "texture": "#0"},
				"down": {"uv": [0, 0, 3, 1.15], "rotation": 270, "texture": "#0"}
			}
		},
		{
			"from": [13.1, 17.4, 3.5],
			"to": [14.25, 20.65, 3.65],
			"faces": {
				"north": {"uv": [8, 0, 9, 16], "texture": "#1"},
				"east": {"uv": [8, 0, 9, 16], "texture": "#1"},
				"south": {"uv": [8, 0, 9, 16], "texture": "#1"},
				"west": {"uv": [8, 0, 9, 16], "texture": "#1"},
				"up": {"uv": [0, 0, 1, 1.15], "rotation": 90, "texture": "#missing"},
				"down": {"uv": [0, 0, 1, 1.15], "rotation": 270, "texture": "#missing"}
			}
		},
		{
			"from": [13.1, 17.4, 4.45],
			"to": [14.25, 20.65, 4.6],
			"faces": {
				"north": {"uv": [8, 0, 9, 16], "texture": "#1"},
				"east": {"uv": [8, 0, 9, 16], "texture": "#1"},
				"south": {"uv": [8, 0, 9, 16], "texture": "#1"},
				"west": {"uv": [8, 0, 9, 16], "texture": "#1"},
				"up": {"uv": [0, 0, 1, 1.15], "rotation": 90, "texture": "#missing"},
				"down": {"uv": [0, 0, 1, 1.15], "rotation": 270, "texture": "#missing"}
			}
		},
		{
			"from": [13.1, 18.9, 3.5],
			"to": [14.25, 19.05, 6.5],
			"faces": {
				"north": {"uv": [0, 0, 1.15, 16], "texture": "#missing"},
				"east": {"uv": [0, 0, 16, 1], "texture": "#1"},
				"south": {"uv": [0, 0, 1.15, 16], "texture": "#missing"},
				"west": {"uv": [0, 0, 16, 1], "texture": "#1"},
				"up": {"uv": [0, 0, 16, 1], "rotation": 90, "texture": "#1"},
				"down": {"uv": [0, 0, 16, 1], "rotation": 270, "texture": "#1"}
			}
		},
		{
			"from": [13.1, 17.4, 5.45],
			"to": [14.25, 20.65, 5.6],
			"faces": {
				"north": {"uv": [8, 0, 9, 16], "texture": "#1"},
				"east": {"uv": [8, 0, 9, 16], "texture": "#1"},
				"south": {"uv": [8, 0, 9, 16], "texture": "#1"},
				"west": {"uv": [8, 0, 9, 16], "texture": "#1"},
				"up": {"uv": [0, 0, 1, 1.15], "rotation": 90, "texture": "#missing"},
				"down": {"uv": [0, 0, 1, 1.15], "rotation": 270, "texture": "#missing"}
			}
		},
		{
			"from": [13.1, 17.3, 3.5],
			"to": [14.25, 17.45, 6.5],
			"faces": {
				"north": {"uv": [0, 0, 1.15, 16], "texture": "#missing"},
				"east": {"uv": [0, 0, 16, 1], "texture": "#1"},
				"south": {"uv": [0, 0, 1.15, 16], "texture": "#missing"},
				"west": {"uv": [0, 0, 16, 1], "texture": "#1"},
				"up": {"uv": [0, 0, 16, 1], "rotation": 90, "texture": "#1"},
				"down": {"uv": [0, 0, 16, 1], "rotation": 270, "texture": "#1"}
			}
		},
		{
			"from": [13.1, 17.4, 6.35],
			"to": [14.25, 20.65, 6.5],
			"faces": {
				"north": {"uv": [8, 0, 9, 16], "texture": "#1"},
				"east": {"uv": [8, 0, 9, 16], "texture": "#1"},
				"south": {"uv": [8, 0, 9, 16], "texture": "#1"},
				"west": {"uv": [8, 0, 9, 16], "texture": "#1"},
				"up": {"uv": [0, 0, 1, 1.15], "rotation": 90, "texture": "#missing"},
				"down": {"uv": [0, 0, 1, 1.15], "rotation": 270, "texture": "#missing"}
			}
		},
		{
			"from": [13.1, 20.6, 3.5],
			"to": [14.25, 20.75, 6.5],
			"faces": {
				"north": {"uv": [0, 0, 1.15, 16], "texture": "#missing"},
				"east": {"uv": [0, 0, 16, 1], "texture": "#1"},
				"south": {"uv": [0, 0, 1.15, 16], "texture": "#missing"},
				"west": {"uv": [0, 0, 16, 1], "texture": "#1"},
				"up": {"uv": [0, 0, 16, 1], "rotation": 90, "texture": "#1"},
				"down": {"uv": [0, 0, 16, 1], "rotation": 270, "texture": "#1"}
			}
		},
		{
			"from": [13.1, 17.4, 9.5],
			"to": [14.25, 20.65, 9.65],
			"faces": {
				"north": {"uv": [0, 0, 1.15, 16], "texture": "#missing"},
				"east": {"uv": [1, 0, 2, 16], "texture": "#1"},
				"south": {"uv": [0, 0, 1.15, 16], "texture": "#1"},
				"west": {"uv": [8, 0, 9, 16], "texture": "#1"},
				"up": {"uv": [0, 0, 1, 1.15], "rotation": 90, "texture": "#missing"},
				"down": {"uv": [0, 0, 1, 1.15], "rotation": 270, "texture": "#missing"}
			}
		},
		{
			"from": [13.1, 17.4, 10.45],
			"to": [14.25, 20.65, 10.6],
			"faces": {
				"north": {"uv": [1, 0, 2, 16], "texture": "#1"},
				"east": {"uv": [1, 0, 2, 16], "texture": "#1"},
				"south": {"uv": [1, 0, 2, 16], "texture": "#1"},
				"west": {"uv": [1, 0, 2, 16], "texture": "#1"},
				"up": {"uv": [0, 0, 1, 1.15], "rotation": 90, "texture": "#missing"},
				"down": {"uv": [0, 0, 1, 1.15], "rotation": 270, "texture": "#missing"}
			}
		},
		{
			"from": [13.1, 18.9, 9.5],
			"to": [14.25, 19.05, 12.5],
			"faces": {
				"north": {"uv": [0, 0, 1.15, 16], "texture": "#missing"},
				"east": {"uv": [0, 0, 16, 1], "texture": "#1"},
				"south": {"uv": [0, 0, 1.15, 16], "texture": "#missing"},
				"west": {"uv": [0, 0, 16, 1], "texture": "#1"},
				"up": {"uv": [0, 0, 16, 1], "rotation": 90, "texture": "#1"},
				"down": {"uv": [0, 0, 16, 1], "rotation": 270, "texture": "#1"}
			}
		},
		{
			"from": [13.1, 17.4, 11.45],
			"to": [14.25, 20.65, 11.6],
			"faces": {
				"north": {"uv": [1, 0, 2, 16], "texture": "#1"},
				"east": {"uv": [1, 0, 2, 16], "texture": "#1"},
				"south": {"uv": [1, 0, 2, 16], "texture": "#1"},
				"west": {"uv": [8, 0, 9, 16], "texture": "#1"},
				"up": {"uv": [0, 0, 1, 1.15], "rotation": 90, "texture": "#missing"},
				"down": {"uv": [0, 0, 1, 1.15], "rotation": 270, "texture": "#missing"}
			}
		},
		{
			"from": [13.1, 17.3, 9.5],
			"to": [14.25, 17.45, 12.5],
			"faces": {
				"north": {"uv": [0, 0, 1.15, 16], "texture": "#missing"},
				"east": {"uv": [0, 0, 16, 1], "texture": "#1"},
				"south": {"uv": [0, 0, 1.15, 16], "texture": "#missing"},
				"west": {"uv": [0, 0, 16, 1], "texture": "#1"},
				"up": {"uv": [0, 0, 16, 1], "rotation": 90, "texture": "#1"},
				"down": {"uv": [0, 0, 16, 1], "rotation": 270, "texture": "#1"}
			}
		},
		{
			"from": [13.1, 17.4, 12.35],
			"to": [14.25, 20.65, 12.5],
			"faces": {
				"north": {"uv": [1, 0, 2, 16], "texture": "#1"},
				"east": {"uv": [1, 0, 2, 16], "texture": "#1"},
				"south": {"uv": [1, 0, 2, 16], "texture": "#1"},
				"west": {"uv": [1, 0, 2, 16], "texture": "#1"},
				"up": {"uv": [0, 0, 1, 1.15], "rotation": 90, "texture": "#missing"},
				"down": {"uv": [0, 0, 1, 1.15], "rotation": 270, "texture": "#missing"}
			}
		},
		{
			"from": [13.1, 20.6, 9.5],
			"to": [14.25, 20.75, 12.5],
			"faces": {
				"north": {"uv": [0, 0, 1.15, 16], "texture": "#missing"},
				"east": {"uv": [0, 0, 16, 1], "texture": "#1"},
				"south": {"uv": [0, 0, 1.15, 16], "texture": "#missing"},
				"west": {"uv": [0, 0, 16, 1], "texture": "#1"},
				"up": {"uv": [0, 0, 16, 1], "rotation": 90, "texture": "#1"},
				"down": {"uv": [0, 0, 16, 1], "rotation": 270, "texture": "#1"}
			}
		},
		{
			"from": [1.75, 17.4, 12.35],
			"to": [2.9, 20.65, 12.5],
			"faces": {
				"north": {"uv": [8, 0, 9, 16], "texture": "#1"},
				"east": {"uv": [8, 0, 9, 16], "texture": "#1"},
				"south": {"uv": [8, 0, 9, 16], "texture": "#1"},
				"west": {"uv": [8, 0, 9, 16], "texture": "#1"},
				"up": {"uv": [0, 0, 1, 1.15], "rotation": 270, "texture": "#missing"},
				"down": {"uv": [0, 0, 1, 1.15], "rotation": 90, "texture": "#missing"}
			}
		},
		{
			"from": [1.75, 17.4, 11.4],
			"to": [2.9, 20.65, 11.55],
			"faces": {
				"north": {"uv": [8, 0, 9, 16], "texture": "#1"},
				"east": {"uv": [8, 0, 9, 16], "texture": "#1"},
				"south": {"uv": [8, 0, 9, 16], "texture": "#1"},
				"west": {"uv": [8, 0, 9, 16], "texture": "#1"},
				"up": {"uv": [0, 0, 1, 1.15], "rotation": 270, "texture": "#missing"},
				"down": {"uv": [0, 0, 1, 1.15], "rotation": 90, "texture": "#missing"}
			}
		},
		{
			"from": [1.75, 18.9, 9.5],
			"to": [2.9, 19.05, 12.5],
			"faces": {
				"north": {"uv": [0, 0, 1.15, 16], "texture": "#missing"},
				"east": {"uv": [0, 0, 16, 1], "texture": "#1"},
				"south": {"uv": [0, 0, 1.15, 16], "texture": "#missing"},
				"west": {"uv": [0, 0, 16, 1], "texture": "#1"},
				"up": {"uv": [0, 0, 16, 1], "rotation": 270, "texture": "#1"},
				"down": {"uv": [0, 0, 16, 1], "rotation": 90, "texture": "#1"}
			}
		},
		{
			"from": [1.75, 17.4, 10.4],
			"to": [2.9, 20.65, 10.55],
			"faces": {
				"north": {"uv": [8, 0, 9, 16], "texture": "#1"},
				"east": {"uv": [8, 0, 9, 16], "texture": "#1"},
				"south": {"uv": [8, 0, 9, 16], "texture": "#1"},
				"west": {"uv": [8, 0, 9, 16], "texture": "#1"},
				"up": {"uv": [0, 0, 1, 1.15], "rotation": 270, "texture": "#missing"},
				"down": {"uv": [0, 0, 1, 1.15], "rotation": 90, "texture": "#missing"}
			}
		},
		{
			"from": [1.75, 17.3, 9.5],
			"to": [2.9, 17.45, 12.5],
			"faces": {
				"north": {"uv": [0, 0, 1.15, 16], "texture": "#missing"},
				"east": {"uv": [0, 0, 16, 1], "texture": "#1"},
				"south": {"uv": [0, 0, 1.15, 16], "texture": "#missing"},
				"west": {"uv": [0, 0, 16, 1], "texture": "#1"},
				"up": {"uv": [0, 0, 16, 1], "rotation": 270, "texture": "#1"},
				"down": {"uv": [0, 0, 16, 1], "rotation": 90, "texture": "#1"}
			}
		},
		{
			"from": [1.75, 17.4, 9.5],
			"to": [2.9, 20.65, 9.65],
			"faces": {
				"north": {"uv": [8, 0, 9, 16], "texture": "#1"},
				"east": {"uv": [8, 0, 9, 16], "texture": "#1"},
				"south": {"uv": [8, 0, 9, 16], "texture": "#1"},
				"west": {"uv": [8, 0, 9, 16], "texture": "#1"},
				"up": {"uv": [0, 0, 1, 1.15], "rotation": 270, "texture": "#missing"},
				"down": {"uv": [0, 0, 1, 1.15], "rotation": 90, "texture": "#missing"}
			}
		},
		{
			"from": [1.75, 20.6, 9.5],
			"to": [2.9, 20.75, 12.5],
			"faces": {
				"north": {"uv": [0, 0, 1.15, 16], "texture": "#missing"},
				"east": {"uv": [0, 0, 16, 1], "texture": "#1"},
				"south": {"uv": [0, 0, 1.15, 16], "texture": "#missing"},
				"west": {"uv": [0, 0, 16, 1], "texture": "#1"},
				"up": {"uv": [0, 0, 16, 1], "rotation": 270, "texture": "#1"},
				"down": {"uv": [0, 0, 16, 1], "rotation": 90, "texture": "#1"}
			}
		},
		{
			"from": [1.75, 17.4, 6.35],
			"to": [2.9, 20.65, 6.5],
			"faces": {
				"north": {"uv": [0, 0, 1.15, 16], "texture": "#1"},
				"east": {"uv": [8, 0, 9, 16], "texture": "#1"},
				"south": {"uv": [0, 0, 1.15, 16], "texture": "#missing"},
				"west": {"uv": [1, 0, 2, 16], "texture": "#1"},
				"up": {"uv": [0, 0, 1, 1.15], "rotation": 270, "texture": "#missing"},
				"down": {"uv": [0, 0, 1, 1.15], "rotation": 90, "texture": "#missing"}
			}
		},
		{
			"from": [1.75, 17.4, 5.4],
			"to": [2.9, 20.65, 5.55],
			"faces": {
				"north": {"uv": [1, 0, 2, 16], "texture": "#1"},
				"east": {"uv": [1, 0, 2, 16], "texture": "#1"},
				"south": {"uv": [1, 0, 2, 16], "texture": "#1"},
				"west": {"uv": [1, 0, 2, 16], "texture": "#1"},
				"up": {"uv": [0, 0, 1, 1.15], "rotation": 270, "texture": "#missing"},
				"down": {"uv": [0, 0, 1, 1.15], "rotation": 90, "texture": "#missing"}
			}
		},
		{
			"from": [1.75, 18.9, 3.5],
			"to": [2.9, 19.05, 6.5],
			"faces": {
				"north": {"uv": [0, 0, 1.15, 16], "texture": "#missing"},
				"east": {"uv": [0, 0, 16, 1], "texture": "#1"},
				"south": {"uv": [0, 0, 1.15, 16], "texture": "#missing"},
				"west": {"uv": [0, 0, 16, 1], "texture": "#1"},
				"up": {"uv": [0, 0, 16, 1], "rotation": 270, "texture": "#1"},
				"down": {"uv": [0, 0, 16, 1], "rotation": 90, "texture": "#1"}
			}
		},
		{
			"from": [1.75, 17.4, 4.4],
			"to": [2.9, 20.65, 4.55],
			"faces": {
				"north": {"uv": [1, 0, 2, 16], "texture": "#1"},
				"east": {"uv": [8, 0, 9, 16], "texture": "#1"},
				"south": {"uv": [1, 0, 2, 16], "texture": "#1"},
				"west": {"uv": [1, 0, 2, 16], "texture": "#1"},
				"up": {"uv": [0, 0, 1, 1.15], "rotation": 270, "texture": "#missing"},
				"down": {"uv": [0, 0, 1, 1.15], "rotation": 90, "texture": "#missing"}
			}
		},
		{
			"from": [1.75, 17.3, 3.5],
			"to": [2.9, 17.45, 6.5],
			"faces": {
				"north": {"uv": [0, 0, 1.15, 16], "texture": "#missing"},
				"east": {"uv": [0, 0, 16, 1], "texture": "#1"},
				"south": {"uv": [0, 0, 1.15, 16], "texture": "#missing"},
				"west": {"uv": [0, 0, 16, 1], "texture": "#1"},
				"up": {"uv": [0, 0, 16, 1], "rotation": 270, "texture": "#1"},
				"down": {"uv": [0, 0, 16, 1], "rotation": 90, "texture": "#1"}
			}
		},
		{
			"from": [1.75, 17.4, 3.5],
			"to": [2.9, 20.65, 3.65],
			"faces": {
				"north": {"uv": [1, 0, 2, 16], "texture": "#1"},
				"east": {"uv": [1, 0, 2, 16], "texture": "#1"},
				"south": {"uv": [1, 0, 2, 16], "texture": "#1"},
				"west": {"uv": [1, 0, 2, 16], "texture": "#1"},
				"up": {"uv": [0, 0, 1, 1.15], "rotation": 270, "texture": "#missing"},
				"down": {"uv": [0, 0, 1, 1.15], "rotation": 90, "texture": "#missing"}
			}
		},
		{
			"from": [1.75, 20.6, 3.5],
			"to": [2.9, 20.75, 6.5],
			"faces": {
				"north": {"uv": [0, 0, 1.15, 16], "texture": "#missing"},
				"east": {"uv": [0, 0, 16, 1], "texture": "#1"},
				"south": {"uv": [0, 0, 1.15, 16], "texture": "#missing"},
				"west": {"uv": [0, 0, 16, 1], "texture": "#1"},
				"up": {"uv": [0, 0, 16, 1], "rotation": 270, "texture": "#1"},
				"down": {"uv": [0, 0, 16, 1], "rotation": 90, "texture": "#1"}
			}
		},
		{
			"from": [7.125, 13.75, 1.5],
			"to": [7.375, 15.25, 1.75],
			"faces": {
				"north": {"uv": [0, 0, 0.25, 1.5], "texture": "#6"},
				"east": {"uv": [0, 0, 0.25, 1.5], "texture": "#6"},
				"south": {"uv": [0, 0, 0.25, 1.5], "texture": "#6"},
				"west": {"uv": [0, 0, 0.25, 1.5], "texture": "#6"},
				"up": {"uv": [0, 0, 0.25, 1.5], "texture": "#6"},
				"down": {"uv": [0, 0, 0.25, 1.5], "texture": "#6"}
			}
		},
		{
			"from": [9.55, 14, 1.7],
			"to": [9.8, 15, 1.95],
			"faces": {
				"north": {"uv": [0, 0, 0.25, 1.5], "texture": "#6"},
				"east": {"uv": [0, 0, 0.25, 1.5], "texture": "#6"},
				"south": {"uv": [0, 0, 0.25, 1.5], "texture": "#6"},
				"west": {"uv": [0, 0, 0.25, 1.5], "texture": "#6"},
				"up": {"uv": [0, 0, 0.25, 1.5], "texture": "#6"},
				"down": {"uv": [0, 0, 0.25, 1.5], "texture": "#6"}
			}
		}
	],
	"display": {
		"thirdperson_righthand": {
			"translation": [0, -1.25, -0.25],
			"scale": [0.25, 0.25, 0.255]
		},
		"thirdperson_lefthand": {
			"translation": [0, -1.25, -0.25],
			"scale": [0.25, 0.25, 0.255]
		},
		"firstperson_righthand": {
			"translation": [0, -1.25, -0.25],
			"scale": [0.25, 0.25, 0.255]
		},
		"firstperson_lefthand": {
			"translation": [0, -1.25, -0.25],
			"scale": [0.25, 0.25, 0.255]
		},
		"ground": {
			"scale": [0.5, 0.5, 0.5]
		},
		"gui": {
			"rotation": [0, -165, 0],
			"translation": [0, -3.5, 0],
			"scale": [0.5, 0.5, 0.5]
		},
		"head": {
			"translation": [0, 10.5, -0.25],
			"scale": [0.5, 0.5, 0.5]
		},
		"fixed": {
			"rotation": [-90, 0, 0],
			"translation": [0, 0, -23],
			"scale": [3, 3, 3]
		}
	},
	"groups": [
		0,
		1,
		2,
		3,
		4,
		5,
		6,
		7,
		8,
		9,
		10,
		11,
		12,
		13,
		14,
		15,
		16,
		17,
		18,
		19,
		20,
		21,
		22,
		23,
		24,
		25,
		26,
		27,
		28,
		29,
		30,
		31,
		32,
		33,
		34,
		35,
		36,
		37,
		38,
		39,
		40,
		41,
		42,
		43,
		44,
		45,
		46,
		47,
		48,
		49,
		50,
		51,
		52,
		53,
		54,
		55,
		56,
		57,
		58,
		59,
		60,
		61,
		62,
		63,
		64,
		65,
		66,
		67,
		68,
		69,
		70,
		71,
		72,
		73,
		74,
		75,
		76,
		77,
		78,
		79,
		80,
		81,
		{
			"name": "window1",
			"origin": [8, 8, 8],
			"color": 0,
			"children": [82, 83, 84, 85, 86, 87, 88]
		},
		89,
		90,
		91,
		92,
		93,
		94,
		95,
		96,
		{
			"name": "window2",
			"origin": [8, 8, 8],
			"color": 0,
			"children": [97, 98, 99, 100, 101, 102, 103]
		},
		{
			"name": "window2",
			"origin": [8, 8, 8],
			"color": 0,
			"children": [
				104,
				105,
				106,
				107,
				108,
				109,
				110,
				{
					"name": "window2",
					"origin": [8, 8, 8],
					"color": 0,
					"children": [111, 112, 113, 114, 115, 116, 117]
				}
			]
		},
		118,
		119,
		120,
		121,
		122,
		123,
		124,
		125,
		126,
		127,
		128,
		129,
		130,
		{
			"name": "window2",
			"origin": [8, 8, 8],
			"color": 0,
			"children": [
				131,
				132,
				133,
				134,
				135,
				136,
				137,
				{
					"name": "window2",
					"origin": [8, 8, 8],
					"color": 0,
					"children": [138, 139, 140, 141, 142, 143, 144]
				}
			]
		},
		{
			"name": "window2",
			"origin": [8, 8, 8],
			"color": 0,
			"children": [
				145,
				146,
				147,
				148,
				149,
				150,
				151,
				{
					"name": "window2",
					"origin": [8, 8, 8],
					"color": 0,
					"children": [152, 153, 154, 155, 156, 157, 158]
				}
			]
		},
		159,
		160
	]
}