{
	"credit": "Made with Blockbench",
	"textures": {
		"0": "block/gold_block",
		"1": "block/black_wool",
		"3": "block/item_frame",
		"4": "item/feather",
		"particle": "block/gold_block"
	},
	"elements": [
		{
			"from": [-0.778, -0.055, -0.778],
			"to": [16.778, 1.076, 16.778],
			"rotation": {"angle": 0, "axis": "y", "origin": [-2.032, 0, -2.032]},
			"faces": {
				"north": {"uv": [0, 0, 14, 1], "texture": "#1"},
				"east": {"uv": [0, 0, 14, 1], "texture": "#1"},
				"south": {"uv": [0, 0, 14, 1], "texture": "#1"},
				"west": {"uv": [0, 0, 14, 1], "texture": "#1"},
				"up": {"uv": [0, 0, 14, 14], "texture": "#1"},
				"down": {"uv": [0, 0, 14, 14], "texture": "#1"}
			}
		},
		{
			"from": [1.73, 1.054, 1.73],
			"to": [14.27, 9.986, 14.27],
			"rotation": {"angle": 0, "axis": "y", "origin": [-2.032, 0, -2.032]},
			"faces": {
				"north": {"uv": [0, 0, 10, 8], "texture": "#1"},
				"east": {"uv": [1, 8, 11, 16], "texture": "#1"},
				"south": {"uv": [0, 4, 10, 12], "texture": "#1"},
				"west": {"uv": [6, 5, 16, 13], "texture": "#1"},
				"up": {"uv": [0, 0, 10, 10], "texture": "#1"},
				"down": {"uv": [0, 0, 10, 10], "texture": "#missing"}
			}
		},
		{
			"from": [5.492, 4.189, 0.806],
			"to": [10.508, 5.443, 2.17],
			"rotation": {"angle": 0, "axis": "y", "origin": [-2.032, 0, -2.032]},
			"faces": {
				"north": {"uv": [8, 0, 16, 2], "texture": "#0"},
				"east": {"uv": [0, 13, 2, 15], "texture": "#0"},
				"south": {"uv": [0, 0, 4, 1], "texture": "#missing"},
				"west": {"uv": [14, 5, 16, 7], "rotation": 180, "texture": "#0"},
				"up": {"uv": [8, 0, 16, 2], "texture": "#0"},
				"down": {"uv": [2, 12, 10, 14], "texture": "#0"}
			}
		},
		{
			"from": [5.492, 1.681, 0.806],
			"to": [10.508, 2.935, 2.17],
			"rotation": {"angle": 0, "axis": "y", "origin": [-2.032, 0, -2.032]},
			"faces": {
				"north": {"uv": [8, 14, 16, 16], "texture": "#0"},
				"east": {"uv": [6, 14, 7, 16], "texture": "#0"},
				"south": {"uv": [0, 0, 4, 1], "texture": "#missing"},
				"west": {"uv": [14, 10, 16, 12], "rotation": 180, "texture": "#0"},
				"up": {"uv": [3, 11, 11, 13], "texture": "#0"},
				"down": {"uv": [0, 15, 8, 16], "texture": "#0"}
			}
		},
		{
			"from": [9.254, 2.935, 0.806],
			"to": [10.508, 4.189, 2.17],
			"rotation": {"angle": 0, "axis": "y", "origin": [-2.032, 0, -2.032]},
			"faces": {
				"north": {"uv": [5, 12, 7, 14], "texture": "#0"},
				"east": {"uv": [0, 8, 2, 10], "texture": "#0"},
				"south": {"uv": [0, 0, 1, 1], "texture": "#missing"},
				"west": {"uv": [12, 6, 14, 8], "texture": "#0"},
				"up": {"uv": [0, 0, 1, 1], "texture": "#missing"},
				"down": {"uv": [0, 0, 1, 1], "texture": "#missing"}
			}
		},
		{
			"from": [5.492, 2.935, 0.806],
			"to": [6.746, 4.189, 2.17],
			"rotation": {"angle": 0, "axis": "y", "origin": [-2.032, 0, -2.032]},
			"faces": {
				"north": {"uv": [14, 9, 16, 11], "texture": "#0"},
				"east": {"uv": [12, 6, 14, 8], "texture": "#0"},
				"south": {"uv": [0, 0, 1, 1], "texture": "#missing"},
				"west": {"uv": [14, 7, 16, 9], "rotation": 180, "texture": "#0"},
				"up": {"uv": [0, 0, 1, 1], "texture": "#missing"},
				"down": {"uv": [0, 0, 1, 1], "texture": "#missing"}
			}
		},
		{
			"from": [1.4792, 2.308, 1.4792],
			"to": [14.5208, 4.816, 14.5208],
			"rotation": {"angle": 0, "axis": "y", "origin": [-2.032, 0, -2.032]},
			"faces": {
				"north": {"uv": [1, 1, 11.4, 3], "texture": "#3"},
				"east": {"uv": [3, 13, 13.4, 15], "texture": "#3"},
				"south": {"uv": [4, 1, 14.4, 3], "texture": "#3"},
				"west": {"uv": [3, 12, 13.4, 14], "texture": "#3"},
				"up": {"uv": [3, 3, 13, 13], "texture": "#3"},
				"down": {"uv": [3, 3, 13, 13], "texture": "#3"}
			}
		},
		{
			"from": [1.5, 4, 6],
			"to": [1.5, 12, 14],
			"rotation": {"angle": -22.5, "axis": "y", "origin": [1.5, 8, 9]},
			"faces": {
				"east": {"uv": [16, 0, 0, 16], "texture": "#4"},
				"west": {"uv": [0, 0, 16, 16], "texture": "#4"}
			}
		},
		{
			"from": [1.5, 4, 7],
			"to": [1.5, 12, 15],
			"rotation": {"angle": 0, "axis": "y", "origin": [1.5, 8, 9]},
			"faces": {
				"east": {"uv": [16, 0, 0, 16], "texture": "#4"},
				"west": {"uv": [0, 0, 16, 16], "texture": "#4"}
			}
		}
	],
	"display": {
		"gui": {
			"rotation": [18, -150, 0],
			"translation": [0, 3, 0],
			"scale": [0.66, 0.66, 0.66]
		},
		"head": {
			"translation": [0, 14.5, 0]
		}
	}
}