{
	"credit": "Made with Blockbench",
	"textures": {
		"0": "block/orange_concrete",
		"1": "block/white_concrete",
		"particle": "block/orange_concrete"
	},
	"elements": [
		{
			"from": [7, 1, 3],
			"to": [9.5, 1.5, 12.5],
			"rotation": {"angle": 0, "axis": "y", "origin": [4, 0, 4]},
			"faces": {
				"north": {"uv": [0, 0, 5, 1], "texture": "#0"},
				"east": {"uv": [0, 0, 16, 1], "texture": "#0"},
				"south": {"uv": [0, 0, 5, 1], "texture": "#0"},
				"west": {"uv": [0, 0, 16, 16], "texture": "#0"},
				"up": {"uv": [0, 0, 5, 16], "texture": "#0"},
				"down": {"uv": [0, 0, 5, 16], "texture": "#0"}
			}
		},
		{
			"from": [6, 1, 3.5],
			"to": [10.5, 2, 12],
			"rotation": {"angle": 0, "axis": "y", "origin": [4, 0, 4]},
			"faces": {
				"north": {"uv": [0, 0, 9, 2], "texture": "#0"},
				"east": {"uv": [0, 0, 16, 2], "texture": "#0"},
				"south": {"uv": [0, 0, 9, 2], "texture": "#0"},
				"west": {"uv": [0, 0, 16, 16], "texture": "#0"},
				"up": {"uv": [0, 0, 9, 16], "texture": "#0"},
				"down": {"uv": [0, 0, 9, 16], "texture": "#0"}
			}
		},
		{
			"from": [6.5, 2, 3.5],
			"to": [10, 3.5, 12],
			"rotation": {"angle": 0, "axis": "y", "origin": [4, 0, 4]},
			"faces": {
				"north": {"uv": [0, 0, 7, 3], "texture": "#0"},
				"east": {"uv": [0, 0, 16, 3], "texture": "#0"},
				"south": {"uv": [0, 0, 7, 3], "texture": "#0"},
				"west": {"uv": [0, 0, 16, 16], "texture": "#0"},
				"up": {"uv": [0, 0, 7, 16], "texture": "#0"},
				"down": {"uv": [0, 0, 7, 16], "texture": "#0"}
			}
		},
		{
			"from": [7, 3.5, 3.5],
			"to": [9.5, 5, 12],
			"rotation": {"angle": 0, "axis": "y", "origin": [4, 0, 4]},
			"faces": {
				"north": {"uv": [0, 0, 5, 3], "texture": "#0"},
				"east": {"uv": [0, 0, 16, 3], "texture": "#0"},
				"south": {"uv": [0, 0, 5, 3], "texture": "#0"},
				"west": {"uv": [0, 0, 16, 16], "texture": "#0"},
				"up": {"uv": [0, 0, 5, 16], "texture": "#0"},
				"down": {"uv": [0, 0, 5, 16], "texture": "#0"}
			}
		},
		{
			"from": [7.5, 5, 3.5],
			"to": [9, 6, 12],
			"rotation": {"angle": 0, "axis": "y", "origin": [4, 0, 4]},
			"faces": {
				"north": {"uv": [0, 0, 3, 2], "texture": "#0"},
				"east": {"uv": [0, 0, 16, 2], "texture": "#0"},
				"south": {"uv": [0, 0, 3, 2], "texture": "#0"},
				"west": {"uv": [0, 0, 16, 16], "texture": "#0"},
				"up": {"uv": [0, 0, 3, 16], "texture": "#0"},
				"down": {"uv": [0, 0, 3, 16], "texture": "#0"}
			}
		},
		{
			"from": [8, 6, 3.5],
			"to": [8.5, 6.5, 12],
			"rotation": {"angle": 0, "axis": "y", "origin": [4, 0, 4]},
			"faces": {
				"north": {"uv": [0, 0, 1, 1], "texture": "#0"},
				"east": {"uv": [0, 0, 16, 1], "texture": "#0"},
				"south": {"uv": [0, 0, 1, 1], "texture": "#0"},
				"west": {"uv": [0, 0, 16, 16], "texture": "#0"},
				"up": {"uv": [0, 0, 1, 16], "texture": "#0"},
				"down": {"uv": [0, 0, 1, 16], "texture": "#0"}
			}
		},
		{
			"from": [4, 1, 5.5],
			"to": [12.5, 2, 10],
			"rotation": {"angle": 0, "axis": "y", "origin": [8.25, 3.05, 7.75]},
			"faces": {
				"north": {"uv": [0, 0, 16, 2], "texture": "#0"},
				"east": {"uv": [0, 0, 9, 2], "texture": "#0"},
				"south": {"uv": [0, 0, 16, 2], "texture": "#0"},
				"west": {"uv": [0, 0, 16, 16], "texture": "#0"},
				"up": {"uv": [0, 0, 9, 16], "rotation": 270, "texture": "#0"},
				"down": {"uv": [0, 0, 9, 16], "rotation": 90, "texture": "#0"}
			}
		},
		{
			"from": [4, 2, 6],
			"to": [12.5, 3.5, 9.5],
			"rotation": {"angle": 0, "axis": "y", "origin": [8.25, 3.05, 7.75]},
			"faces": {
				"north": {"uv": [0, 0, 16, 3], "texture": "#0"},
				"east": {"uv": [0, 0, 7, 3], "texture": "#0"},
				"south": {"uv": [0, 0, 16, 3], "texture": "#0"},
				"west": {"uv": [0, 0, 16, 16], "texture": "#0"},
				"up": {"uv": [0, 0, 7, 16], "rotation": 270, "texture": "#0"},
				"down": {"uv": [0, 0, 7, 16], "rotation": 90, "texture": "#0"}
			}
		},
		{
			"from": [4, 3.5, 6.5],
			"to": [12.5, 5, 9],
			"rotation": {"angle": 0, "axis": "y", "origin": [8.25, 3.05, 7.75]},
			"faces": {
				"north": {"uv": [0, 0, 16, 3], "texture": "#0"},
				"east": {"uv": [0, 0, 5, 3], "texture": "#0"},
				"south": {"uv": [0, 0, 16, 3], "texture": "#0"},
				"west": {"uv": [0, 0, 16, 16], "texture": "#0"},
				"up": {"uv": [0, 0, 5, 16], "rotation": 270, "texture": "#0"},
				"down": {"uv": [0, 0, 5, 16], "rotation": 90, "texture": "#0"}
			}
		},
		{
			"from": [4, 5, 7],
			"to": [12.5, 6, 8.5],
			"rotation": {"angle": 0, "axis": "y", "origin": [8.25, 3.05, 7.75]},
			"faces": {
				"north": {"uv": [0, 0, 16, 2], "texture": "#0"},
				"east": {"uv": [0, 0, 3, 2], "texture": "#0"},
				"south": {"uv": [0, 0, 16, 2], "texture": "#0"},
				"west": {"uv": [0, 0, 16, 16], "texture": "#0"},
				"up": {"uv": [0, 0, 3, 16], "rotation": 270, "texture": "#0"},
				"down": {"uv": [0, 0, 3, 16], "rotation": 90, "texture": "#0"}
			}
		},
		{
			"from": [4, 6, 7.5],
			"to": [12.5, 6.5, 8],
			"rotation": {"angle": 0, "axis": "y", "origin": [8.25, 3.05, 7.75]},
			"faces": {
				"north": {"uv": [0, 0, 16, 1], "texture": "#0"},
				"east": {"uv": [0, 0, 1, 1], "texture": "#0"},
				"south": {"uv": [0, 0, 16, 1], "texture": "#0"},
				"west": {"uv": [0, 0, 16, 16], "texture": "#0"},
				"up": {"uv": [0, 0, 1, 16], "rotation": 270, "texture": "#0"},
				"down": {"uv": [0, 0, 1, 16], "rotation": 90, "texture": "#0"}
			}
		},
		{
			"from": [7.5, 1.5, 3],
			"to": [9, 2.5, 12.5],
			"rotation": {"angle": 0, "axis": "y", "origin": [4, 0, 4]},
			"faces": {
				"north": {"uv": [0, 0, 3, 2], "texture": "#0"},
				"east": {"uv": [0, 0, 16, 2], "texture": "#0"},
				"south": {"uv": [0, 0, 3, 2], "texture": "#0"},
				"west": {"uv": [0, 0, 16, 16], "texture": "#0"},
				"up": {"uv": [0, 0, 3, 16], "texture": "#0"},
				"down": {"uv": [0, 0, 3, 16], "texture": "#0"}
			}
		},
		{
			"from": [8, 2.5, 3],
			"to": [8.5, 3, 12.5],
			"rotation": {"angle": 0, "axis": "y", "origin": [4, 0, 4]},
			"faces": {
				"north": {"uv": [0, 0, 1, 1], "texture": "#0"},
				"east": {"uv": [0, 0, 16, 1], "texture": "#0"},
				"south": {"uv": [0, 0, 1, 1], "texture": "#0"},
				"west": {"uv": [0, 0, 16, 16], "texture": "#0"},
				"up": {"uv": [0, 0, 1, 16], "texture": "#0"},
				"down": {"uv": [0, 0, 1, 16], "texture": "#0"}
			}
		},
		{
			"from": [3.5, 2.5, 7.5],
			"to": [13, 3, 8],
			"rotation": {"angle": 0, "axis": "y", "origin": [8.25, 1, 7.75]},
			"faces": {
				"north": {"uv": [0, 0, 16, 1], "texture": "#0"},
				"east": {"uv": [0, 0, 1, 1], "texture": "#0"},
				"south": {"uv": [0, 0, 16, 1], "texture": "#0"},
				"west": {"uv": [0, 0, 16, 16], "texture": "#0"},
				"up": {"uv": [0, 0, 1, 16], "rotation": 270, "texture": "#0"},
				"down": {"uv": [0, 0, 1, 16], "rotation": 90, "texture": "#0"}
			}
		},
		{
			"from": [3.5, 1.5, 7],
			"to": [13, 2.5, 8.5],
			"rotation": {"angle": 0, "axis": "y", "origin": [8.25, 1, 7.75]},
			"faces": {
				"north": {"uv": [0, 0, 16, 2], "texture": "#0"},
				"east": {"uv": [0, 0, 3, 2], "texture": "#0"},
				"south": {"uv": [0, 0, 16, 2], "texture": "#0"},
				"west": {"uv": [0, 0, 16, 16], "texture": "#0"},
				"up": {"uv": [0, 0, 3, 16], "rotation": 270, "texture": "#0"},
				"down": {"uv": [0, 0, 3, 16], "rotation": 90, "texture": "#0"}
			}
		},
		{
			"from": [3.5, 1, 6.5],
			"to": [13, 1.5, 9],
			"rotation": {"angle": 0, "axis": "y", "origin": [8.25, 1, 7.75]},
			"faces": {
				"north": {"uv": [0, 0, 16, 1], "texture": "#0"},
				"east": {"uv": [0, 0, 5, 1], "texture": "#0"},
				"south": {"uv": [0, 0, 16, 1], "texture": "#0"},
				"west": {"uv": [0, 0, 16, 16], "texture": "#0"},
				"up": {"uv": [0, 0, 5, 16], "rotation": 270, "texture": "#0"},
				"down": {"uv": [0, 0, 5, 16], "rotation": 90, "texture": "#0"}
			}
		},
		{
			"from": [4.5, 1, 4.5],
			"to": [12, 1.5, 11],
			"rotation": {"angle": 0, "axis": "y", "origin": [8.25, 4.82143, 7.75]},
			"faces": {
				"north": {"uv": [0, 0, 15, 1], "texture": "#0"},
				"east": {"uv": [0, 0, 13, 1], "texture": "#0"},
				"south": {"uv": [0, 0, 15, 1], "texture": "#0"},
				"west": {"uv": [0, 0, 16, 16], "texture": "#0"},
				"up": {"uv": [0, 0, 13, 15], "rotation": 270, "texture": "#0"},
				"down": {"uv": [0, 0, 13, 15], "rotation": 90, "texture": "#0"}
			}
		},
		{
			"from": [4.5, 1.5, 5],
			"to": [12, 3, 10.5],
			"rotation": {"angle": 0, "axis": "y", "origin": [8.25, 4.82143, 7.75]},
			"faces": {
				"north": {"uv": [0, 0, 15, 3], "texture": "#0"},
				"east": {"uv": [0, 0, 11, 3], "texture": "#0"},
				"south": {"uv": [0, 0, 15, 3], "texture": "#0"},
				"west": {"uv": [0, 0, 16, 16], "texture": "#0"},
				"up": {"uv": [0, 0, 11, 15], "rotation": 270, "texture": "#0"},
				"down": {"uv": [0, 0, 11, 15], "rotation": 90, "texture": "#0"}
			}
		},
		{
			"from": [4.5, 3, 5.5],
			"to": [12, 5.5, 10],
			"rotation": {"angle": 0, "axis": "y", "origin": [8.25, 4.82143, 7.75]},
			"faces": {
				"north": {"uv": [0, 0, 15, 5], "texture": "#0"},
				"east": {"uv": [0, 0, 9, 5], "texture": "#0"},
				"south": {"uv": [0, 0, 15, 5], "texture": "#0"},
				"west": {"uv": [0, 0, 16, 16], "texture": "#0"},
				"up": {"uv": [0, 0, 9, 15], "rotation": 270, "texture": "#0"},
				"down": {"uv": [0, 0, 9, 15], "rotation": 90, "texture": "#0"}
			}
		},
		{
			"from": [4.5, 5.5, 6],
			"to": [12, 7, 9.5],
			"rotation": {"angle": 0, "axis": "y", "origin": [8.25, 4.82143, 7.75]},
			"faces": {
				"north": {"uv": [0, 0, 15, 3], "texture": "#0"},
				"east": {"uv": [0, 0, 7, 3], "texture": "#0"},
				"south": {"uv": [0, 0, 15, 3], "texture": "#0"},
				"west": {"uv": [0, 0, 16, 16], "texture": "#0"},
				"up": {"uv": [0, 0, 7, 15], "rotation": 270, "texture": "#0"},
				"down": {"uv": [0, 0, 7, 15], "rotation": 90, "texture": "#0"}
			}
		},
		{
			"from": [4.5, 7, 6.5],
			"to": [12, 8.5, 9],
			"rotation": {"angle": 0, "axis": "y", "origin": [8.25, 4.82143, 7.75]},
			"faces": {
				"north": {"uv": [0, 0, 15, 3], "texture": "#0"},
				"east": {"uv": [0, 0, 5, 3], "texture": "#0"},
				"south": {"uv": [0, 0, 15, 3], "texture": "#0"},
				"west": {"uv": [0, 0, 16, 16], "texture": "#0"},
				"up": {"uv": [0, 0, 5, 15], "rotation": 270, "texture": "#0"},
				"down": {"uv": [0, 0, 5, 15], "rotation": 90, "texture": "#0"}
			}
		},
		{
			"from": [4.5, 8.5, 7],
			"to": [12, 9.5, 8.5],
			"rotation": {"angle": 0, "axis": "y", "origin": [8.25, 4.82143, 7.75]},
			"faces": {
				"north": {"uv": [0, 0, 15, 2], "texture": "#0"},
				"east": {"uv": [0, 0, 3, 2], "texture": "#0"},
				"south": {"uv": [0, 0, 15, 2], "texture": "#0"},
				"west": {"uv": [0, 0, 16, 16], "texture": "#0"},
				"up": {"uv": [0, 0, 3, 15], "rotation": 270, "texture": "#0"},
				"down": {"uv": [0, 0, 3, 15], "rotation": 90, "texture": "#0"}
			}
		},
		{
			"from": [4.5, 9.5, 7.5],
			"to": [12, 10.5, 8],
			"rotation": {"angle": 0, "axis": "y", "origin": [8.25, 4.82143, 7.75]},
			"faces": {
				"north": {"uv": [0, 0, 15, 2], "texture": "#0"},
				"east": {"uv": [0, 0, 1, 2], "texture": "#0"},
				"south": {"uv": [0, 0, 15, 2], "texture": "#0"},
				"west": {"uv": [0, 0, 16, 16], "texture": "#0"},
				"up": {"uv": [0, 0, 1, 15], "rotation": 270, "texture": "#0"},
				"down": {"uv": [0, 0, 1, 15], "rotation": 90, "texture": "#0"}
			}
		},
		{
			"from": [5, 1, 4],
			"to": [11.5, 1.5, 11.5],
			"rotation": {"angle": 0, "axis": "y", "origin": [8.25, 4.82143, 7.75]},
			"faces": {
				"north": {"uv": [0, 0, 13, 1], "texture": "#0"},
				"east": {"uv": [0, 0, 15, 1], "texture": "#0"},
				"south": {"uv": [0, 0, 13, 1], "texture": "#0"},
				"west": {"uv": [0, 0, 16, 16], "texture": "#0"},
				"up": {"uv": [0, 0, 13, 15], "texture": "#0"},
				"down": {"uv": [0, 0, 13, 15], "texture": "#0"}
			}
		},
		{
			"from": [5.5, 1.5, 4],
			"to": [11, 3, 11.5],
			"rotation": {"angle": 0, "axis": "y", "origin": [8.25, 4.82143, 7.75]},
			"faces": {
				"north": {"uv": [0, 0, 11, 3], "texture": "#0"},
				"east": {"uv": [0, 0, 15, 3], "texture": "#0"},
				"south": {"uv": [0, 0, 11, 3], "texture": "#0"},
				"west": {"uv": [0, 0, 16, 16], "texture": "#0"},
				"up": {"uv": [0, 0, 11, 15], "texture": "#0"},
				"down": {"uv": [0, 0, 11, 15], "texture": "#0"}
			}
		},
		{
			"from": [6, 3, 4],
			"to": [10.5, 5.5, 11.5],
			"rotation": {"angle": 0, "axis": "y", "origin": [8.25, 4.82143, 7.75]},
			"faces": {
				"north": {"uv": [0, 0, 9, 5], "texture": "#0"},
				"east": {"uv": [0, 0, 15, 5], "texture": "#0"},
				"south": {"uv": [0, 0, 9, 5], "texture": "#0"},
				"west": {"uv": [0, 0, 16, 16], "texture": "#0"},
				"up": {"uv": [0, 0, 9, 15], "texture": "#0"},
				"down": {"uv": [0, 0, 9, 15], "texture": "#0"}
			}
		},
		{
			"from": [6.5, 5.5, 4],
			"to": [10, 7, 11.5],
			"rotation": {"angle": 0, "axis": "y", "origin": [8.25, 4.82143, 7.75]},
			"faces": {
				"north": {"uv": [0, 0, 7, 3], "texture": "#0"},
				"east": {"uv": [0, 0, 15, 3], "texture": "#0"},
				"south": {"uv": [0, 0, 7, 3], "texture": "#0"},
				"west": {"uv": [0, 0, 16, 16], "texture": "#0"},
				"up": {"uv": [0, 0, 7, 15], "texture": "#0"},
				"down": {"uv": [0, 0, 7, 15], "texture": "#0"}
			}
		},
		{
			"from": [7, 7, 4],
			"to": [9.5, 8.5, 11.5],
			"rotation": {"angle": 0, "axis": "y", "origin": [8.25, 4.82143, 7.75]},
			"faces": {
				"north": {"uv": [0, 0, 5, 3], "texture": "#0"},
				"east": {"uv": [0, 0, 15, 3], "texture": "#0"},
				"south": {"uv": [0, 0, 5, 3], "texture": "#0"},
				"west": {"uv": [0, 0, 16, 16], "texture": "#0"},
				"up": {"uv": [0, 0, 5, 15], "texture": "#0"},
				"down": {"uv": [0, 0, 5, 15], "texture": "#0"}
			}
		},
		{
			"from": [7.5, 8.5, 4],
			"to": [9, 9.5, 11.5],
			"rotation": {"angle": 0, "axis": "y", "origin": [8.25, 4.82143, 7.75]},
			"faces": {
				"north": {"uv": [0, 0, 3, 2], "texture": "#0"},
				"east": {"uv": [0, 0, 15, 2], "texture": "#0"},
				"south": {"uv": [0, 0, 3, 2], "texture": "#0"},
				"west": {"uv": [0, 0, 16, 16], "texture": "#0"},
				"up": {"uv": [0, 0, 3, 15], "texture": "#0"},
				"down": {"uv": [0, 0, 3, 15], "texture": "#0"}
			}
		},
		{
			"from": [8, 9.5, 4],
			"to": [8.5, 10.5, 11.5],
			"rotation": {"angle": 0, "axis": "y", "origin": [8.25, 4.82143, 7.75]},
			"faces": {
				"north": {"uv": [0, 0, 1, 2], "texture": "#0"},
				"east": {"uv": [0, 0, 15, 2], "texture": "#0"},
				"south": {"uv": [0, 0, 1, 2], "texture": "#0"},
				"west": {"uv": [0, 0, 16, 16], "texture": "#0"},
				"up": {"uv": [0, 0, 1, 15], "texture": "#0"},
				"down": {"uv": [0, 0, 1, 15], "texture": "#0"}
			}
		},
		{
			"from": [5, 1.5, 4.5],
			"to": [11.5, 4, 11],
			"rotation": {"angle": 0, "axis": "y", "origin": [4, 0, 4]},
			"faces": {
				"north": {"uv": [0, 0, 13, 5], "texture": "#0"},
				"east": {"uv": [0, 0, 13, 5], "texture": "#0"},
				"south": {"uv": [0, 0, 13, 5], "texture": "#0"},
				"west": {"uv": [0, 0, 16, 16], "texture": "#0"},
				"up": {"uv": [0, 0, 13, 13], "texture": "#0"},
				"down": {"uv": [0, 0, 13, 13], "texture": "#0"}
			}
		},
		{
			"from": [5.5, 4, 4.5],
			"to": [11, 6, 11],
			"rotation": {"angle": 0, "axis": "y", "origin": [4, 0, 4]},
			"faces": {
				"north": {"uv": [0, 0, 11, 4], "texture": "#0"},
				"east": {"uv": [0, 0, 13, 4], "texture": "#0"},
				"south": {"uv": [0, 0, 11, 4], "texture": "#0"},
				"west": {"uv": [0, 0, 16, 16], "texture": "#0"},
				"up": {"uv": [0, 0, 11, 13], "texture": "#0"},
				"down": {"uv": [0, 0, 11, 13], "texture": "#0"}
			}
		},
		{
			"from": [6, 6, 4.5],
			"to": [10.5, 8, 11],
			"rotation": {"angle": 0, "axis": "y", "origin": [4, 0, 4]},
			"faces": {
				"north": {"uv": [0, 0, 9, 4], "texture": "#0"},
				"east": {"uv": [0, 0, 13, 4], "texture": "#0"},
				"south": {"uv": [0, 0, 9, 4], "texture": "#0"},
				"west": {"uv": [0, 0, 16, 16], "texture": "#0"},
				"up": {"uv": [0, 0, 9, 13], "texture": "#0"},
				"down": {"uv": [0, 0, 9, 13], "texture": "#0"}
			}
		},
		{
			"from": [6.5, 8, 4.5],
			"to": [10, 10, 11],
			"rotation": {"angle": 0, "axis": "y", "origin": [4, 0, 4]},
			"faces": {
				"north": {"uv": [0, 0, 7, 4], "texture": "#0"},
				"east": {"uv": [0, 0, 13, 4], "texture": "#0"},
				"south": {"uv": [0, 0, 7, 4], "texture": "#0"},
				"west": {"uv": [0, 0, 16, 16], "texture": "#0"},
				"up": {"uv": [0, 0, 7, 13], "texture": "#0"},
				"down": {"uv": [0, 0, 7, 13], "texture": "#0"}
			}
		},
		{
			"from": [7, 10, 4.5],
			"to": [9.5, 11.5, 11],
			"rotation": {"angle": 0, "axis": "y", "origin": [4, 0, 4]},
			"faces": {
				"north": {"uv": [0, 0, 5, 3], "texture": "#0"},
				"east": {"uv": [0, 0, 13, 3], "texture": "#0"},
				"south": {"uv": [0, 0, 5, 3], "texture": "#0"},
				"west": {"uv": [0, 0, 16, 16], "texture": "#0"},
				"up": {"uv": [0, 0, 5, 13], "texture": "#0"},
				"down": {"uv": [0, 0, 5, 13], "texture": "#0"}
			}
		},
		{
			"from": [7.5, 11.5, 4.5],
			"to": [9, 12.5, 11],
			"rotation": {"angle": 0, "axis": "y", "origin": [4, 0, 4]},
			"faces": {
				"north": {"uv": [0, 0, 3, 2], "texture": "#0"},
				"east": {"uv": [0, 0, 13, 2], "texture": "#0"},
				"south": {"uv": [0, 0, 3, 2], "texture": "#0"},
				"west": {"uv": [0, 0, 16, 16], "texture": "#0"},
				"up": {"uv": [0, 0, 3, 13], "texture": "#0"},
				"down": {"uv": [0, 0, 3, 13], "texture": "#0"}
			}
		},
		{
			"from": [5, 4, 5],
			"to": [11.5, 6, 10.5],
			"rotation": {"angle": 0, "axis": "y", "origin": [8.25, 7.75, 7.75]},
			"faces": {
				"north": {"uv": [0, 0, 13, 4], "texture": "#0"},
				"east": {"uv": [0, 0, 11, 4], "texture": "#0"},
				"south": {"uv": [0, 0, 13, 4], "texture": "#0"},
				"west": {"uv": [0, 0, 16, 16], "texture": "#0"},
				"up": {"uv": [0, 0, 11, 13], "rotation": 270, "texture": "#0"},
				"down": {"uv": [0, 0, 11, 13], "rotation": 90, "texture": "#0"}
			}
		},
		{
			"from": [5, 6, 5.5],
			"to": [11.5, 8, 10],
			"rotation": {"angle": 0, "axis": "y", "origin": [8.25, 7.75, 7.75]},
			"faces": {
				"north": {"uv": [0, 0, 13, 4], "texture": "#0"},
				"east": {"uv": [0, 0, 9, 4], "texture": "#0"},
				"south": {"uv": [0, 0, 13, 4], "texture": "#0"},
				"west": {"uv": [0, 0, 16, 16], "texture": "#0"},
				"up": {"uv": [0, 0, 9, 13], "rotation": 270, "texture": "#0"},
				"down": {"uv": [0, 0, 9, 13], "rotation": 90, "texture": "#0"}
			}
		},
		{
			"from": [5, 8, 6],
			"to": [11.5, 10, 9.5],
			"rotation": {"angle": 0, "axis": "y", "origin": [8.25, 7.75, 7.75]},
			"faces": {
				"north": {"uv": [0, 0, 13, 4], "texture": "#0"},
				"east": {"uv": [0, 0, 7, 4], "texture": "#0"},
				"south": {"uv": [0, 0, 13, 4], "texture": "#0"},
				"west": {"uv": [0, 0, 16, 16], "texture": "#0"},
				"up": {"uv": [0, 0, 7, 13], "rotation": 270, "texture": "#0"},
				"down": {"uv": [0, 0, 7, 13], "rotation": 90, "texture": "#0"}
			}
		},
		{
			"from": [5, 10, 6.5],
			"to": [11.5, 11.5, 9],
			"rotation": {"angle": 0, "axis": "y", "origin": [8.25, 7.75, 7.75]},
			"faces": {
				"north": {"uv": [0, 0, 13, 3], "texture": "#0"},
				"east": {"uv": [0, 0, 5, 3], "texture": "#0"},
				"south": {"uv": [0, 0, 13, 3], "texture": "#0"},
				"west": {"uv": [0, 0, 16, 16], "texture": "#0"},
				"up": {"uv": [0, 0, 5, 13], "rotation": 270, "texture": "#0"},
				"down": {"uv": [0, 0, 5, 13], "rotation": 90, "texture": "#0"}
			}
		},
		{
			"from": [5, 11.5, 7],
			"to": [11.5, 12.5, 8.5],
			"rotation": {"angle": 0, "axis": "y", "origin": [8.25, 7.75, 7.75]},
			"faces": {
				"north": {"uv": [0, 0, 13, 2], "texture": "#0"},
				"east": {"uv": [0, 0, 3, 2], "texture": "#0"},
				"south": {"uv": [0, 0, 13, 2], "texture": "#0"},
				"west": {"uv": [0, 0, 16, 16], "texture": "#0"},
				"up": {"uv": [0, 0, 3, 13], "rotation": 270, "texture": "#0"},
				"down": {"uv": [0, 0, 3, 13], "rotation": 90, "texture": "#0"}
			}
		},
		{
			"from": [5.5, 6, 5],
			"to": [11, 8.5, 10.5],
			"rotation": {"angle": 0, "axis": "y", "origin": [4, 0, 4]},
			"faces": {
				"north": {"uv": [0, 0, 11, 5], "texture": "#0"},
				"east": {"uv": [0, 0, 11, 5], "texture": "#0"},
				"south": {"uv": [0, 0, 11, 5], "texture": "#0"},
				"west": {"uv": [0, 0, 16, 16], "texture": "#0"},
				"up": {"uv": [0, 0, 11, 11], "texture": "#0"},
				"down": {"uv": [0, 0, 11, 11], "texture": "#0"}
			}
		},
		{
			"from": [6, 8.5, 5],
			"to": [10.5, 10.5, 10.5],
			"rotation": {"angle": 0, "axis": "y", "origin": [4, 0, 4]},
			"faces": {
				"north": {"uv": [0, 0, 9, 4], "texture": "#0"},
				"east": {"uv": [0, 0, 11, 4], "texture": "#0"},
				"south": {"uv": [0, 0, 9, 4], "texture": "#0"},
				"west": {"uv": [0, 0, 16, 16], "texture": "#0"},
				"up": {"uv": [0, 0, 9, 11], "texture": "#0"},
				"down": {"uv": [0, 0, 9, 11], "texture": "#0"}
			}
		},
		{
			"from": [6.5, 10.5, 5],
			"to": [10, 12.5, 10.5],
			"rotation": {"angle": 0, "axis": "y", "origin": [4, 0, 4]},
			"faces": {
				"north": {"uv": [0, 0, 7, 4], "texture": "#0"},
				"east": {"uv": [0, 0, 11, 4], "texture": "#0"},
				"south": {"uv": [0, 0, 7, 4], "texture": "#0"},
				"west": {"uv": [0, 0, 16, 16], "texture": "#0"},
				"up": {"uv": [0, 0, 7, 11], "texture": "#0"},
				"down": {"uv": [0, 0, 7, 11], "texture": "#0"}
			}
		},
		{
			"from": [5.5, 10.5, 6],
			"to": [11, 12.5, 9.5],
			"rotation": {"angle": 0, "axis": "y", "origin": [8.25, 9.5, 7.75]},
			"faces": {
				"north": {"uv": [0, 0, 11, 4], "texture": "#0"},
				"east": {"uv": [0, 0, 7, 4], "texture": "#0"},
				"south": {"uv": [0, 0, 11, 4], "texture": "#0"},
				"west": {"uv": [0, 0, 16, 16], "texture": "#0"},
				"up": {"uv": [0, 0, 7, 11], "rotation": 270, "texture": "#0"},
				"down": {"uv": [0, 0, 7, 11], "rotation": 90, "texture": "#0"}
			}
		},
		{
			"from": [5.5, 8.5, 5.5],
			"to": [11, 10.5, 10],
			"rotation": {"angle": 0, "axis": "y", "origin": [8.25, 9.5, 7.75]},
			"faces": {
				"north": {"uv": [0, 0, 11, 4], "texture": "#0"},
				"east": {"uv": [0, 0, 9, 4], "texture": "#0"},
				"south": {"uv": [0, 0, 11, 4], "texture": "#0"},
				"west": {"uv": [0, 0, 16, 16], "texture": "#0"},
				"up": {"uv": [0, 0, 9, 11], "rotation": 270, "texture": "#0"},
				"down": {"uv": [0, 0, 9, 11], "rotation": 90, "texture": "#0"}
			}
		},
		{
			"from": [6, 10.5, 5.5],
			"to": [10.5, 12.5, 10],
			"rotation": {"angle": 0, "axis": "y", "origin": [4, 0, 4]},
			"faces": {
				"north": {"uv": [0, 0, 9, 4], "texture": "#0"},
				"east": {"uv": [0, 0, 9, 4], "texture": "#0"},
				"south": {"uv": [0, 0, 9, 4], "texture": "#0"},
				"west": {"uv": [0, 0, 16, 16], "texture": "#0"},
				"up": {"uv": [0, 0, 9, 9], "texture": "#0"},
				"down": {"uv": [0, 0, 9, 9], "texture": "#0"}
			}
		},
		{
			"from": [7.5, 12.5, 4.5],
			"to": [9, 13.5, 11],
			"rotation": {"angle": 0, "axis": "y", "origin": [4, 0, 4]},
			"faces": {
				"north": {"uv": [0, 0, 3, 2], "texture": "#1"},
				"east": {"uv": [0, 0, 13, 2], "texture": "#1"},
				"south": {"uv": [0, 0, 3, 2], "texture": "#1"},
				"west": {"uv": [0, 0, 13, 2], "texture": "#1"},
				"up": {"uv": [0, 0, 3, 13], "texture": "#1"},
				"down": {"uv": [0, 0, 3, 13], "texture": "#1"}
			}
		},
		{
			"from": [7, 12.5, 5],
			"to": [9.5, 14.5, 10.5],
			"rotation": {"angle": 0, "axis": "y", "origin": [4, 0, 4]},
			"faces": {
				"north": {"uv": [0, 0, 5, 4], "texture": "#1"},
				"east": {"uv": [0, 0, 11, 4], "texture": "#1"},
				"south": {"uv": [0, 0, 5, 4], "texture": "#1"},
				"west": {"uv": [0, 0, 11, 4], "texture": "#1"},
				"up": {"uv": [0, 0, 5, 11], "texture": "#1"},
				"down": {"uv": [0, 0, 5, 11], "texture": "#1"}
			}
		},
		{
			"from": [7.5, 14.5, 5],
			"to": [9, 16.5, 10.5],
			"rotation": {"angle": 0, "axis": "y", "origin": [4, 0, 4]},
			"faces": {
				"north": {"uv": [0, 0, 3, 4], "texture": "#1"},
				"east": {"uv": [0, 0, 11, 4], "texture": "#1"},
				"south": {"uv": [0, 0, 3, 4], "texture": "#1"},
				"west": {"uv": [0, 0, 11, 4], "texture": "#1"},
				"up": {"uv": [0, 0, 3, 11], "texture": "#1"},
				"down": {"uv": [0, 0, 3, 11], "texture": "#1"}
			}
		},
		{
			"from": [5.5, 14.5, 7],
			"to": [11, 16.5, 8.5],
			"rotation": {"angle": 0, "axis": "y", "origin": [8.25, 13.5, 7.75]},
			"faces": {
				"north": {"uv": [0, 0, 11, 4], "texture": "#1"},
				"east": {"uv": [0, 0, 3, 4], "texture": "#1"},
				"south": {"uv": [0, 0, 11, 4], "texture": "#1"},
				"west": {"uv": [0, 0, 3, 4], "texture": "#1"},
				"up": {"uv": [0, 0, 3, 11], "rotation": 270, "texture": "#1"},
				"down": {"uv": [0, 0, 3, 11], "rotation": 90, "texture": "#1"}
			}
		},
		{
			"from": [5.5, 12.5, 6.5],
			"to": [11, 14.5, 9],
			"rotation": {"angle": 0, "axis": "y", "origin": [8.25, 13.5, 7.75]},
			"faces": {
				"north": {"uv": [0, 0, 11, 4], "texture": "#1"},
				"east": {"uv": [0, 0, 5, 4], "texture": "#1"},
				"south": {"uv": [0, 0, 11, 4], "texture": "#1"},
				"west": {"uv": [0, 0, 5, 4], "texture": "#1"},
				"up": {"uv": [0, 0, 5, 11], "rotation": 270, "texture": "#1"},
				"down": {"uv": [0, 0, 5, 11], "rotation": 90, "texture": "#1"}
			}
		},
		{
			"from": [6, 12.5, 5.5],
			"to": [10.5, 13.5, 10],
			"rotation": {"angle": 0, "axis": "y", "origin": [8.25, 13.5, 7.75]},
			"faces": {
				"north": {"uv": [0, 0, 9, 2], "texture": "#1"},
				"east": {"uv": [0, 0, 9, 2], "texture": "#1"},
				"south": {"uv": [0, 0, 9, 2], "texture": "#1"},
				"west": {"uv": [0, 0, 9, 2], "texture": "#1"},
				"up": {"uv": [0, 0, 9, 9], "rotation": 270, "texture": "#1"},
				"down": {"uv": [0, 0, 9, 9], "rotation": 90, "texture": "#1"}
			}
		},
		{
			"from": [6.5, 13.5, 5.5],
			"to": [10, 15.5, 10],
			"rotation": {"angle": 0, "axis": "y", "origin": [8.25, 13.5, 7.75]},
			"faces": {
				"north": {"uv": [0, 0, 7, 4], "texture": "#1"},
				"east": {"uv": [0, 0, 9, 4], "texture": "#1"},
				"south": {"uv": [0, 0, 7, 4], "texture": "#1"},
				"west": {"uv": [0, 0, 9, 4], "texture": "#1"},
				"up": {"uv": [0, 0, 9, 7], "rotation": 270, "texture": "#1"},
				"down": {"uv": [0, 0, 9, 7], "rotation": 90, "texture": "#1"}
			}
		},
		{
			"from": [7, 15.5, 5.5],
			"to": [9.5, 16.5, 10],
			"rotation": {"angle": 0, "axis": "y", "origin": [8.25, 13.5, 7.75]},
			"faces": {
				"north": {"uv": [0, 0, 5, 2], "texture": "#1"},
				"east": {"uv": [0, 0, 9, 2], "texture": "#1"},
				"south": {"uv": [0, 0, 5, 2], "texture": "#1"},
				"west": {"uv": [0, 0, 9, 2], "texture": "#1"},
				"up": {"uv": [0, 0, 9, 5], "rotation": 270, "texture": "#1"},
				"down": {"uv": [0, 0, 9, 5], "rotation": 90, "texture": "#1"}
			}
		},
		{
			"from": [6.5, 15.5, 6],
			"to": [10, 16.5, 9.5],
			"rotation": {"angle": 0, "axis": "y", "origin": [8.25, 13.5, 7.75]},
			"faces": {
				"north": {"uv": [0, 0, 7, 2], "texture": "#1"},
				"east": {"uv": [0, 0, 7, 2], "texture": "#1"},
				"south": {"uv": [0, 0, 7, 2], "texture": "#1"},
				"west": {"uv": [0, 0, 7, 2], "texture": "#1"},
				"up": {"uv": [0, 0, 7, 7], "rotation": 270, "texture": "#1"},
				"down": {"uv": [0, 0, 7, 7], "rotation": 90, "texture": "#1"}
			}
		},
		{
			"from": [6, 15.5, 6.5],
			"to": [10.5, 16.5, 9],
			"rotation": {"angle": 0, "axis": "y", "origin": [8.25, 6.25, 7.75]},
			"faces": {
				"north": {"uv": [0, 0, 9, 2], "texture": "#1"},
				"east": {"uv": [0, 0, 5, 2], "texture": "#1"},
				"south": {"uv": [0, 0, 9, 2], "texture": "#1"},
				"west": {"uv": [0, 0, 5, 2], "texture": "#1"},
				"up": {"uv": [0, 0, 9, 5], "rotation": 180, "texture": "#1"},
				"down": {"uv": [0, 0, 9, 5], "rotation": 180, "texture": "#1"}
			}
		},
		{
			"from": [6, 13.5, 6],
			"to": [10.5, 15.5, 9.5],
			"rotation": {"angle": 0, "axis": "y", "origin": [8.25, 6.25, 7.75]},
			"faces": {
				"north": {"uv": [0, 0, 9, 4], "texture": "#1"},
				"east": {"uv": [0, 0, 7, 4], "texture": "#1"},
				"south": {"uv": [0, 0, 9, 4], "texture": "#1"},
				"west": {"uv": [0, 0, 7, 4], "texture": "#1"},
				"up": {"uv": [0, 0, 9, 7], "rotation": 180, "texture": "#1"},
				"down": {"uv": [0, 0, 9, 7], "rotation": 180, "texture": "#1"}
			}
		},
		{
			"from": [8, 13.5, 4.5],
			"to": [8.5, 14, 11],
			"rotation": {"angle": 0, "axis": "y", "origin": [4, 0, 4]},
			"faces": {
				"north": {"uv": [0, 0, 1, 1], "texture": "#1"},
				"east": {"uv": [0, 0, 13, 1], "texture": "#1"},
				"south": {"uv": [0, 0, 1, 1], "texture": "#1"},
				"west": {"uv": [0, 0, 13, 1], "texture": "#1"},
				"up": {"uv": [0, 0, 1, 13], "texture": "#1"},
				"down": {"uv": [0, 0, 1, 13], "texture": "#1"}
			}
		},
		{
			"from": [5, 13.5, 7.5],
			"to": [11.5, 14, 8],
			"rotation": {"angle": 0, "axis": "y", "origin": [8.25, 12.375, 7.75]},
			"faces": {
				"north": {"uv": [0, 0, 13, 1], "texture": "#1"},
				"east": {"uv": [0, 0, 1, 1], "texture": "#1"},
				"south": {"uv": [0, 0, 13, 1], "texture": "#1"},
				"west": {"uv": [0, 0, 1, 1], "texture": "#1"},
				"up": {"uv": [0, 0, 1, 13], "rotation": 270, "texture": "#1"},
				"down": {"uv": [0, 0, 1, 13], "rotation": 90, "texture": "#1"}
			}
		},
		{
			"from": [5, 12.5, 7],
			"to": [11.5, 13.5, 8.5],
			"rotation": {"angle": 0, "axis": "y", "origin": [8.25, 12.375, 7.75]},
			"faces": {
				"north": {"uv": [0, 0, 13, 2], "texture": "#1"},
				"east": {"uv": [0, 0, 3, 2], "texture": "#1"},
				"south": {"uv": [0, 0, 13, 2], "texture": "#1"},
				"west": {"uv": [0, 0, 3, 2], "texture": "#1"},
				"up": {"uv": [0, 0, 3, 13], "rotation": 270, "texture": "#1"},
				"down": {"uv": [0, 0, 3, 13], "rotation": 90, "texture": "#1"}
			}
		},
		{
			"from": [6.5, 16.5, 6],
			"to": [10, 19, 9.5],
			"rotation": {"angle": 0, "axis": "y", "origin": [8.25, 7.75, 7.75]},
			"faces": {
				"north": {"uv": [0, 0, 7, 5], "texture": "#0"},
				"east": {"uv": [0, 0, 7, 5], "texture": "#0"},
				"south": {"uv": [0, 0, 7, 5], "texture": "#0"},
				"west": {"uv": [0, 0, 7, 5], "texture": "#0"},
				"up": {"uv": [0, 0, 7, 7], "texture": "#0"},
				"down": {"uv": [0, 0, 7, 7], "texture": "#0"}
			}
		},
		{
			"from": [7, 16.5, 5.5],
			"to": [9.5, 18.5, 10],
			"rotation": {"angle": 0, "axis": "y", "origin": [8.25, 7.75, 7.75]},
			"faces": {
				"north": {"uv": [0, 0, 5, 4], "texture": "#0"},
				"east": {"uv": [0, 0, 9, 4], "texture": "#0"},
				"south": {"uv": [0, 0, 5, 4], "texture": "#0"},
				"west": {"uv": [0, 0, 9, 4], "texture": "#0"},
				"up": {"uv": [0, 0, 5, 9], "texture": "#0"},
				"down": {"uv": [0, 0, 5, 9], "texture": "#0"}
			}
		},
		{
			"from": [8, 17, 5],
			"to": [8.5, 18, 10.5],
			"rotation": {"angle": 0, "axis": "y", "origin": [8.25, 7.75, 7.75]},
			"faces": {
				"north": {"uv": [0, 0, 1, 2], "texture": "#0"},
				"east": {"uv": [0, 0, 11, 2], "texture": "#0"},
				"south": {"uv": [0, 0, 1, 2], "texture": "#0"},
				"west": {"uv": [0, 0, 11, 2], "texture": "#0"},
				"up": {"uv": [0, 0, 1, 11], "texture": "#0"},
				"down": {"uv": [0, 0, 1, 11], "texture": "#0"}
			}
		},
		{
			"from": [7.5, 18.5, 5.5],
			"to": [9, 19.5, 10],
			"rotation": {"angle": 0, "axis": "y", "origin": [8.25, 7.75, 7.75]},
			"faces": {
				"north": {"uv": [0, 0, 3, 2], "texture": "#0"},
				"east": {"uv": [0, 0, 9, 2], "texture": "#0"},
				"south": {"uv": [0, 0, 3, 2], "texture": "#0"},
				"west": {"uv": [0, 0, 9, 2], "texture": "#0"},
				"up": {"uv": [0, 0, 3, 9], "texture": "#0"},
				"down": {"uv": [0, 0, 3, 9], "texture": "#0"}
			}
		},
		{
			"from": [7, 19, 6],
			"to": [9.5, 19.5, 9.5],
			"rotation": {"angle": 0, "axis": "y", "origin": [8.25, 7.75, 7.75]},
			"faces": {
				"north": {"uv": [0, 0, 5, 1], "texture": "#0"},
				"east": {"uv": [0, 0, 7, 1], "texture": "#0"},
				"south": {"uv": [0, 0, 5, 1], "texture": "#0"},
				"west": {"uv": [0, 0, 7, 1], "texture": "#0"},
				"up": {"uv": [0, 0, 5, 7], "texture": "#0"},
				"down": {"uv": [0, 0, 5, 7], "texture": "#0"}
			}
		},
		{
			"from": [6.5, 19, 6.5],
			"to": [10, 19.5, 9],
			"rotation": {"angle": 0, "axis": "y", "origin": [8.25, 7.75, 7.75]},
			"faces": {
				"north": {"uv": [0, 0, 7, 1], "texture": "#0"},
				"east": {"uv": [0, 0, 5, 1], "texture": "#0"},
				"south": {"uv": [0, 0, 7, 1], "texture": "#0"},
				"west": {"uv": [0, 0, 5, 1], "texture": "#0"},
				"up": {"uv": [0, 0, 5, 7], "rotation": 270, "texture": "#0"},
				"down": {"uv": [0, 0, 5, 7], "rotation": 90, "texture": "#0"}
			}
		},
		{
			"from": [6, 18.5, 7],
			"to": [10.5, 19.5, 8.5],
			"rotation": {"angle": 0, "axis": "y", "origin": [8.25, 7.75, 7.75]},
			"faces": {
				"north": {"uv": [0, 0, 9, 2], "texture": "#0"},
				"east": {"uv": [0, 0, 3, 2], "texture": "#0"},
				"south": {"uv": [0, 0, 9, 2], "texture": "#0"},
				"west": {"uv": [0, 0, 3, 2], "texture": "#0"},
				"up": {"uv": [0, 0, 3, 9], "rotation": 270, "texture": "#0"},
				"down": {"uv": [0, 0, 3, 9], "rotation": 90, "texture": "#0"}
			}
		},
		{
			"from": [6, 18.5, 7],
			"to": [10.5, 19.5, 8.5],
			"rotation": {"angle": 0, "axis": "y", "origin": [8.25, 7.75, 7.75]},
			"faces": {
				"north": {"uv": [0, 0, 9, 2], "texture": "#0"},
				"east": {"uv": [0, 0, 3, 2], "texture": "#0"},
				"south": {"uv": [0, 0, 9, 2], "texture": "#0"},
				"west": {"uv": [0, 0, 3, 2], "texture": "#0"},
				"up": {"uv": [0, 0, 3, 9], "rotation": 270, "texture": "#0"},
				"down": {"uv": [0, 0, 3, 9], "rotation": 90, "texture": "#0"}
			}
		},
		{
			"from": [5.5, 17, 7.5],
			"to": [11, 18, 8],
			"rotation": {"angle": 0, "axis": "y", "origin": [8.25, 8.5, 7.75]},
			"faces": {
				"north": {"uv": [0, 0, 11, 2], "texture": "#0"},
				"east": {"uv": [0, 0, 1, 2], "texture": "#0"},
				"south": {"uv": [0, 0, 11, 2], "texture": "#0"},
				"west": {"uv": [0, 0, 1, 2], "texture": "#0"},
				"up": {"uv": [0, 0, 1, 11], "rotation": 270, "texture": "#0"},
				"down": {"uv": [0, 0, 1, 11], "rotation": 90, "texture": "#0"}
			}
		},
		{
			"from": [6, 16.5, 6.5],
			"to": [10.5, 18.5, 9],
			"rotation": {"angle": 0, "axis": "y", "origin": [8.25, 8.5, 7.75]},
			"faces": {
				"north": {"uv": [0, 0, 9, 4], "texture": "#0"},
				"east": {"uv": [0, 0, 5, 4], "texture": "#0"},
				"south": {"uv": [0, 0, 9, 4], "texture": "#0"},
				"west": {"uv": [0, 0, 5, 4], "texture": "#0"},
				"up": {"uv": [0, 0, 5, 9], "rotation": 270, "texture": "#0"},
				"down": {"uv": [0, 0, 5, 9], "rotation": 90, "texture": "#0"}
			}
		},
		{
			"from": [7.5, 16.5, 5],
			"to": [9, 17, 10.5],
			"rotation": {"angle": 0, "axis": "y", "origin": [8.25, 7.75, 7.75]},
			"faces": {
				"north": {"uv": [0, 0, 3, 1], "texture": "#0"},
				"east": {"uv": [0, 0, 11, 1], "texture": "#0"},
				"south": {"uv": [0, 0, 3, 1], "texture": "#0"},
				"west": {"uv": [0, 0, 11, 1], "texture": "#0"},
				"up": {"uv": [0, 0, 3, 11], "texture": "#0"},
				"down": {"uv": [0, 0, 3, 11], "texture": "#0"}
			}
		},
		{
			"from": [5.5, 16.5, 7],
			"to": [11, 17, 8.5],
			"rotation": {"angle": 0, "axis": "y", "origin": [8.25, 7.75, 7.75]},
			"faces": {
				"north": {"uv": [0, 0, 11, 1], "texture": "#0"},
				"east": {"uv": [0, 0, 3, 1], "texture": "#0"},
				"south": {"uv": [0, 0, 11, 1], "texture": "#0"},
				"west": {"uv": [0, 0, 3, 1], "texture": "#0"},
				"up": {"uv": [0, 0, 3, 11], "rotation": 270, "texture": "#0"},
				"down": {"uv": [0, 0, 3, 11], "rotation": 90, "texture": "#0"}
			}
		},
		{
			"from": [7.5, 19.5, 5.5],
			"to": [9, 20.5, 10],
			"rotation": {"angle": 0, "axis": "y", "origin": [4, 0, 4]},
			"faces": {
				"north": {"uv": [0, 0, 3, 2], "texture": "#1"},
				"east": {"uv": [0, 0, 9, 2], "texture": "#1"},
				"south": {"uv": [0, 0, 3, 2], "texture": "#1"},
				"west": {"uv": [0, 0, 9, 2], "texture": "#1"},
				"up": {"uv": [0, 0, 3, 9], "texture": "#1"},
				"down": {"uv": [0, 0, 3, 9], "texture": "#1"}
			}
		},
		{
			"from": [7, 19.5, 6],
			"to": [9.5, 22.5, 9.5],
			"rotation": {"angle": 0, "axis": "y", "origin": [4, 0, 4]},
			"faces": {
				"north": {"uv": [0, 0, 5, 6], "texture": "#1"},
				"east": {"uv": [0, 0, 7, 6], "texture": "#1"},
				"south": {"uv": [0, 0, 5, 6], "texture": "#1"},
				"west": {"uv": [0, 0, 7, 6], "texture": "#1"},
				"up": {"uv": [0, 0, 5, 7], "texture": "#1"},
				"down": {"uv": [0, 0, 5, 7], "texture": "#1"}
			}
		},
		{
			"from": [7.5, 22.5, 6],
			"to": [9, 24.5, 9.5],
			"rotation": {"angle": 0, "axis": "y", "origin": [4, 0, 4]},
			"faces": {
				"north": {"uv": [0, 0, 3, 4], "texture": "#1"},
				"east": {"uv": [0, 0, 7, 4], "texture": "#1"},
				"south": {"uv": [0, 0, 3, 4], "texture": "#1"},
				"west": {"uv": [0, 0, 7, 4], "texture": "#1"},
				"up": {"uv": [0, 0, 3, 7], "texture": "#1"},
				"down": {"uv": [0, 0, 3, 7], "texture": "#1"}
			}
		},
		{
			"from": [6.5, 22.5, 7],
			"to": [10, 24.5, 8.5],
			"rotation": {"angle": 0, "axis": "y", "origin": [8.25, 14.5, 7.75]},
			"faces": {
				"north": {"uv": [0, 0, 7, 4], "texture": "#1"},
				"east": {"uv": [0, 0, 3, 4], "texture": "#1"},
				"south": {"uv": [0, 0, 7, 4], "texture": "#1"},
				"west": {"uv": [0, 0, 3, 4], "texture": "#1"},
				"up": {"uv": [0, 0, 3, 7], "rotation": 270, "texture": "#1"},
				"down": {"uv": [0, 0, 3, 7], "rotation": 90, "texture": "#1"}
			}
		},
		{
			"from": [7, 22.5, 6.5],
			"to": [9.5, 24.5, 9],
			"rotation": {"angle": 0, "axis": "y", "origin": [8.25, 14.5, 7.75]},
			"faces": {
				"north": {"uv": [0, 0, 5, 4], "texture": "#1"},
				"east": {"uv": [0, 0, 5, 4], "texture": "#1"},
				"south": {"uv": [0, 0, 5, 4], "texture": "#1"},
				"west": {"uv": [0, 0, 5, 4], "texture": "#1"},
				"up": {"uv": [0, 0, 5, 5], "rotation": 270, "texture": "#1"},
				"down": {"uv": [0, 0, 5, 5], "rotation": 90, "texture": "#1"}
			}
		},
		{
			"from": [6.5, 19.5, 6.5],
			"to": [10, 22.5, 9],
			"rotation": {"angle": 0, "axis": "y", "origin": [8.25, 12, 7.75]},
			"faces": {
				"north": {"uv": [0, 0, 7, 6], "texture": "#1"},
				"east": {"uv": [0, 0, 5, 6], "texture": "#1"},
				"south": {"uv": [0, 0, 7, 6], "texture": "#1"},
				"west": {"uv": [0, 0, 5, 6], "texture": "#1"},
				"up": {"uv": [0, 0, 5, 7], "rotation": 270, "texture": "#1"},
				"down": {"uv": [0, 0, 5, 7], "rotation": 90, "texture": "#1"}
			}
		},
		{
			"from": [8, 20.5, 5.5],
			"to": [8.5, 21.5, 10],
			"rotation": {"angle": 0, "axis": "y", "origin": [4, 0, 4]},
			"faces": {
				"north": {"uv": [0, 0, 1, 2], "texture": "#1"},
				"east": {"uv": [0, 0, 9, 2], "texture": "#1"},
				"south": {"uv": [0, 0, 1, 2], "texture": "#1"},
				"west": {"uv": [0, 0, 9, 2], "texture": "#1"},
				"up": {"uv": [0, 0, 1, 9], "texture": "#1"},
				"down": {"uv": [0, 0, 1, 9], "texture": "#1"}
			}
		},
		{
			"from": [6, 20.5, 7.5],
			"to": [10.5, 21.5, 8],
			"rotation": {"angle": 0, "axis": "y", "origin": [8.25, 11.5, 7.75]},
			"faces": {
				"north": {"uv": [0, 0, 9, 2], "texture": "#1"},
				"east": {"uv": [0, 0, 1, 2], "texture": "#1"},
				"south": {"uv": [0, 0, 9, 2], "texture": "#1"},
				"west": {"uv": [0, 0, 1, 2], "texture": "#1"},
				"up": {"uv": [0, 0, 1, 9], "rotation": 270, "texture": "#1"},
				"down": {"uv": [0, 0, 1, 9], "rotation": 90, "texture": "#1"}
			}
		},
		{
			"from": [6, 19.5, 7],
			"to": [10.5, 20.5, 8.5],
			"rotation": {"angle": 0, "axis": "y", "origin": [8.25, 11.5, 7.75]},
			"faces": {
				"north": {"uv": [0, 0, 9, 2], "texture": "#1"},
				"east": {"uv": [0, 0, 3, 2], "texture": "#1"},
				"south": {"uv": [0, 0, 9, 2], "texture": "#1"},
				"west": {"uv": [0, 0, 3, 2], "texture": "#1"},
				"up": {"uv": [0, 0, 3, 9], "rotation": 270, "texture": "#1"},
				"down": {"uv": [0, 0, 3, 9], "rotation": 90, "texture": "#1"}
			}
		},
		{
			"from": [7.5, 24.5, 6],
			"to": [9, 25, 9.5],
			"rotation": {"angle": 0, "axis": "y", "origin": [5.75, 9.75, 4.75]},
			"faces": {
				"north": {"uv": [0, 0, 3, 1], "texture": "#0"},
				"east": {"uv": [0, 0, 7, 1], "texture": "#0"},
				"south": {"uv": [0, 0, 3, 1], "texture": "#0"},
				"west": {"uv": [0, 0, 7, 1], "texture": "#0"},
				"up": {"uv": [0, 0, 7, 3], "rotation": 270, "texture": "#0"},
				"down": {"uv": [0, 0, 7, 3], "rotation": 90, "texture": "#0"}
			}
		},
		{
			"from": [8, 25, 6],
			"to": [8.5, 25.5, 9.5],
			"rotation": {"angle": 0, "axis": "y", "origin": [5.75, 9.75, 4.75]},
			"faces": {
				"north": {"uv": [0, 0, 1, 1], "texture": "#0"},
				"east": {"uv": [0, 0, 7, 1], "texture": "#0"},
				"south": {"uv": [0, 0, 1, 1], "texture": "#0"},
				"west": {"uv": [0, 0, 7, 1], "texture": "#0"},
				"up": {"uv": [0, 0, 7, 1], "rotation": 270, "texture": "#0"},
				"down": {"uv": [0, 0, 7, 1], "rotation": 90, "texture": "#0"}
			}
		},
		{
			"from": [6.5, 25, 7.5],
			"to": [10, 25.5, 8],
			"rotation": {"angle": 0, "axis": "y", "origin": [5.75, 10.25, 4.75]},
			"faces": {
				"north": {"uv": [0, 0, 7, 1], "texture": "#0"},
				"east": {"uv": [0, 0, 1, 1], "texture": "#0"},
				"south": {"uv": [0, 0, 7, 1], "texture": "#0"},
				"west": {"uv": [0, 0, 1, 1], "texture": "#0"},
				"up": {"uv": [0, 0, 7, 1], "rotation": 180, "texture": "#0"},
				"down": {"uv": [0, 0, 7, 1], "rotation": 180, "texture": "#0"}
			}
		},
		{
			"from": [6.5, 24.5, 7],
			"to": [10, 25, 8.5],
			"rotation": {"angle": 0, "axis": "y", "origin": [4, 0, 4]},
			"faces": {
				"north": {"uv": [0, 0, 7, 1], "texture": "#0"},
				"east": {"uv": [0, 0, 3, 1], "texture": "#0"},
				"south": {"uv": [0, 0, 7, 1], "texture": "#0"},
				"west": {"uv": [0, 0, 3, 1], "texture": "#0"},
				"up": {"uv": [0, 0, 7, 3], "texture": "#0"},
				"down": {"uv": [0, 0, 7, 3], "texture": "#0"}
			}
		},
		{
			"from": [7, 24.5, 6.5],
			"to": [9.5, 26, 9],
			"rotation": {"angle": 0, "axis": "y", "origin": [4, 0, 4]},
			"faces": {
				"north": {"uv": [0, 0, 5, 3], "texture": "#0"},
				"east": {"uv": [0, 0, 5, 3], "texture": "#0"},
				"south": {"uv": [0, 0, 5, 3], "texture": "#0"},
				"west": {"uv": [0, 0, 5, 3], "texture": "#0"},
				"up": {"uv": [0, 0, 5, 5], "texture": "#0"},
				"down": {"uv": [0, 0, 5, 5], "texture": "#0"}
			}
		},
		{
			"from": [9, 26, 7],
			"to": [9.5, 27.5, 8.5],
			"rotation": {"angle": 0, "axis": "y", "origin": [5.75, 11.75, 4.75]},
			"faces": {
				"north": {"uv": [0, 0, 1, 3], "texture": "#0"},
				"east": {"uv": [0, 0, 3, 3], "texture": "#0"},
				"south": {"uv": [0, 0, 1, 3], "texture": "#0"},
				"west": {"uv": [0, 0, 3, 3], "texture": "#0"},
				"up": {"uv": [0, 0, 3, 1], "rotation": 270, "texture": "#0"},
				"down": {"uv": [0, 0, 3, 1], "rotation": 90, "texture": "#0"}
			}
		},
		{
			"from": [7, 26, 7],
			"to": [7.5, 27.5, 8.5],
			"rotation": {"angle": 0, "axis": "y", "origin": [5.75, 11.75, 4.75]},
			"faces": {
				"north": {"uv": [0, 0, 1, 3], "texture": "#0"},
				"east": {"uv": [0, 0, 3, 3], "texture": "#0"},
				"south": {"uv": [0, 0, 1, 3], "texture": "#0"},
				"west": {"uv": [0, 0, 3, 3], "texture": "#0"},
				"up": {"uv": [0, 0, 3, 1], "rotation": 270, "texture": "#0"},
				"down": {"uv": [0, 0, 3, 1], "rotation": 90, "texture": "#0"}
			}
		},
		{
			"from": [7.5, 26, 6.5],
			"to": [9, 27.5, 7],
			"rotation": {"angle": 0, "axis": "y", "origin": [5.75, 11.75, 4.75]},
			"faces": {
				"north": {"uv": [0, 0, 3, 3], "texture": "#0"},
				"east": {"uv": [0, 0, 1, 3], "texture": "#0"},
				"south": {"uv": [0, 0, 3, 3], "texture": "#0"},
				"west": {"uv": [0, 0, 1, 3], "texture": "#0"},
				"up": {"uv": [0, 0, 3, 1], "texture": "#0"},
				"down": {"uv": [0, 0, 3, 1], "texture": "#0"}
			}
		},
		{
			"from": [7.5, 26, 8.5],
			"to": [9, 27.5, 9],
			"rotation": {"angle": 0, "axis": "y", "origin": [5.75, 11.75, 4.75]},
			"faces": {
				"north": {"uv": [0, 0, 3, 3], "texture": "#0"},
				"east": {"uv": [0, 0, 1, 3], "texture": "#0"},
				"south": {"uv": [0, 0, 3, 3], "texture": "#0"},
				"west": {"uv": [0, 0, 1, 3], "texture": "#0"},
				"up": {"uv": [0, 0, 3, 1], "texture": "#0"},
				"down": {"uv": [0, 0, 3, 1], "texture": "#0"}
			}
		},
		{
			"from": [0.5, 0, 0],
			"to": [16, 1, 15.5],
			"rotation": {"angle": 0, "axis": "y", "origin": [4, 0, 4]},
			"faces": {
				"north": {"uv": [0, 0, 16, 2], "texture": "#0"},
				"east": {"uv": [0, 0, 16, 2], "texture": "#0"},
				"south": {"uv": [0, 0, 16, 2], "texture": "#0"},
				"west": {"uv": [0, 0, 16, 2], "texture": "#0"},
				"up": {"uv": [0, 0, 16, 16], "texture": "#0"},
				"down": {"uv": [0, 0, 16, 16], "texture": "#0"}
			}
		},
		{
			"from": [14, -1, 0],
			"to": [16, 0, 2],
			"rotation": {"angle": 0, "axis": "y", "origin": [8, 0.5, 8]},
			"faces": {
				"north": {"uv": [0, 0, 4, 2], "texture": "#0"},
				"east": {"uv": [0, 0, 4, 2], "texture": "#0"},
				"south": {"uv": [0, 0, 4, 2], "texture": "#0"},
				"west": {"uv": [0, 0, 4, 2], "texture": "#0"},
				"up": {"uv": [0, 0, 4, 4], "texture": "#0"},
				"down": {"uv": [0, 0, 4, 4], "texture": "#0"}
			}
		},
		{
			"from": [6.5, -1, 0],
			"to": [10, 0, 2],
			"rotation": {"angle": 0, "axis": "y", "origin": [8, 0.5, 8]},
			"faces": {
				"north": {"uv": [0, 0, 8, 2], "texture": "#0"},
				"east": {"uv": [0, 0, 4, 2], "texture": "#0"},
				"south": {"uv": [0, 0, 8, 2], "texture": "#0"},
				"west": {"uv": [0, 0, 4, 2], "texture": "#0"},
				"up": {"uv": [0, 0, 8, 4], "texture": "#0"},
				"down": {"uv": [0, 0, 8, 4], "texture": "#0"}
			}
		},
		{
			"from": [14, -1, 6],
			"to": [16, 0, 9.5],
			"rotation": {"angle": 0, "axis": "y", "origin": [8, 0.5, 8]},
			"faces": {
				"north": {"uv": [0, 0, 4, 2], "texture": "#0"},
				"east": {"uv": [0, 0, 8, 2], "texture": "#0"},
				"south": {"uv": [0, 0, 4, 2], "texture": "#0"},
				"west": {"uv": [0, 0, 8, 2], "texture": "#0"},
				"up": {"uv": [0, 0, 8, 4], "rotation": 90, "texture": "#0"},
				"down": {"uv": [0, 0, 8, 4], "rotation": 270, "texture": "#0"}
			}
		},
		{
			"from": [14, -1, 13.5],
			"to": [16, 0, 15.5],
			"rotation": {"angle": 0, "axis": "y", "origin": [8, 0.5, 8]},
			"faces": {
				"north": {"uv": [0, 0, 4, 2], "texture": "#0"},
				"east": {"uv": [0, 0, 4, 2], "texture": "#0"},
				"south": {"uv": [0, 0, 4, 2], "texture": "#0"},
				"west": {"uv": [0, 0, 4, 2], "texture": "#0"},
				"up": {"uv": [0, 0, 4, 4], "rotation": 90, "texture": "#0"},
				"down": {"uv": [0, 0, 4, 4], "rotation": 270, "texture": "#0"}
			}
		},
		{
			"from": [0.5, -1, 6],
			"to": [2.5, 0, 9.5],
			"rotation": {"angle": 0, "axis": "y", "origin": [8, 0.5, 8]},
			"faces": {
				"north": {"uv": [0, 0, 4, 2], "texture": "#0"},
				"east": {"uv": [0, 0, 8, 2], "texture": "#0"},
				"south": {"uv": [0, 0, 4, 2], "texture": "#0"},
				"west": {"uv": [0, 0, 8, 2], "texture": "#0"},
				"up": {"uv": [0, 0, 8, 4], "rotation": 270, "texture": "#0"},
				"down": {"uv": [0, 0, 8, 4], "rotation": 90, "texture": "#0"}
			}
		},
		{
			"from": [0.5, -1, 0],
			"to": [2.5, 0, 2],
			"rotation": {"angle": 0, "axis": "y", "origin": [8, 0.5, 8]},
			"faces": {
				"north": {"uv": [0, 0, 4, 2], "texture": "#0"},
				"east": {"uv": [0, 0, 4, 2], "texture": "#0"},
				"south": {"uv": [0, 0, 4, 2], "texture": "#0"},
				"west": {"uv": [0, 0, 4, 2], "texture": "#0"},
				"up": {"uv": [0, 0, 4, 4], "rotation": 270, "texture": "#0"},
				"down": {"uv": [0, 0, 4, 4], "rotation": 90, "texture": "#0"}
			}
		},
		{
			"from": [6.5, -1, 13.5],
			"to": [10, 0, 15.5],
			"rotation": {"angle": 0, "axis": "y", "origin": [8, 0.5, 8]},
			"faces": {
				"north": {"uv": [0, 0, 8, 2], "texture": "#0"},
				"east": {"uv": [0, 0, 4, 2], "texture": "#0"},
				"south": {"uv": [0, 0, 8, 2], "texture": "#0"},
				"west": {"uv": [0, 0, 4, 2], "texture": "#0"},
				"up": {"uv": [0, 0, 8, 4], "rotation": 180, "texture": "#0"},
				"down": {"uv": [0, 0, 8, 4], "rotation": 180, "texture": "#0"}
			}
		},
		{
			"from": [0.5, -1, 13.5],
			"to": [2.5, 0, 15.5],
			"rotation": {"angle": 0, "axis": "y", "origin": [8, 0.5, 8]},
			"faces": {
				"north": {"uv": [0, 0, 4, 2], "texture": "#0"},
				"east": {"uv": [0, 0, 4, 2], "texture": "#0"},
				"south": {"uv": [0, 0, 4, 2], "texture": "#0"},
				"west": {"uv": [0, 0, 4, 2], "texture": "#0"},
				"up": {"uv": [0, 0, 4, 4], "rotation": 180, "texture": "#0"},
				"down": {"uv": [0, 0, 4, 4], "rotation": 180, "texture": "#0"}
			}
		}
	],
	"display": {
		"thirdperson_righthand": {
			"translation": [0, 3.75, 3.25],
			"scale": [0.5, 0.5, 0.5]
		},
		"thirdperson_lefthand": {
			"translation": [0, 3.75, 3.25],
			"scale": [0.5, 0.5, 0.5]
		},
		"firstperson_righthand": {
			"translation": [0, 2.75, 0],
			"scale": [0.5, 0.5, 0.5]
		},
		"firstperson_lefthand": {
			"translation": [0, 2.75, 0],
			"scale": [0.5, 0.5, 0.5]
		},
		"ground": {
			"translation": [0, 0.75, 0],
			"scale": [0.5, 0.5, 0.5]
		},
		"gui": {
			"rotation": [45, 45, 0],
			"translation": [0, -0.25, 0],
			"scale": [0.6, 0.6, 0.6]
		},
		"head": {
			"translation": [0, 14.25, 0]
		},
		"fixed": {
			"rotation": [-90, 0, 0],
			"translation": [-0.5, 0.5, -15.5],
			"scale": [2, 2, 2]
		}
	}
}