{
    "textures": {
        "black": "block/yellow_wool",
        "grey": "block/gray_wool",
		"glass": "block/glass"
    },
	"elements": [
        {   "from": [ -1, 14, -1 ],
            "to": [ 17, 15, 17 ],
            "faces": {
                "down":  { "uv": [ 0, 0, 16, 16 ], "texture": "#black", "cullface": "down" },
                "up":    { "uv": [ 0, 0, 16, 16 ], "texture": "#black", "cullface": "up" },
                "north": { "uv": [ 0, 0, 16, 1 ], "texture": "#black", "cullface": "north" },
                "south": { "uv": [ 0, 0, 16, 1 ], "texture": "#black", "cullface": "south" },
                "west":  { "uv": [ 0, 0, 16, 1 ], "texture": "#black", "cullface": "west" },
                "east":  { "uv": [ 0, 0, 16, 1 ], "texture": "#black", "cullface": "east" }
            }
        },
		{   "from": [ 2, 15, 2 ],
            "to": [ 14, 17, 14 ],
            "faces": {
                "north": { "uv": [ 0, 0, 12, 2 ], "texture": "#grey", "cullface": "north" },
                "south": { "uv": [ 0, 0, 12, 2 ], "texture": "#grey", "cullface": "south" },
                "west":  { "uv": [ 0, 0, 12, 2 ], "texture": "#grey", "cullface": "west" },
                "east":  { "uv": [ 0, 0, 12, 2 ], "texture": "#grey", "cullface": "east" }
            }
        },
		{   "from": [ 2, 17, 2 ],
            "to": [ 14, 31, 14 ],
            "faces": {
                "up":    { "uv": [ 0, 0, 12, 12 ], "texture": "#black", "cullface": "up" },
                "north": { "uv": [ 0, 0, 12, 14 ], "texture": "#black", "cullface": "north" },
                "south": { "uv": [ 0, 0, 12, 14 ], "texture": "#black", "cullface": "south" },
                "west":  { "uv": [ 0, 0, 12, 14 ], "texture": "#black", "cullface": "west" },
                "east":  { "uv": [ 0, 0, 12, 14 ], "texture": "#black", "cullface": "east" }
            }
        },
		{   "from": [ 1, 0, 1 ],
            "to": [ 2, 7, 2 ],
            "faces": {
                "down":  { "uv": [ 0, 0, 1, 1 ], "texture": "#black", "cullface": "down" },
                "up":    { "uv": [ 0, 0, 1, 1 ], "texture": "#black", "cullface": "up" },
                "north": { "uv": [ 0, 0, 1, 7 ], "texture": "#black", "cullface": "north" },
                "south": { "uv": [ 0, 0, 1, 7 ], "texture": "#black", "cullface": "south" },
                "west":  { "uv": [ 0, 0, 1, 7 ], "texture": "#black", "cullface": "west" },
                "east":  { "uv": [ 0, 0, 1, 7 ], "texture": "#black", "cullface": "east" }
            }
        },
		{   "from": [ 2, 6, 1 ],
            "to": [ 4, 7, 2 ],
            "faces": {
                "down":  { "uv": [ 0, 0, 2, 1 ], "texture": "#black", "cullface": "down" },
                "up":    { "uv": [ 0, 0, 2, 1 ], "texture": "#black", "cullface": "up" },
                "north": { "uv": [ 0, 0, 2, 1 ], "texture": "#black", "cullface": "north" },
                "south": { "uv": [ 0, 0, 2, 1 ], "texture": "#black", "cullface": "south" },
                "west":  { "uv": [ 0, 0, 2, 1 ], "texture": "#black", "cullface": "west" },
                "east":  { "uv": [ 0, 0, 2, 1 ], "texture": "#black", "cullface": "east" }
            }
        },
		{   "from": [ 4, 6, 1 ],
            "to": [ 6, 8, 2 ],
            "faces": {
                "north": { "uv": [ 0, 0, 16, 16 ], "texture": "#glass", "cullface": "north" }
            }
        }
    ]
}
