{
	"credit": "Made with Blockbench",
	"parent": "item/generated",
	"textures": {
		"layer0": "item/crossbow_standby"
	},
	"overrides": [
		{
			"predicate": {
				"pulling": 1
			},
			"model": "item/crossbow_pulling_0"
		},
		{
			"predicate": {
				"pulling": 1,
				"pull": 0.58
			},
			"model": "item/crossbow_pulling_1"
		},
		{
			"predicate": {
				"pulling": 1,
				"pull": 1
			},
			"model": "item/crossbow_pulling_2"
		},
		{
			"predicate": {
				"charged": 1
			},
			"model": "item/crossbow_arrow"
		},
		{
			"predicate": {
				"charged": 1,
				"firework": 1
			},
			"model": "item/crossbow_firework"
		},
		{
			"predicate": {
				"custom_model_data": 1
			},
			"model": "trkits/revolver"
		},
		{
			"predicate": {
				"custom_model_data": 1,
				"pulling": 1
			},
			"model": "trkits/revolver"
		},
		{
			"predicate": {
				"custom_model_data": 1,
				"pulling": 1,
				"pull": 0.58
			},
			"model": "trkits/revolver_pulling_1"
		},
		{
			"predicate": {
				"custom_model_data": 1,
				"pulling": 1,
				"pull": 1
			},
			"model": "trkits/revolver_pulling_2"
		},
		{
			"predicate": {
				"custom_model_data": 1,
				"charged": 1
			},
			"model": "trkits/revolver_pulling_2"
		},
		{
			"predicate": {
				"custom_model_data": 1,
				"charged": 1,
				"firework": 1
			},
			"model": "trkits/revolver_pulling_2"
		},
		{
			"predicate": {
				"custom_model_data": 2
			},
			"model": "trkits/m1garand"
		},
		{
			"predicate": {
				"custom_model_data": 2,
				"pulling": 1
			},
			"model": "trkits/m1garand"
		},
		{
			"predicate": {
				"custom_model_data": 2,
				"pulling": 1,
				"pull": 0.58
			},
			"model": "trkits/m1garand"
		},
		{
			"predicate": {
				"custom_model_data": 2,
				"pulling": 1,
				"pull": 1
			},
			"model": "trkits/m1garand"
		},
		{
			"predicate": {
				"custom_model_data": 2,
				"charged": 1
			},
			"model": "trkits/m1garand"
		},
		{
			"predicate": {
				"custom_model_data": 2,
				"charged": 1,
				"firework": 1
			},
			"model": "trkits/m1garand"
		},
		{
			"predicate": {
				"custom_model_data": 3
			},
			"model": "wargames/rpg"
		},
		{
			"predicate": {
				"custom_model_data": 3,
				"pulling": 1
			},
			"model": "wargames/rpg"
		},
		{
			"predicate": {
				"custom_model_data": 3,
				"pulling": 1,
				"pull": 0.58
			},
			"model": "wargames/rpg"
		},
		{
			"predicate": {
				"custom_model_data": 3,
				"pulling": 1,
				"pull": 1
			},
			"model": "wargames/rpg"
		},
		{
			"predicate": {
				"custom_model_data": 3,
				"charged": 1
			},
			"model": "wargames/rpg_firework"
		},
		{
			"predicate": {
				"custom_model_data": 3,
				"charged": 1,
				"firework": 1
			},
			"model": "wargames/rpg_firework"
		},
		{
			"predicate": {
				"custom_model_data": 4
			},
			"model": "trkits/flintlock"
		},
		{
			"predicate": {
				"custom_model_data": 4,
				"pulling": 1
			},
			"model": "trkits/flintlock_pulling_0"
		},
		{
			"predicate": {
				"custom_model_data": 4,
				"pulling": 1,
				"pull": 0.58
			},
			"model": "trkits/flintlock_pulling_1"
		},
		{
			"predicate": {
				"custom_model_data": 4,
				"pulling": 1,
				"pull": 1
			},
			"model": "trkits/flintlock_pulling_2"
		},
		{
			"predicate": {
				"custom_model_data": 4,
				"charged": 1
			},
			"model": "trkits/flintlock_pulling_2"
		},
		{
			"predicate": {
				"custom_model_data": 4,
				"charged": 1,
				"firework": 1
			},
			"model": "trkits/flintlock_pulling_2"
		},
		{
			"predicate": {
				"custom_model_data": 101
			},
			"model": "survival/end_crossbow_standby"
		},
		{
			"predicate": {
				"custom_model_data": 101,
				"pulling": 1
			},
			"model": "survival/end_crossbow_pulling_0"
		},
		{
			"predicate": {
				"custom_model_data": 101,
				"pulling": 1,
				"pull": 0.58
			},
			"model": "survival/end_crossbow_pulling_1"
		},
		{
			"predicate": {
				"custom_model_data": 101,
				"pulling": 1,
				"pull": 1
			},
			"model": "survival/end_crossbow_pulling_2"
		},
		{
			"predicate": {
				"custom_model_data": 101,
				"charged": 1
			},
			"model": "survival/end_crossbow_arrow"
		},
		{
			"predicate": {
				"custom_model_data": 101,
				"charged": 1,
				"firework": 1
			},
			"model": "survival/end_crossbow_firework"
		}
	],
	"display": {
		"thirdperson_righthand": {
			"rotation": [-90, 0, -60],
			"translation": [2, 0.1, -3],
			"scale": [0.75, 0.75, 0.75]
		},
		"thirdperson_lefthand": {
			"rotation": [-90, 0, -60],
			"translation": [2, 0.1, -3],
			"scale": [0.75, 0.75, 0.75]
		},
		"firstperson_righthand": {
			"rotation": [-90, 0, -55],
			"translation": [1.13, 3.2, 1.13]
		},
		"firstperson_lefthand": {
			"rotation": [-90, 0, 35],
			"translation": [1.13, 3.2, 1.13]
		},
		"ground": {
			"scale": [0.5, 0.5, 0.5]
		}
	}
}