{
  "parent": "item/handheld",
  "textures": {
    "layer0": "item/diamond_pickaxe"
  },

  "overrides": [
    {
      "predicate": { "custom_model_data": 1 },
      "model": "survival/diamond_magnet_pickaxe"
    },
    {
      "predicate": { "custom_model_data": 2 },
      "model": "survival/diamond_magma_pickaxe"
    },
    {
      "predicate": { "custom_model_data": 3 },
      "model": "survival/diamond_soul_pickaxe"
    },
    {
      "predicate": { "custom_model_data": 47},
      "model": "survival/christmas_pickaxe"
    }
  ]
}