{
  "parent": "item/handheld",
  "textures": {
    "layer0": "item/diamond_sword"
  },

  "overrides": [
    {
      "predicate": { "custom_model_data": 4 },
      "model": "survival/diamond_lifesteal"
    },
    {
      "predicate": { "custom_model_data": 5 },
      "model": "survival/diamond_wither_sword"
    },
    {
      "predicate": { "custom_model_data": 6 },
      "model": "survival/diamond_critical_sword"
    },
    {
      "predicate": { "custom_model_data": 7 },
      "model": "survival/diamond_soul_sword"
    },
    {
      "predicate": { "custom_model_data": 47},
      "model": "survival/christmas_sword"
    },
    {
      "predicate": { "custom_model_data": 100 },
      "model": "survival/diamond_katana"
    }
  ]
}