{
  "parent": "item/generated",
  "textures": {
    "layer0": "item/golden_hoe"
  },

  "overrides": [
    {
      "predicate": { "custom_model_data": 0 },
      "model": "tools/golden_hoe"
    },
    {
      "predicate": { "custom_model_data": 1 },
      "model": "hats/hatgui/dirt_hat"
    },
    {
      "predicate": { "custom_model_data": 2 },
      "model": "hats/hatgui/wool_hat"
    },
    {
      "predicate": { "custom_model_data": 3 },
      "model": "hats/hatgui/tophat"
    },
    {
      "predicate": { "custom_model_data": 4 },
      "model": "hats/hatgui/stained_glass"
    },
    {
      "predicate": { "custom_model_data": 5 },
      "model": "hats/hatgui/diamond_hat"
    },
    {
      "predicate": { "custom_model_data": 6 },
      "model": "hats/hatgui/cake_hat"
    },
    {
      "predicate": { "custom_model_data": 7 },
      "model": "hats/hatgui/fedora"
    },
    {
      "predicate": { "custom_model_data": 8 },
      "model": "hats/hatgui/jeb"
    },
    {
      "predicate": { "custom_model_data": 9 },
      "model": "hats/hatgui/sunglasses"
    },
    {
      "predicate": { "custom_model_data": 10 },
      "model": "hats/hatgui/sombrero"
    },
    {
      "predicate": { "custom_model_data": 11 },
      "model": "hats/hatgui/horned_helmet"
    },
    {
      "predicate": { "custom_model_data": 12 },
      "model": "hats/hatgui/crown"
    },
    {
      "predicate": { "custom_model_data": 13 },
      "model": "hats/hatgui/spartan"
    },
    {
      "predicate": { "custom_model_data": 14 },
      "model": "hats/hatgui/world"
    },
    {
      "predicate": { "custom_model_data": 15 },
      "model": "hats/hatgui/halo"
    },
    {
      "predicate": { "custom_model_data": 16 },
      "model": "hats/hatgui/horns"
    },
    {
      "predicate": { "custom_model_data": 17 },
      "model": "hats/hatgui/catears"
    },
    {
      "predicate": { "custom_model_data": 18 },
      "model": "hats/hatgui/witch"
    },
    {
      "predicate": { "custom_model_data": 19 },
      "model": "hats/hatgui/santa"
    },
    {
      "predicate": { "custom_model_data": 20 },
      "model": "hats/hatgui/christmastree"
    },
    {
      "predicate": { "custom_model_data": 21 },
      "model": "hats/hatgui/goldfedora"
    },
    {
      "predicate": { "custom_model_data": 22 },
      "model": "hats/hatgui/newyears"
    },
    {
      "predicate": { "custom_model_data": 23 },
      "model": "hats/hatgui/baot"
    },
    {
      "predicate": { "custom_model_data": 24 },
      "model": "hats/hatgui/jah"
    },
    {
      "predicate": { "custom_model_data": 25 },
      "model": "hats/hatgui/fez"
    },
    {
      "predicate": { "custom_model_data": 26 },
      "model": "hats/hatgui/slimemagma"
    },
    {
      "predicate": { "custom_model_data": 27 },
      "model": "hats/hatgui/slimenormal"
    },
    {
      "predicate": { "custom_model_data": 28 },
      "model": "hats/hatgui/jebfedora"
    },
    {
      "predicate": { "custom_model_data": 29 },
      "model": "hats/hatgui/cowboy"
    },
    {
      "predicate": { "custom_model_data": 30 },
      "model": "hats/hatgui/straw_hat"
    },
    {
      "predicate": { "custom_model_data": 31 },
      "model": "hats/hatgui/fez"
    },
    {
      "predicate": { "custom_model_data": 32 },
      "model": "hats/hatgui/goz"
    },
    {
      "predicate": { "custom_model_data": 33 },
      "model": "hats/hatgui/fries"
    },
    {
      "predicate": { "custom_model_data": 34 },
      "model": "hats/hatgui/3dglasses"
    },
    {
      "predicate": { "custom_model_data": 35 },
      "model": "hats/hatgui/anyhat"
    },
    {
      "predicate": { "custom_model_data": 36 },
      "model": "hats/hatgui/lumberjack"
    },
    {
      "predicate": { "custom_model_data": 37 },
      "model": "hats/hatgui/gasmask"
    },
    {
      "predicate": { "custom_model_data": 38 },
      "model": "hats/hatgui/bigboot"
    },
    {
      "predicate": { "custom_model_data": 39 },
      "model": "hats/hatgui/arrow"
    },
    {
      "predicate": { "custom_model_data": 40 },
      "model": "hats/hatgui/soldier"
    },
    {
      "predicate": { "custom_model_data": 41 },
      "model": "hats/hatgui/anyhat"
    },
    {
      "predicate": { "custom_model_data": 420 },
      "model": "hats/hatgui/axolotl/pinkaxolotl"
    },
    {
      "predicate": { "custom_model_data": 421 },
      "model": "hats/hatgui/axolotl/cyanaxolotl"
    },
    {
      "predicate": { "custom_model_data": 422 },
      "model": "hats/hatgui/axolotl/goldaxolotl"
    },
    {
      "predicate": { "custom_model_data": 423 },
      "model": "hats/hatgui/axolotl/blueaxolotl"
    },
    {
      "predicate": { "custom_model_data": 424 },
      "model": "hats/hatgui/axolotl/wildaxolotl"
    },
    {
      "predicate": { "custom_model_data": 425 },
      "model": "hats/hatgui/axolotl/jahxolotl"
    },
    {
      "predicate": { "custom_model_data": 426 },
      "model": "hats/hatgui/anyhat"
    },
    {
      "predicate": { "custom_model_data": 690 },
      "model": "hats/hatgui/woolcolors/black"
    },
    {
      "predicate": { "custom_model_data": 691 },
      "model": "hats/hatgui/woolcolors/blue"
    },
    {
      "predicate": { "custom_model_data": 692 },
      "model": "hats/hatgui/woolcolors/brown"
    },
    {
      "predicate": { "custom_model_data": 693 },
      "model": "hats/hatgui/woolcolors/cyan"
    },
    {
      "predicate": { "custom_model_data": 694 },
      "model": "hats/hatgui/woolcolors/gray"
    },
    {
      "predicate": { "custom_model_data": 695 },
      "model": "hats/hatgui/woolcolors/green"
    },
    {
      "predicate": { "custom_model_data": 696 },
      "model": "hats/hatgui/woolcolors/light_blue"
    },
    {
      "predicate": { "custom_model_data": 697 },
      "model": "hats/hatgui/woolcolors/light_gray"
    },
    {
      "predicate": { "custom_model_data": 698 },
      "model": "hats/hatgui/woolcolors/lime"
    },
    {
      "predicate": { "custom_model_data": 699 },
      "model": "hats/hatgui/woolcolors/megenta"
    },
    {
      "predicate": { "custom_model_data": 700 },
      "model": "hats/hatgui/woolcolors/orange"
    },
    {
      "predicate": { "custom_model_data": 701 },
      "model": "hats/hatgui/woolcolors/pink"
    },
    {
      "predicate": { "custom_model_data": 702 },
      "model": "hats/hatgui/woolcolors/purple"
    },
    {
      "predicate": { "custom_model_data": 703 },
      "model": "hats/hatgui/woolcolors/red"
    },
    {
      "predicate": { "custom_model_data": 704 },
      "model": "hats/hatgui/woolcolors/white"
    },
    {
      "predicate": { "custom_model_data": 705 },
      "model": "hats/hatgui/woolcolors/yellow"
    },
    {
      "predicate": { "custom_model_data": 800 },
      "model": "hats/hatgui/glasscolors/black"
    },
    {
      "predicate": { "custom_model_data": 801 },
      "model": "hats/hatgui/glasscolors/blue"
    },
    {
      "predicate": { "custom_model_data": 802 },
      "model": "hats/hatgui/glasscolors/brown"
    },
    {
      "predicate": { "custom_model_data": 803 },
      "model": "hats/hatgui/glasscolors/cyan"
    },
    {
      "predicate": { "custom_model_data": 804 },
      "model": "hats/hatgui/glasscolors/glass"
    },
    {
      "predicate": { "custom_model_data": 805 },
      "model": "hats/hatgui/glasscolors/gray"
    },
    {
      "predicate": { "custom_model_data": 806 },
      "model": "hats/hatgui/glasscolors/green"
    },
    {
      "predicate": { "custom_model_data": 807 },
      "model": "hats/hatgui/glasscolors/lblue"
    },
    {
      "predicate": { "custom_model_data": 808 },
      "model": "hats/hatgui/glasscolors/lgray"
    },
    {
      "predicate": { "custom_model_data": 809 },
      "model": "hats/hatgui/glasscolors/lime_glass"
    },
    {
      "predicate": { "custom_model_data": 810 },
      "model": "hats/hatgui/glasscolors/magenta"
    },
    {
      "predicate": { "custom_model_data": 811 },
      "model": "hats/hatgui/glasscolors/orange"
    },
    {
      "predicate": { "custom_model_data": 812 },
      "model": "hats/hatgui/glasscolors/pink"
    },
    {
      "predicate": { "custom_model_data": 813 },
      "model": "hats/hatgui/glasscolors/purple"
    },
    {
      "predicate": { "custom_model_data": 814 },
      "model": "hats/hatgui/glasscolors/red"
    },
    {
      "predicate": { "custom_model_data": 815 },
      "model": "hats/hatgui/glasscolors/white"
    },
    {
      "predicate": { "custom_model_data": 816 },
      "model": "hats/hatgui/glasscolors/yellow"
    },
    {
      "predicate": { "custom_model_data": 999 },
      "model": "hats/hatgui/anyhat"
    }
  ]
}