{
  "parent": "item/generated",
  "textures": {
    "layer0": "item/iron_hoe"
  },

  "overrides": [
    {
      "predicate": { "custom_model_data": 1 },
      "model": "hats/dirt_hat"
    },
    {
      "predicate": { "custom_model_data": 2 },
      "model": "hats/wool_hat"
    },
    {
      "predicate": { "custom_model_data": 3 },
      "model": "hats/tophat"
    },
    {
      "predicate": { "custom_model_data": 4 },
      "model": "hats/stained_glass"
    },
    {
      "predicate": { "custom_model_data": 5 },
      "model": "hats/diamond_hat"
    },
    {
      "predicate": { "custom_model_data": 6 },
      "model": "hats/cake_hat"
    },
    {
      "predicate": { "custom_model_data": 7 },
      "model": "hats/fedora"
    },
    {
      "predicate": { "custom_model_data": 8 },
      "model": "hats/jeb"
    },
    {
      "predicate": { "custom_model_data": 9 },
      "model": "hats/sunglasses"
    },
    {
      "predicate": { "custom_model_data": 10 },
      "model": "hats/sombrero"
    },
    {
      "predicate": { "custom_model_data": 11 },
      "model": "hats/horned_helmet"
    },
    {
      "predicate": { "custom_model_data": 12 },
      "model": "hats/crown"
    },
    {
      "predicate": { "custom_model_data": 13 },
      "model": "hats/spartan"
    },
    {
      "predicate": { "custom_model_data": 14 },
      "model": "hats/world"
    },
    {
      "predicate": { "custom_model_data": 15 },
      "model": "hats/halo"
    },
    {
      "predicate": { "custom_model_data": 16 },
      "model": "hats/horns"
    },
    {
      "predicate": { "custom_model_data": 17 },
      "model": "hats/catears"
    },
    {
      "predicate": { "custom_model_data": 18 },
      "model": "hats/witch"
    },
    {
      "predicate": { "custom_model_data": 19 },
      "model": "hats/santa"
    },
    {
      "predicate": { "custom_model_data": 20 },
      "model": "hats/christmastree"
    },
    {
      "predicate": { "custom_model_data": 21 },
      "model": "hats/goldfedora"
    },
    {
      "predicate": { "custom_model_data": 22 },
      "model": "hats/newyears"
    },
    {
      "predicate": { "custom_model_data": 23 },
      "model": "hats/baot"
    },
    {
      "predicate": { "custom_model_data": 24 },
      "model": "hats/jah"
    },
    {
      "predicate": { "custom_model_data": 25 },
      "model": "hats/fez"
    },
    {
      "predicate": { "custom_model_data": 26 },
      "model": "hats/slimemagma"
    },
    {
      "predicate": { "custom_model_data": 27 },
      "model": "hats/slimenormal"
    },
    {
      "predicate": { "custom_model_data": 28 },
      "model": "hats/jebfedora"
    },
    {
      "predicate": { "custom_model_data": 29 },
      "model": "hats/cowboy"
    },
    {
      "predicate": { "custom_model_data": 30 },
      "model": "hats/strawhat"
    },
    {
      "predicate": { "custom_model_data": 31 },
      "model": "hats/jeb_fez"
    },
    {
      "predicate": { "custom_model_data": 32 },
      "model": "hats/gold_fez"
    },
    {
      "predicate": { "custom_model_data": 690 },
      "model": "hats/wool/black"
    },
    {
      "predicate": { "custom_model_data": 691 },
      "model": "hats/wool/blue"
    },
    {
      "predicate": { "custom_model_data": 692 },
      "model": "hats/wool/brown"
    },
    {
      "predicate": { "custom_model_data": 693 },
      "model": "hats/wool/cyan"
    },
    {
      "predicate": { "custom_model_data": 694 },
      "model": "hats/wool/gray"
    },
    {
      "predicate": { "custom_model_data": 695 },
      "model": "hats/wool/green"
    },
    {
      "predicate": { "custom_model_data": 696 },
      "model": "hats/wool/light_blue"
    },
    {
      "predicate": { "custom_model_data": 697 },
      "model": "hats/wool/light_gray"
    },
    {
      "predicate": { "custom_model_data": 698 },
      "model": "hats/wool/lime"
    },
    {
      "predicate": { "custom_model_data": 699 },
      "model": "hats/wool/megenta"
    },
    {
      "predicate": { "custom_model_data": 700 },
      "model": "hats/wool/orange"
    },
    {
      "predicate": { "custom_model_data": 701 },
      "model": "hats/wool/pink"
    },
    {
      "predicate": { "custom_model_data": 702 },
      "model": "hats/wool/purple"
    },
    {
      "predicate": { "custom_model_data": 703 },
      "model": "hats/wool/red"
    },
    {
      "predicate": { "custom_model_data": 704 },
      "model": "hats/wool/white"
    },
    {
      "predicate": { "custom_model_data": 705 },
      "model": "hats/wool/yellow"
    },
    {
      "predicate": { "custom_model_data": 800 },
      "model": "hats/glass/black"
    },
    {
      "predicate": { "custom_model_data": 801 },
      "model": "hats/glass/blue"
    },
    {
      "predicate": { "custom_model_data": 802 },
      "model": "hats/glass/brown"
    },
    {
      "predicate": { "custom_model_data": 803 },
      "model": "hats/glass/cyan"
    },
    {
      "predicate": { "custom_model_data": 804 },
      "model": "hats/glass/glass"
    },
    {
      "predicate": { "custom_model_data": 805 },
      "model": "hats/glass/gray"
    },
    {
      "predicate": { "custom_model_data": 806 },
      "model": "hats/glass/green"
    },
    {
      "predicate": { "custom_model_data": 807 },
      "model": "hats/glass/lblue"
    },
    {
      "predicate": { "custom_model_data": 808 },
      "model": "hats/glass/lgray"
    },
    {
      "predicate": { "custom_model_data": 809 },
      "model": "hats/glass/lime_glass"
    },
    {
      "predicate": { "custom_model_data": 810 },
      "model": "hats/glass/magenta"
    },
    {
      "predicate": { "custom_model_data": 811 },
      "model": "hats/glass/orange"
    },
    {
      "predicate": { "custom_model_data": 812 },
      "model": "hats/glass/pink"
    },
    {
      "predicate": { "custom_model_data": 813 },
      "model": "hats/glass/purple"
    },
    {
      "predicate": { "custom_model_data": 814 },
      "model": "hats/glass/red"
    },
    {
      "predicate": { "custom_model_data": 815 },
      "model": "hats/glass/white"
    },
    {
      "predicate": { "custom_model_data": 816 },
      "model": "hats/glass/yellow"
    }
  ]
}