{
  "parent": "item/generated",
  "textures": {
        "layer0": "item/leather_leggings",
        "layer1": "item/leather_leggings_overlay"
  },
  "overrides": [
    {
      "predicate": { "custom_model_data": 1 },
      "model": "survival/creeper_chestplate"
    },
    {
      "predicate": { "custom_model_data": 2 },
      "model": "survival/heavy_chestplate"
    },
    {
      "predicate": { "custom_model_data": 3 },
      "model": "survival/frost_chestplate"
    },
    {
      "predicate": { "custom_model_data": 4 },
      "model": "survival/health_chestplate"
    },
    {
      "predicate": { "custom_model_data": 5 },
      "model": "survival/strength_chestplate"
    },
    {
      "predicate": { "custom_model_data": 6 },
      "model": "survival/elemental_chestplate"
    },
    {
      "predicate": { "custom_model_data": 7 },
      "model": "survival/soul_chestplate"
    }
  ]
}