{
  "overrides": [
    {
      "predicate": { "custom_model_data": 0 },
      "model": "tools/netherite_sword"
    },
    {
      "predicate": { "custom_model_data": 1 },
      "model": "weapons/leansaber"
    },
    {
      "predicate": { "custom_model_data": 2 },
      "model": "weapons/zamnsaber"
    },
    {
      "predicate": { "custom_model_data": 3 },
      "model": "weapons/hollowsaber"
    },
    {
      "predicate": { "custom_model_data": 4 },
      "model": "survival/netherite_lifesteal"
    },
    {
      "predicate": { "custom_model_data": 5 },
      "model": "survival/netherite_wither_sword"
    },
    {
      "predicate": { "custom_model_data": 6 },
      "model": "survival/netherite_critical_sword"
    },
    {
      "predicate": { "custom_model_data": 7 },
      "model": "survival/netherite_soul_sword"
    },
    {
      "predicate": { "custom_model_data": 8 },
      "model": "survival/netherite_reaper_scythe"
    },
    {
      "predicate": { "custom_model_data": 9 },
      "model": "survival/ice_sword"
    },
    {
      "predicate": { "custom_model_data": 10 },
      "model": "survival/netherite_lucky_sword"
    },
    {
      "predicate": { "custom_model_data": 11 },
      "model": "survival/netherite_broadsword"
    },
    {
      "predicate": { "custom_model_data": 12 },
      "model": "survival/netherite_dagger"
    },
    {
      "predicate": { "custom_model_data": 47},
      "model": "survival/christmas_sword"
    },
    {
      "predicate": { "custom_model_data": 100 },
      "model": "survival/netherite_katana"
    }
  ]
}