{
  "parent": "minecraft:item/generated",
  "textures": {
    "layer0": "minecraft:item/paper"
  },
  "overrides": [
    {"predicate": {"custom_model_data":1001}, "model": "block/example"},
    {"predicate": {"custom_model_data":1002}, "model":"block/limestone"},
    {"predicate": {"custom_model_data":1003}, "model":"block/limestone_bricks"},
    {"predicate": {"custom_model_data":1004}, "model":"block/fancy_limestone_bricks"},
    {"predicate": {"custom_model_data":1005}, "model":"block/limestone_cobblestone"},
    {"predicate": {"custom_model_data":1006}, "model":"block/chiseled_limestone"},
    {"predicate": {"custom_model_data":1007}, "model":"block/polished_limestone"},
    {"predicate": {"custom_model_data":1008}, "model":"block/silver_wood"},
    {"predicate": {"custom_model_data":1009}, "model":"block/stripped_silver_wood"},
    {"predicate": {"custom_model_data":1010}, "model":"block/silver_planks"},
    {"predicate": {"custom_model_data":1011}, "model":"block/sideways_silver_wood"},
    {"predicate": {"custom_model_data":1012}, "model":"block/sideways_stripped_silver_wood"},
    {"predicate": {"custom_model_data":1013}, "model":"block/limestone_pillar"},
    {"predicate": {"custom_model_data":1014}, "model":"block/paved_limestone"},
    {"predicate": {"custom_model_data":3333}, "model":"other/trashcan"},
    {"predicate":{"custom_model_data":100000},"model":"item/icons/filler"},
    {"predicate":{"custom_model_data":100087},"model":"item/icons/bulb"},
    {"predicate":{"custom_model_data":100091},"model":"item/icons/star"},
    {"predicate":{"custom_model_data":100092},"model":"item/icons/heart"},
    {"predicate":{"custom_model_data":100093},"model":"item/icons/thumbs_up"},
    {"predicate":{"custom_model_data":100094},"model":"item/icons/thumbs_down"}
  ]
}
