{
  "model": {
    "type": "range_dispatch",
    "property": "custom_model_data",
    "entries": [
      {
        "threshold": 1,
        "model": {
          "type": "model",
          "model": "survival/diamond_fire_axe"
        }
      },
      {
        "threshold": 4,
        "model": {
          "type": "model",
          "model": "survival/diamond_battle_axe"
        }
      },
      {
        "threshold": 5,
        "model": {
          "type": "model",
          "model": "survival/diamond_soul_axe"
        }
      },
      {
        "threshold": 6,
        "model": {
          "type": "model",
          "model": "survival/diamond_magnet_axe"
        }
      },
      {
        "threshold": 47,
        "model": {
          "type": "model",
          "model": "survival/christmas_axe"
        }
      }
    ],
    "fallback": {
      "type": "model",
      "model": "item/diamond_axe"
    }
  }
}
