{
	"credit": "Made with Blockbench",
	"textures": {
		"0": "block/light_gray_stained_glass",
		"1": "block/white_shulker_box",
		"2": "block/gray_shulker_box",
		"particle": "block/light_gray_stained_glass"
	},
	"elements": [
		{
			"from": [3.5, 0, 3.8],
			"to": [4.5, 8.35, 12.15],
			"faces": {
				"north": {"uv": [0, 0, 1, 8.35], "texture": "#1"},
				"east": {"uv": [0, 0, 16, 16], "texture": "#1"},
				"south": {"uv": [0, 0, 1, 8.35], "texture": "#1"},
				"west": {"uv": [0, 0, 16, 16], "texture": "#1"},
				"up": {"uv": [0, 0, 1, 8.2], "texture": "#1"},
				"down": {"uv": [0, 0, 1, 8.2], "texture": "#1"}
			}
		},
		{
			"from": [3, 2.5, 6.5],
			"to": [3.5, 5.85, 9.7],
			"faces": {
				"north": {"uv": [0, 0, 1, 12], "texture": "#2"},
				"east": {"uv": [2, 2, 14, 14], "texture": "#2"},
				"south": {"uv": [0, 0, 1, 12], "texture": "#2"},
				"west": {"uv": [2, 2, 14, 14], "texture": "#2"},
				"up": {"uv": [0, 0, 1, 12], "texture": "#2"},
				"down": {"uv": [0, 0, 1, 12], "texture": "#2"}
			}
		},
		{
			"from": [12.5, 2.5, 6.5],
			"to": [13, 5.85, 9.7],
			"faces": {
				"north": {"uv": [0, 0, 1, 12], "texture": "#2"},
				"east": {"uv": [2, 2, 14, 14], "texture": "#2"},
				"south": {"uv": [0, 0, 1, 12], "texture": "#2"},
				"west": {"uv": [2, 2, 14, 14], "texture": "#2"},
				"up": {"uv": [0, 0, 1, 12], "texture": "#2"},
				"down": {"uv": [0, 0, 1, 12], "texture": "#2"}
			}
		},
		{
			"from": [11.5, 0, 3.8],
			"to": [12.5, 8.35, 12.15],
			"faces": {
				"north": {"uv": [0, 0, 1, 8.35], "texture": "#1"},
				"east": {"uv": [0, 0, 16, 16], "texture": "#1"},
				"south": {"uv": [0, 0, 1, 8.35], "texture": "#1"},
				"west": {"uv": [0, 0, 8.2, 8.35], "texture": "#1"},
				"up": {"uv": [0, 0, 1, 8.2], "texture": "#1"},
				"down": {"uv": [0, 0, 1, 8.2], "texture": "#1"}
			}
		},
		{
			"from": [12, 8.34, 3.8],
			"to": [12.25, 8.725, 12.15],
			"faces": {
				"north": {"uv": [0, 0, 1, 1.35], "texture": "#1"},
				"east": {"uv": [0, 0, 16, 1], "texture": "#1"},
				"south": {"uv": [0, 0, 1, 1.35], "texture": "#1"},
				"west": {"uv": [0, 0, 16, 1], "texture": "#1"},
				"up": {"uv": [0, 0, 1, 8.2], "texture": "#1"},
				"down": {"uv": [0, 0, 1, 8.2], "texture": "#1"}
			}
		},
		{
			"from": [3.75, 8.34, 3.8],
			"to": [4, 8.725, 12.15],
			"faces": {
				"north": {"uv": [0, 0, 1, 1.35], "texture": "#1"},
				"east": {"uv": [0, 0, 16, 1], "texture": "#1"},
				"south": {"uv": [0, 0, 1, 1.35], "texture": "#1"},
				"west": {"uv": [0, 0, 16, 1], "texture": "#1"},
				"up": {"uv": [0, 0, 1, 8.2], "texture": "#1"},
				"down": {"uv": [0, 0, 1, 8.2], "texture": "#1"}
			}
		},
		{
			"from": [4, 0, 12],
			"to": [12, 8, 13],
			"faces": {
				"north": {"uv": [0, 0, 16, 16], "texture": "#1"},
				"east": {"uv": [0, 0, 1, 8], "texture": "#1"},
				"south": {"uv": [0, 0, 16, 16], "texture": "#1"},
				"west": {"uv": [0, 0, 1, 8], "texture": "#1"},
				"up": {"uv": [0, 0, 8, 1], "texture": "#1"},
				"down": {"uv": [0, 0, 8, 1], "texture": "#1"}
			}
		},
		{
			"from": [4.25, 8, 12],
			"to": [11.75, 8.5, 12.5],
			"faces": {
				"north": {"uv": [0, 0, 7.5, 0.5], "texture": "#1"},
				"east": {"uv": [0, 0, 0.5, 0.5], "texture": "#1"},
				"south": {"uv": [0, 0, 7.5, 0.5], "texture": "#1"},
				"west": {"uv": [0, 0, 0.5, 0.5], "texture": "#1"},
				"up": {"uv": [0, 0, 7.5, 0.5], "texture": "#1"},
				"down": {"uv": [0, 0, 7.5, 0.5], "texture": "#1"}
			}
		},
		{
			"from": [4.5, 0, 3],
			"to": [11.5, 1.5, 4],
			"faces": {
				"north": {"uv": [0, 0, 16, 4.5], "texture": "#2"},
				"east": {"uv": [0, 0, 1, 1.5], "texture": "#2"},
				"south": {"uv": [16, 0, 0, 4.5], "texture": "#2"},
				"west": {"uv": [0, 0, 1, 1.5], "texture": "#2"},
				"up": {"uv": [0, 0, 16, 1.5], "texture": "#2"},
				"down": {"uv": [0, 0, 8, 1], "texture": "#2"}
			}
		},
		{
			"from": [4, -1, 4],
			"to": [12, 0.5, 12],
			"faces": {
				"north": {"uv": [0, 5, 16, 9.5], "texture": "#2"},
				"east": {"uv": [0, 0, 1, 1.5], "texture": "#2"},
				"south": {"uv": [16, 0, 0, 4.5], "texture": "#2"},
				"west": {"uv": [0, 0, 1, 1.5], "texture": "#2"},
				"up": {"uv": [0, 0, 16, 1.5], "texture": "#2"},
				"down": {"uv": [0, 0, 8, 1], "texture": "#2"}
			}
		},
		{
			"from": [3.25, 1.5, 2.5],
			"to": [12.75, 7, 3],
			"faces": {
				"north": {"uv": [1, 1, 12, 8.5], "texture": "#0"},
				"east": {"uv": [0, 2, 1, 9.5], "texture": "#1"},
				"south": {"uv": [0, 0, 8, 5.5], "texture": "#1"},
				"west": {"uv": [0, 2, 1, 9.5], "texture": "#1"},
				"up": {"uv": [0, 0, 8, 1], "texture": "#1"},
				"down": {"uv": [0, 0, 8, 1], "texture": "#1"}
			}
		},
		{
			"from": [4, 7, 3],
			"to": [12, 8.5, 4],
			"faces": {
				"north": {"uv": [0, 0, 8, 1.5], "texture": "#1"},
				"east": {"uv": [0, 0, 1, 1.5], "texture": "#1"},
				"south": {"uv": [0, 0, 8, 1.5], "texture": "#1"},
				"west": {"uv": [0, 0, 1, 1.5], "texture": "#1"},
				"up": {"uv": [0, 0, 8, 1], "texture": "#1"},
				"down": {"uv": [0, 0, 8, 1], "texture": "#1"}
			}
		},
		{
			"from": [3.5, 1, 3],
			"to": [4.5, 7, 3.8],
			"faces": {
				"north": {"uv": [0, 0, 1, 6], "texture": "#1"},
				"east": {"uv": [0, 0, 0.8, 6], "texture": "#1"},
				"south": {"uv": [0, 0, 1, 6], "texture": "#1"},
				"west": {"uv": [0, 0, 0.8, 6], "texture": "#1"},
				"up": {"uv": [0, 0, 1, 0.8], "texture": "#1"},
				"down": {"uv": [0, 0, 1, 0.8], "texture": "#1"}
			}
		},
		{
			"from": [11.5, 1, 3],
			"to": [12.5, 7, 3.8],
			"faces": {
				"north": {"uv": [0, 0, 1, 6], "texture": "#1"},
				"east": {"uv": [0, 0, 0.8, 6], "texture": "#1"},
				"south": {"uv": [0, 0, 1, 6], "texture": "#1"},
				"west": {"uv": [0, 0, 0.8, 6], "texture": "#1"},
				"up": {"uv": [0, 0, 1, 0.8], "texture": "#1"},
				"down": {"uv": [0, 0, 1, 0.8], "texture": "#1"}
			}
		},
		{
			"from": [4, 8, 4],
			"to": [12, 9, 12],
			"faces": {
				"north": {"uv": [0, 0, 8, 1], "texture": "#1"},
				"east": {"uv": [0, 0, 8, 1], "texture": "#1"},
				"south": {"uv": [0, 0, 8, 1], "texture": "#1"},
				"west": {"uv": [0, 0, 8, 1], "texture": "#1"},
				"up": {"uv": [0, 0, 16, 16], "texture": "#1"},
				"down": {"uv": [0, 0, 16, 16], "texture": "#1"}
			}
		}
	],
	"display": {
		"thirdperson_righthand": {
			"translation": [0, 1.75, -2.5],
			"scale": [0.75, 0.75, 0.75]
		},
		"thirdperson_lefthand": {
			"translation": [0, 1.75, -2.5],
			"scale": [0.75, 0.75, 0.75]
		},
		"ground": {
			"translation": [0, 8.5, 0]
		},
		"gui": {
			"rotation": [12, -165, 0],
			"translation": [-0.25, 5, 0],
			"scale": [1.25, 1.25, 1.25]
		},
		"head": {
			"translation": [0, 6.75, 0],
			"scale": [1.75, 1.75, 1.75]
		},
		"fixed": {
			"translation": [0, 7, 0],
			"scale": [1.75, 1.75, 1.75]
		}
	}
}