{
	"credit": "Made with Blockbench",
	"parent": "minecraft:item/handheld",
	"textures": {
		"layer0": "survival/diamond_dagger"
	},
	"display": {
		"thirdperson_righthand": {
			"rotation": [0, -90, 45],
			"translation": [0, 5.5, 1.25],
			"scale": [0.7, 0.7, 0.7]
		},
		"thirdperson_lefthand": {
			"rotation": [-45, 90, 0],
			"translation": [0, 5.5, 1.25],
			"scale": [0.7, 0.7, 0.7]
		},
		"firstperson_righthand": {
			"rotation": [0, -90, 25],
			"translation": [-0.12, 5.95, 3.88],
			"scale": [0.6, 0.6, 0.6]
		},
		"firstperson_lefthand": {
			"rotation": [0, 90, -25],
			"translation": [-0.12, 5.95, 3.88],
			"scale": [0.6, 0.6, 0.6]
		},
		"ground": {
			"translation": [2.5, 1.5, 0],
			"scale": [0.6, 0.6, 0.6]
		},
		"gui": {
			"translation": [0.5, 0.5, 0]
		},
		"fixed": {
			"translation": [-2, 2, 0.5],
			"scale": [-1.2, 1.2, 1.2]
		}
	}
}