{
	"credit": "Made with Blockbench",
	"parent": "minecraft:item/handheld",
	"textures": {
		"layer0": "survival/netherite_dagger"
	},
	"display": {
		"thirdperson_righthand": {
			"rotation": [0, -90, 55],
			"translation": [0, 6.75, 0.75],
			"scale": [0.8, 0.8, 0.8]
		},
		"thirdperson_lefthand": {
			"rotation": [0, 90, -55],
			"translation": [0, 6.75, 0.75],
			"scale": [0.8, 0.8, 0.8]
		},
		"firstperson_righthand": {
			"rotation": [0, -90, 25],
			"translation": [1.13, 6.2, 3.38],
			"scale": [0.8, 0.8, 0.8]
		},
		"firstperson_lefthand": {
			"rotation": [0, 90, -25],
			"translation": [1.13, 6.2, 3.38],
			"scale": [0.8, 0.8, 0.8]
		},
		"ground": {
			"translation": [0, 5, 0]
		},
		"gui": {
			"translation": [2, 2, 0],
			"scale": [1.2, 1.2, 1.2]
		},
		"fixed": {
			"translation": [-2, 2, 0.5],
			"scale": [-1.2, 1.2, 1.2]
		}
	}
}