{
	"credit": "Made with Blockbench",
	"parent": "minecraft:item/handheld",
	"textures": {
		"layer0": "survival/netherite_broadsword"
	},
	"display": {
		"thirdperson_righthand": {
			"rotation": [0, -90, 55],
			"translation": [0, 13.75, -0.25],
			"scale": [1.8, 1.8, 1.1]
		},
		"thirdperson_lefthand": {
			"rotation": [0, 90, -55],
			"translation": [0, 13.75, -0.25],
			"scale": [1.8, 1.8, 1.1]
		},
		"firstperson_righthand": {
			"rotation": [0, -90, 25],
			"translation": [1.13, 8.2, 2.63],
			"scale": [1.3, 1.3, 1.1]
		},
		"firstperson_lefthand": {
			"rotation": [0, 90, -25],
			"translation": [1.13, 8.2, 2.63],
			"scale": [1.3, 1.3, 1.1]
		},
		"ground": {
			"translation": [0, 6.75, 0],
			"scale": [1.8, 1.8, 1.2]
		},
		"gui": {
			"translation": [4.2, 4.2, 0],
			"scale": [1.53, 1.53, 1.53]
		},
		"fixed": {
			"translation": [5, 5, 0.5],
			"scale": [1.8, 1.8, 1.2]
		}
	}
}