{
	"credit": "Made with Blockbench",
	"texture_size": [64, 64],
	"textures": {
		"0": "hats/hat/tophats/tophatgrey",
		"particle": "hats/hat/tophats/tophatgrey"
	},
	"elements": [
		{
			"from": [4, 9, 4],
			"to": [12, 14, 12],
			"rotation": {"angle": 0, "axis": "y", "origin": [8, 11.5, 8]},
			"faces": {
				"north": {"uv": [4.5, 2, 6.5, 3.25], "texture": "#0"},
				"east": {"uv": [4.5, 3.25, 6.5, 4.5], "texture": "#0"},
				"south": {"uv": [4.5, 4.5, 6.5, 5.75], "texture": "#0"},
				"west": {"uv": [0, 5, 2, 6.25], "texture": "#0"},
				"up": {"uv": [4.5, 2, 2.5, 0], "texture": "#0"},
				"down": {"uv": [4.5, 2, 2.5, 4], "texture": "#0"}
			}
		},
		{
			"from": [3.95, 9, 3.95],
			"to": [12.05, 10, 12.05],
			"rotation": {"angle": 0, "axis": "y", "origin": [8, 11.5, 8]},
			"faces": {
				"north": {"uv": [2.5, 6.25, 4.5, 6.5], "texture": "#0"},
				"east": {"uv": [4.5, 6.25, 6.5, 6.5], "texture": "#0"},
				"south": {"uv": [0, 6.5, 2, 6.75], "texture": "#0"},
				"west": {"uv": [6.5, 0, 8.5, 0.25], "texture": "#0"},
				"up": {"uv": [4.5, 6, 2.5, 4], "texture": "#0"},
				"down": {"uv": [6.5, 0, 4.5, 2], "texture": "#0"}
			}
		},
		{
			"from": [3, 8, 3],
			"to": [13, 9, 13],
			"rotation": {"angle": 0, "axis": "y", "origin": [5.5, 9.5, 8]},
			"faces": {
				"north": {"uv": [4.5, 5.75, 7, 6], "texture": "#0"},
				"east": {"uv": [2, 6, 4.5, 6.25], "texture": "#0"},
				"south": {"uv": [4.5, 6, 7, 6.25], "texture": "#0"},
				"west": {"uv": [0, 6.25, 2.5, 6.5], "texture": "#0"},
				"up": {"uv": [2.5, 2.5, 0, 0], "texture": "#0"},
				"down": {"uv": [2.5, 2.5, 0, 5], "texture": "#0"}
			}
		}
	],
	"gui_light": "front",
	"display": {
		"thirdperson_righthand": {
			"rotation": [0, 0, -90],
			"translation": [-1.25, -2, -3.25],
			"scale": [0.75, 0.75, 0.75]
		},
		"thirdperson_lefthand": {
			"rotation": [0, 0, -90],
			"translation": [-1.25, -2, -3.25],
			"scale": [0.75, 0.75, 0.75]
		},
		"firstperson_righthand": {
			"rotation": [-5, -65, 13],
			"translation": [0.5, 0, -0.5],
			"scale": [0.75, 0.75, 0.75]
		},
		"firstperson_lefthand": {
			"rotation": [-5, -65, 13],
			"translation": [0.5, 0, -0.5],
			"scale": [0.75, 0.75, 0.75]
		},
		"ground": {
			"scale": [0.75, 0.75, 0.75]
		},
		"gui": {
			"rotation": [15, -27, 0],
			"translation": [0, -3, 0],
			"scale": [1.15, 1.15, 1.15]
		},
		"head": {
			"translation": [0, 2.5, 0],
			"scale": [1.78, 1.78, 1.78]
		},
		"fixed": {
			"rotation": [-90, 0, 0],
			"translation": [0, 0, 0.5],
			"scale": [1.65, 1.65, 1.65]
		}
	},
	"groups": [
		{
			"name": "group",
			"origin": [12.2706, 8.65328, 8],
			"color": 0,
			"children": [0, 1, 2]
		}
	]
}
