{
	"credit": "Made with Blockbench",
	"textures": {
		"1": "block/mycelium_top",
		"black": "block/mycelium_side",
		"particle": "block/mycelium_top"
	},
	"elements": [
		{
			"from": [-1, 14, -1],
			"to": [17, 15.21, 17],
			"faces": {
				"north": {"uv": [0, 0, 16, 1], "texture": "#black", "cullface": "north"},
				"east": {"uv": [0, 0, 16, 1], "texture": "#black", "cullface": "north"},
				"south": {"uv": [0, 0, 16, 1], "texture": "#black", "cullface": "north"},
				"west": {"uv": [0, 0, 16, 1], "texture": "#black", "cullface": "north"},
				"up": {"uv": [0, 0, 16, 16], "texture": "#1", "cullface": "up"},
				"down": {"uv": [0, 0, 16, 16], "texture": "#1", "cullface": "down"}
			}
		},
		{
			"from": [2, 15.2, 2],
			"to": [14, 31, 14],
			"faces": {
				"north": {"uv": [0, 0, 12, 16], "texture": "#black", "cullface": "north"},
				"east": {"uv": [0, 0, 12, 16], "texture": "#black", "cullface": "north"},
				"south": {"uv": [0, 0, 12, 16], "texture": "#black", "cullface": "north"},
				"west": {"uv": [0, 0, 12, 16], "texture": "#black", "cullface": "north"},
				"up": {"uv": [0, 0, 12, 12], "texture": "#1", "cullface": "up"}
			}
		}
	],
	"display": {
		"thirdperson_righthand": {
			"translation": [0, -3, 0],
			"scale": [0.5, 0.5, 0.5]
		},
		"thirdperson_lefthand": {
			"translation": [0, -3, 0],
			"scale": [0.5, 0.5, 0.5]
		},
		"firstperson_righthand": {
			"scale": [0.5, 0.5, 0.5]
		},
		"firstperson_lefthand": {
			"scale": [0.5, 0.5, 0.5]
		},
		"ground": {
			"scale": [0.5, 0.5, 0.5]
		},
		"gui": {
			"rotation": [18, -150, 0],
			"translation": [0, -3.75, 0],
			"scale": [0.5, 0.5, 0.5]
		},
		"fixed": {
			"translation": [0, -4, 0],
			"scale": [0.5, 0.5, 0.5]
		}
	}
}