{
	"credit": "Made with Blockbench",
	"textures": {
		"0": "block/black_concrete_powder",
		"1": "block/white_wool",
		"particle": "block/black_concrete_powder"
	},
	"elements": [
		{
			"name": "top",
			"from": [5, 21, 5],
			"to": [11, 22, 11],
			"rotation": {"angle": 0, "axis": "y", "origin": [13, 29, 13]},
			"faces": {
				"north": {"uv": [0, 0, 2, 1], "texture": "#1"},
				"east": {"uv": [0, 0, 2, 1], "texture": "#1"},
				"south": {"uv": [0, 0, 2, 1], "texture": "#1"},
				"west": {"uv": [0, 0, 2, 1], "texture": "#1"},
				"up": {"uv": [0, 0, 7, 7], "texture": "#1"},
				"down": {"uv": [0, 0, 7, 7], "texture": "#1"}
			}
		},
		{
			"name": "left",
			"from": [11, 14, 5],
			"to": [12, 22, 11],
			"rotation": {"angle": 0, "axis": "y", "origin": [19, 22, 13]},
			"faces": {
				"north": {"uv": [0, 0, 1, 2], "texture": "#1"},
				"east": {"uv": [0, 0, 6, 8], "texture": "#1"},
				"south": {"uv": [0, 0, 1, 4], "texture": "#1"},
				"west": {"uv": [0, 0, 6, 8], "texture": "#1"},
				"up": {"uv": [0, 10, 1, 16], "texture": "#1"},
				"down": {"uv": [0, 0, 1, 6], "texture": "#1"}
			}
		},
		{
			"name": "right",
			"from": [4, 14, 5],
			"to": [5, 22, 11],
			"rotation": {"angle": 0, "axis": "y", "origin": [12, 22, 13]},
			"faces": {
				"north": {"uv": [0, 0, 1, 4], "texture": "#1"},
				"east": {"uv": [1, 0, 7, 8], "texture": "#1"},
				"south": {"uv": [0, 0, 1, 4], "texture": "#1"},
				"west": {"uv": [1, 0, 7, 8], "texture": "#1"},
				"up": {"uv": [4, 10, 5, 16], "texture": "#1"},
				"down": {"uv": [0, 0, 1, 6], "texture": "#1"}
			}
		},
		{
			"name": "back",
			"from": [4, 14, 11],
			"to": [12, 22, 12],
			"rotation": {"angle": 0, "axis": "y", "origin": [12, 22, 19]},
			"faces": {
				"north": {"uv": [10, 10, 14, 14], "texture": "#1"},
				"east": {"uv": [5, 5, 6, 13], "texture": "#1"},
				"south": {"uv": [6, 6, 14, 14], "texture": "#1"},
				"west": {"uv": [5, 5, 6, 13], "texture": "#1"},
				"up": {"uv": [6, 4, 14, 5], "texture": "#1"},
				"down": {"uv": [0, 0, 8, 1], "texture": "#1"}
			}
		},
		{
			"name": "front",
			"from": [4, 14, 4],
			"to": [12, 22, 5],
			"rotation": {"angle": 0, "axis": "y", "origin": [12, 22, 12]},
			"faces": {
				"north": {"uv": [4, 4, 12, 12], "texture": "#1"},
				"east": {"uv": [4, 0, 5, 8], "texture": "#1"},
				"south": {"uv": [4, 4, 12, 12], "texture": "#1"},
				"west": {"uv": [4, 0, 5, 8], "texture": "#1"},
				"up": {"uv": [6, 0, 14, 1], "texture": "#1"},
				"down": {"uv": [6, 0, 14, 1], "texture": "#1"}
			}
		},
		{
			"name": "1tensal",
			"from": [8, 22, 8],
			"to": [10, 24, 10],
			"rotation": {"angle": 0, "axis": "y", "origin": [16, 30, 16]},
			"faces": {
				"north": {"uv": [0, 0, 4, 4], "texture": "#0"},
				"east": {"uv": [0, 0, 4, 4], "texture": "#0"},
				"south": {"uv": [0, 0, 4, 4], "texture": "#0"},
				"west": {"uv": [0, 0, 4, 4], "texture": "#0"},
				"up": {"uv": [0, 0, 4, 4], "texture": "#0"},
				"down": {"uv": [0, 0, 4, 4], "texture": "#0"}
			}
		},
		{
			"name": "2tensal",
			"from": [10, 22, 10],
			"to": [12, 24, 12],
			"rotation": {"angle": 0, "axis": "y", "origin": [18, 30, 18]},
			"faces": {
				"north": {"uv": [0, 0, 4, 4], "texture": "#0"},
				"east": {"uv": [0, 0, 4, 4], "texture": "#0"},
				"south": {"uv": [0, 0, 4, 4], "texture": "#0"},
				"west": {"uv": [0, 0, 4, 4], "texture": "#0"},
				"up": {"uv": [0, 0, 4, 4], "texture": "#0"},
				"down": {"uv": [0, 0, 4, 4], "texture": "#0"}
			}
		},
		{
			"name": "3tensal",
			"from": [12, 18, 12],
			"to": [14, 24, 14],
			"rotation": {"angle": 0, "axis": "y", "origin": [20, 26, 20]},
			"faces": {
				"north": {"uv": [0, 0, 4, 15], "texture": "#0"},
				"east": {"uv": [0, 0, 4, 15], "texture": "#0"},
				"south": {"uv": [0, 0, 4, 15], "texture": "#0"},
				"west": {"uv": [0, 0, 4, 15], "texture": "#0"},
				"up": {"uv": [0, 0, 4, 4], "texture": "#0"},
				"down": {"uv": [0, 0, 4, 4], "texture": "#0"}
			}
		}
	],
	"display": {
		"thirdperson_righthand": {
			"translation": [0, -3, 0],
			"scale": [0.5, 0.5, 0.5]
		},
		"thirdperson_lefthand": {
			"translation": [0, -3, 0],
			"scale": [0.5, 0.5, 0.5]
		},
		"firstperson_righthand": {
			"translation": [0, -3, 0],
			"scale": [0.5, 0.5, 0.5]
		},
		"firstperson_lefthand": {
			"translation": [0, -3, 0],
			"scale": [0.5, 0.5, 0.5]
		},
		"ground": {
			"translation": [0, -8.5, 0]
		},
		"gui": {
			"rotation": [18, -158, 0],
			"translation": [1, -10, 0]
		},
		"fixed": {
			"translation": [0, -10, 1]
		}
	}
}