{"data":27,"parent":"item/generated","textures":{"layer0":"item/leather_horse_armor"},"overrides":[{"predicate":{"custom_model_data":1},"model":"modelengine:mooncrawler/head"},{"predicate":{"custom_model_data":2},"model":"modelengine:mooncrawler/body0"},{"predicate":{"custom_model_data":3},"model":"modelengine:mooncrawler/shard1"},{"predicate":{"custom_model_data":4},"model":"modelengine:mooncrawler/shard2"},{"predicate":{"custom_model_data":5},"model":"modelengine:mooncrawler/shard3"},{"predicate":{"custom_model_data":6},"model":"modelengine:mooncrawler/shard4"},{"predicate":{"custom_model_data":7},"model":"modelengine:mooncrawler/body1"},{"predicate":{"custom_model_data":8},"model":"modelengine:mooncrawler/leg0"},{"predicate":{"custom_model_data":9},"model":"modelengine:mooncrawler/leg1"},{"predicate":{"custom_model_data":10},"model":"modelengine:mooncrawler/shard7"},{"predicate":{"custom_model_data":11},"model":"modelengine:mooncrawler/leg2"},{"predicate":{"custom_model_data":12},"model":"modelengine:mooncrawler/leg3"},{"predicate":{"custom_model_data":13},"model":"modelengine:mooncrawler/leg4"},{"predicate":{"custom_model_data":14},"model":"modelengine:mooncrawler/leg5"},{"predicate":{"custom_model_data":15},"model":"modelengine:mooncrawler/leg6"},{"predicate":{"custom_model_data":16},"model":"modelengine:mooncrawler/shard6"},{"predicate":{"custom_model_data":17},"model":"modelengine:mooncrawler/leg7"},{"predicate":{"custom_model_data":18},"model":"modelengine:axolotl/head"},{"predicate":{"custom_model_data":19},"model":"modelengine:axolotl/gill1"},{"predicate":{"custom_model_data":20},"model":"modelengine:axolotl/gill2"},{"predicate":{"custom_model_data":21},"model":"modelengine:axolotl/gill3"},{"predicate":{"custom_model_data":22},"model":"modelengine:axolotl/body"},{"predicate":{"custom_model_data":23},"model":"modelengine:axolotl/leg2"},{"predicate":{"custom_model_data":24},"model":"modelengine:axolotl/leg3"},{"predicate":{"custom_model_data":25},"model":"modelengine:axolotl/leg1"},{"predicate":{"custom_model_data":26},"model":"modelengine:axolotl/leg4"},{"predicate":{"custom_model_data":27},"model":"modelengine:axolotl/tail"}]}