{"textures":{"0":"modelengine:entity/widesoccer"},"elements":[{"name":"lbarm","from":[10.4,9.8,6.8],"to":[12.8,10.700001,9.2],"rotation":{"angle":0.0,"axis":"x","origin":[8.0,8.0,8.0]},"faces":{"down":{"uv":[12.0,4.0,13.0,5.0],"rotation":0,"texture":"#0","tintindex":0},"east":{"uv":[10.0,6.5,11.0,8.0],"rotation":0,"texture":"#0","tintindex":0},"north":{"uv":[11.0,6.5,12.0,8.0],"rotation":0,"texture":"#0","tintindex":0},"south":{"uv":[13.0,6.5,14.0,8.0],"rotation":0,"texture":"#0","tintindex":0},"up":{"uv":[12.0,4.0,13.0,5.0],"rotation":0,"texture":"#0","tintindex":0},"west":{"uv":[12.0,6.5,13.0,8.0],"rotation":0,"texture":"#0","tintindex":0}}}],"display":{"head":{"translation":[0.0,-6.4,0.0],"rotation":[0.0,0.0,0.0],"scale":[3.8095,3.8095,3.8095]}}}