{
	"credit": "Made with Blockbench",
	"texture_size": [32, 32],
	"textures": {
		"0": "entity/parrot/parrot_yellow_blue",
		"particle": "entity/parrot/parrot_yellow_blue"
	},
	"elements": [
		{
			"name": "head",
			"from": [7, 5.7, 2.2],
			"to": [9, 8.7, 4.2],
			"shade": false,
			"faces": {
				"north": {"uv": [2, 2, 3, 3.5], "texture": "#0"},
				"east": {"uv": [1, 2, 2, 3.5], "texture": "#0"},
				"south": {"uv": [4, 2, 5, 3.5], "texture": "#0"},
				"west": {"uv": [3, 2, 4, 3.5], "texture": "#0"},
				"up": {"uv": [2, 1, 3, 2], "texture": "#0"},
				"down": {"uv": [3, 1, 4, 2], "texture": "#0"}
			}
		},
		{
			"name": "head2",
			"from": [7, 8.7, 0],
			"to": [9, 9.7, 4],
			"shade": false,
			"faces": {
				"north": {"uv": [5, 2, 6, 2.5], "texture": "#0"},
				"east": {"uv": [6, 2, 8, 2.5], "texture": "#0"},
				"south": {"uv": [10, 2, 11, 2.5], "texture": "#0"},
				"west": {"uv": [8, 2, 10, 2.5], "texture": "#0"},
				"up": {"uv": [7, 0, 8, 2], "texture": "#0"},
				"down": {"uv": [8, 0, 9, 2], "texture": "#0"}
			}
		},
		{
			"name": "beak1",
			"from": [7.5, 6.7, 1.2],
			"to": [8.5, 8.7, 2.2],
			"shade": false,
			"faces": {
				"north": {"uv": [6, 4, 6.5, 5], "texture": "#0"},
				"east": {"uv": [5.5, 4, 6, 5], "texture": "#0"},
				"south": {"uv": [7, 4, 7.5, 5], "texture": "#0"},
				"west": {"uv": [6.5, 4, 7, 5], "texture": "#0"},
				"up": {"uv": [6, 3.5, 6.5, 4], "texture": "#0"},
				"down": {"uv": [6.5, 3.5, 7, 4], "texture": "#0"}
			}
		},
		{
			"name": "beak2",
			"from": [7.5, 7, 0.2],
			"to": [8.5, 8.7, 1.2],
			"shade": false,
			"faces": {
				"north": {"uv": [8.5, 4, 9, 5], "texture": "#0"},
				"east": {"uv": [8, 4, 8.5, 5], "texture": "#0"},
				"south": {"uv": [9, 4, 9.5, 5], "texture": "#0"},
				"west": {"uv": [9.5, 4, 10, 5], "texture": "#0"},
				"up": {"uv": [8.5, 3.5, 9, 4], "texture": "#0"},
				"down": {"uv": [9, 3.5, 9.5, 4], "texture": "#0"}
			}
		},
		{
			"name": "body",
			"from": [6.5, -3.5, 5.5],
			"to": [9.5, 2.5, 8.5],
			"shade": false,
			"rotation": {"angle": -45, "axis": "x", "origin": [0, 0, 0]},
			"faces": {
				"north": {"uv": [2.5, 5.5, 4, 8.5], "texture": "#0"},
				"east": {"uv": [1, 5.5, 2.5, 8.5], "texture": "#0"},
				"south": {"uv": [5.5, 5.5, 7, 8.5], "texture": "#0"},
				"west": {"uv": [4, 5.5, 5.5, 8.5], "texture": "#0"},
				"up": {"uv": [2.5, 4, 4, 5.5], "texture": "#0"},
				"down": {"uv": [4, 4, 5.5, 5.5], "texture": "#0"}
			}
		},
		{
			"name": "tail",
			"from": [6.5, 5.7, 6.1],
			"to": [9.5, 6.7, 10.1],
			"shade": false,
			"rotation": {"angle": 22.5, "axis": "x", "origin": [0, 0, 0]},
			"faces": {
				"north": {"uv": [11.5, 0.5, 13, 1], "rotation": 180, "texture": "#0"},
				"east": {"uv": [11, 1, 11.5, 3], "rotation": 90, "texture": "#0"},
				"south": {"uv": [13, 0.5, 14.5, 1], "texture": "#0"},
				"west": {"uv": [14.5, 1, 15, 3], "rotation": 270, "texture": "#0"},
				"up": {"uv": [11.5, 1, 13, 3], "texture": "#0"},
				"down": {"uv": [13, 1, 14.5, 3], "rotation": 180, "texture": "#0"}
			}
		},
		{
			"name": "wing0",
			"from": [7, 4.2, 6.9],
			"to": [8, 7.2, 11.9],
			"shade": false,
			"rotation": {"angle": 22.5, "axis": "y", "origin": [0, 0, 0]},
			"faces": {
				"north": {"uv": [11, 4, 11.5, 5.5], "rotation": 180, "texture": "#0"},
				"east": {"uv": [9.5, 5.5, 11, 8], "rotation": 90, "texture": "#0"},
				"south": {"uv": [11.5, 4, 12, 5.5], "texture": "#0"},
				"west": {"uv": [11.5, 5.5, 13, 8], "rotation": 270, "texture": "#0"},
				"up": {"uv": [13, 5.5, 13.5, 8], "texture": "#0"},
				"down": {"uv": [11, 5.5, 11.5, 8], "rotation": 180, "texture": "#0"}
			}
		},
		{
			"name": "wing1",
			"from": [7, 4.2, 0.9],
			"to": [8, 7.2, 5.9],
			"shade": false,
			"rotation": {"angle": -22.5, "axis": "y", "origin": [0, 0, 0]},
			"faces": {
				"north": {"uv": [11, 4, 11.5, 5.5], "rotation": 180, "texture": "#0"},
				"east": {"uv": [11.5, 5.5, 13, 8], "rotation": 90, "texture": "#0"},
				"south": {"uv": [11.5, 4, 12, 5.5], "texture": "#0"},
				"west": {"uv": [9.5, 5.5, 11, 8], "rotation": 270, "texture": "#0"},
				"up": {"uv": [13, 5.5, 13.5, 8], "texture": "#0"},
				"down": {"uv": [11, 5.5, 11.5, 8], "rotation": 180, "texture": "#0"}
			}
		},
		{
			"name": "feather",
			"from": [8, 8.6, 1.1],
			"to": [8, 13.6, 5.1],
			"shade": false,
			"faces": {
				"north": {"uv": [0, 0, 0.5, 0.5], "texture": "#missing"},
				"east": {"uv": [1, 11, 3, 13.5], "texture": "#0"},
				"south": {"uv": [0, 0, 0.5, 0.5], "texture": "#missing"},
				"west": {"uv": [3, 11, 1, 13.5], "texture": "#0"},
				"up": {"uv": [0, 0, 0.5, 0.5], "texture": "#missing"},
				"down": {"uv": [0, 0, 0.5, 0.5], "texture": "#missing"}
			}
		},
		{
			"name": "leg1",
			"from": [8.5, 0, 5.5],
			"to": [9.5, 0, 6.5],
			"shade": false,
			"faces": {
				"north": {"uv": [7.5, 9.5, 8, 10.5], "texture": "#0"},
				"east": {"uv": [7, 9.5, 7.5, 10.5], "texture": "#0"},
				"south": {"uv": [8.5, 9.5, 9, 10.5], "texture": "#0"},
				"west": {"uv": [8, 9.5, 8.5, 10.5], "texture": "#0"},
				"up": {"uv": [8, 9, 8.5, 9.5], "texture": "#0"},
				"down": {"uv": [8, 9, 8.5, 9.5], "texture": "#0"}
			}
		},
		{
			"name": "leg0",
			"from": [8.5, 0, 6.5],
			"to": [9.5, 2, 6.5],
			"shade": false,
			"faces": {
				"north": {"uv": [8.5, 9.5, 9, 10.5], "texture": "#0"},
				"east": {"uv": [7, 9.5, 7.5, 10.5], "texture": "#0"},
				"south": {"uv": [8.5, 9.5, 9, 10.5], "texture": "#0"},
				"west": {"uv": [8, 9.5, 8.5, 10.5], "texture": "#0"},
				"up": {"uv": [7.5, 9, 8, 9.5], "texture": "#0"},
				"down": {"uv": [8, 9, 8.5, 9.5], "texture": "#0"}
			}
		},
		{
			"name": "leg1",
			"from": [6.5, 0, 5.5],
			"to": [7.5, 0, 6.5],
			"shade": false,
			"faces": {
				"north": {"uv": [7.5, 9.5, 8, 10.5], "texture": "#0"},
				"east": {"uv": [7, 9.5, 7.5, 10.5], "texture": "#0"},
				"south": {"uv": [8.5, 9.5, 9, 10.5], "texture": "#0"},
				"west": {"uv": [8, 9.5, 8.5, 10.5], "texture": "#0"},
				"up": {"uv": [8, 9, 8.5, 9.5], "texture": "#0"},
				"down": {"uv": [8, 9, 8.5, 9.5], "texture": "#0"}
			}
		},
		{
			"name": "leg0",
			"from": [6.5, 0, 6.5],
			"to": [7.5, 2, 6.5],
			"shade": false,
			"faces": {
				"north": {"uv": [8.5, 9.5, 9, 10.5], "texture": "#0"},
				"east": {"uv": [7, 9.5, 7.5, 10.5], "texture": "#0"},
				"south": {"uv": [8.5, 9.5, 9, 10.5], "texture": "#0"},
				"west": {"uv": [8, 9.5, 8.5, 10.5], "texture": "#0"},
				"up": {"uv": [7.5, 9, 8, 9.5], "texture": "#0"},
				"down": {"uv": [8, 9, 8.5, 9.5], "texture": "#0"}
			}
		}
	],
	"display": {
		"thirdperson_righthand": {
			"rotation": [44, 0, 0],
			"translation": [0, -1.5, 3]
		},
		"thirdperson_lefthand": {
			"rotation": [44, 0, 0],
			"translation": [0, -1.5, 3]
		},
		"ground": {
			"translation": [0, 5, 0]
		},
		"gui": {
			"rotation": [20, -145, 0],
			"translation": [-1, 3, 0]
		},
		"head": {
			"translation": [0, 18.5, 2],
			"scale": [1.5, 1.5, 1.5]
		},
		"fixed": {
			"translation": [0, 3, 0]
		}
	},
	"groups": [
		{
			"name": "head",
			"origin": [0, 8.3, -2.8],
			"color": 0,
			"shade": false,
			"children": [0]
		},
		{
			"name": "head2",
			"origin": [0, 26, -1],
			"color": 0,
			"shade": false,
			"children": [1]
		},
		{
			"name": "beak1",
			"origin": [0, 24.5, -1.5],
			"color": 0,
			"shade": false,
			"children": [2]
		},
		{
			"name": "beak2",
			"origin": [0, 25.8, -2.5],
			"color": 0,
			"shade": false,
			"children": [3]
		},
		{
			"name": "body",
			"origin": [0, 7.5, -3],
			"color": 0,
			"shade": false,
			"children": [4]
		},
		{
			"name": "tail",
			"origin": [0, 2.9, 1.2],
			"color": 0,
			"shade": false,
			"children": [5]
		},
		{
			"name": "wing0",
			"origin": [1.5, 7.1, -2.8],
			"color": 0,
			"shade": false,
			"children": [6]
		},
		{
			"name": "wing1",
			"origin": [-1.5, 7.1, -2.8],
			"color": 0,
			"shade": false,
			"children": [7]
		},
		{
			"name": "feather",
			"origin": [0, 26.1, 0.2],
			"color": 0,
			"shade": false,
			"children": [8]
		},
		{
			"name": "leg0",
			"origin": [1, 2, -1],
			"color": 0,
			"shade": false,
			"children": [9, 10]
		},
		{
			"name": "leg1",
			"origin": [-1, 2, -1],
			"color": 0,
			"shade": false,
			"children": [11, 12]
		}
	]
}