{
	"credit": "Made with Blockbench",
	"texture_size": [128, 10],
	"textures": {
		"0": "hats/hat/flowercrown/blue",
		"particle": "hats/hat/flowercrown/blue"
	},
	"elements": [
		{
			"name": "north",
			"from": [0, 0, 0],
			"to": [16, 5, 0],
			"faces": {
				"north": {"uv": [0, 0, 4, 16], "texture": "#0"},
				"south": {"uv": [4, 0, 0, 16], "texture": "#0"}
			}
		},
		{
			"name": "south",
			"from": [0, 0, 16],
			"to": [16, 5, 16],
			"faces": {
				"north": {"uv": [12, 0, 8, 16], "texture": "#0"},
				"south": {"uv": [8, 0, 12, 16], "texture": "#0"}
			}
		},
		{
			"name": "west",
			"from": [16, 0, 0],
			"to": [16, 5, 16],
			"faces": {
				"east": {"uv": [12, 0, 16, 16], "texture": "#0"},
				"west": {"uv": [16, 0, 12, 16], "texture": "#0"}
			}
		},
		{
			"name": "east",
			"from": [0, 0, 0],
			"to": [0, 5, 16],
			"faces": {
				"east": {"uv": [8, 0, 4, 16], "texture": "#0"},
				"west": {"uv": [4, 0, 8, 16], "texture": "#0"}
			}
		}
	],
	"display": {
		"thirdperson_righthand": {
			"translation": [0, 0, -4.25],
			"scale": [0.5, 0.5, 0.5]
		},
		"thirdperson_lefthand": {
			"translation": [0, 0, -4],
			"scale": [0.5, 0.5, 0.5]
		},
		"firstperson_righthand": {
			"translation": [0, 3, 0],
			"scale": [0.5, 0.5, 0.5]
		},
		"firstperson_lefthand": {
			"translation": [0, 3, 0],
			"scale": [0.5, 0.5, 0.5]
		},
		"ground": {
			"scale": [0.5, 0.5, 0.5]
		},
		"gui": {
			"rotation": [26, -45, 0],
			"translation": [0, 3, 0],
			"scale": [0.75, 0.75, 0.75]
		},
		"head": {
			"translation": [0, 9, 0],
			"scale": [0.95, 0.95, 0.95]
		},
		"fixed": {
			"rotation": [-90, 0, 0],
			"translation": [0, 0, -5.75]
		}
	}
}