{
	"credit": "Made with Blockbench, designed by Unit_5387",
	"textures": {
		"0": "block/black_concrete",
		"1": "block/black_concrete_powder",
		"2": "block/red_stained_glass",
		"3": "block/gray_concrete",
		"4": "block/light_gray_concrete",
		"particle": "block/black_concrete"
	},
	"elements": [
		{
			"from": [7, -4, 16],
			"to": [9, 1.5, 18],
			"rotation": {"angle": -22.5, "axis": "x", "origin": [0, 0, 3]},
			"faces": {
				"north": {"uv": [0, 0, 2, 5.5], "texture": "#0"},
				"east": {"uv": [0, 0, 2, 5.5], "texture": "#0"},
				"south": {"uv": [0, 0, 2, 5.5], "texture": "#0"},
				"west": {"uv": [0, 0, 2, 5.5], "texture": "#0"},
				"up": {"uv": [0, 0, 2, 2], "texture": "#0"},
				"down": {"uv": [0, 0, 2, 2], "texture": "#0"}
			}
		},
		{
			"from": [7, 7, -2],
			"to": [9, 8.5, 17],
			"rotation": {"angle": 0, "axis": "y", "origin": [0, 0, 3]},
			"faces": {
				"north": {"uv": [0, 0, 2, 1.5], "texture": "#0"},
				"east": {"uv": [0, 0, 16, 1.5], "texture": "#0"},
				"south": {"uv": [0, 0, 2, 1.5], "texture": "#0"},
				"west": {"uv": [0, 0, 16, 1.5], "texture": "#0"},
				"up": {"uv": [0, 0, 2, 16], "texture": "#0"},
				"down": {"uv": [0, 0, 2, 16], "texture": "#0"}
			}
		},
		{
			"from": [7, 8.5, -2],
			"to": [9, 9.25, 17],
			"rotation": {"angle": 0, "axis": "y", "origin": [0, 0, 3]},
			"faces": {
				"north": {"uv": [0, 0, 2, 0.75], "texture": "#0"},
				"east": {"uv": [0, 0, 16, 0.75], "texture": "#0"},
				"south": {"uv": [0, 0, 2, 0.75], "texture": "#0"},
				"west": {"uv": [0, 0, 16, 0.75], "texture": "#0"},
				"up": {"uv": [0, 0, 2, 16], "texture": "#0"},
				"down": {"uv": [0, 0, 2, 16], "texture": "#0"}
			}
		},
		{
			"from": [7.25, 4.5, 11],
			"to": [8.75, 5, 16],
			"rotation": {"angle": 0, "axis": "y", "origin": [0, 0, 3]},
			"faces": {
				"north": {"uv": [0, 0, 1.5, 0.5], "texture": "#3"},
				"east": {"uv": [0, 0, 5, 0.5], "texture": "#3"},
				"south": {"uv": [0, 0, 1.5, 0.5], "texture": "#3"},
				"west": {"uv": [0, 0, 5, 0.5], "texture": "#3"},
				"up": {"uv": [0, 0, 1.5, 5], "texture": "#3"},
				"down": {"uv": [0, 0, 1.5, 5], "texture": "#3"}
			}
		},
		{
			"from": [7.5, 6, 7.25],
			"to": [8.5, 9, 8.5],
			"rotation": {"angle": 22.5, "axis": "x", "origin": [0, 0, 3]},
			"faces": {
				"north": {"uv": [0, 0, 1, 3], "texture": "#3"},
				"east": {"uv": [0, 0, 1.25, 3], "texture": "#3"},
				"south": {"uv": [0, 0, 1, 3], "texture": "#3"},
				"west": {"uv": [0, 0, 1.25, 3], "texture": "#3"},
				"up": {"uv": [0, 0, 1, 1.25], "texture": "#3"},
				"down": {"uv": [0, 0, 1, 1.25], "texture": "#3"}
			}
		},
		{
			"from": [7.499, 5, 4.5],
			"to": [8.497, 8, 5.5],
			"rotation": {"angle": 45, "axis": "x", "origin": [0, 0, 3]},
			"faces": {
				"north": {"uv": [0, 0, 0.998, 3], "texture": "#3"},
				"east": {"uv": [0, 0, 1, 3], "texture": "#3"},
				"south": {"uv": [0, 0, 0.998, 3], "texture": "#3"},
				"west": {"uv": [0, 0, 1, 3], "texture": "#3"},
				"up": {"uv": [0, 0, 0.998, 1], "texture": "#3"},
				"down": {"uv": [0, 0, 0.998, 1], "texture": "#3"}
			}
		},
		{
			"from": [7.01, 6, 9.75],
			"to": [9.03, 7, 16],
			"rotation": {"angle": 0, "axis": "y", "origin": [0, 0, 3]},
			"faces": {
				"north": {"uv": [0, 0, 2.02, 1], "texture": "#1"},
				"east": {"uv": [0, 5, 6, 7], "texture": "#1"},
				"south": {"uv": [0, 0, 2.02, 1], "texture": "#1"},
				"west": {"uv": [0, 3, 6, 5], "texture": "#1"},
				"up": {"uv": [0, 0, 2.02, 6.25], "texture": "#1"},
				"down": {"uv": [0, 0, 2.02, 6.25], "texture": "#1"}
			}
		},
		{
			"from": [7.01, 5, 10],
			"to": [9.03, 6, 13],
			"rotation": {"angle": 0, "axis": "y", "origin": [0, 0, 3]},
			"faces": {
				"north": {"uv": [0, 0, 2.02, 1], "texture": "#1"},
				"east": {"uv": [0, 0, 3, 2], "texture": "#1"},
				"south": {"uv": [0, 0, 2.02, 1], "texture": "#1"},
				"west": {"uv": [0, 0, 3, 2], "texture": "#1"},
				"up": {"uv": [0, 0, 2.02, 3], "texture": "#1"},
				"down": {"uv": [0, 0, 2.02, 3], "texture": "#1"}
			}
		},
		{
			"from": [7, 6.75, 7.5],
			"to": [9, 7, 7.75],
			"rotation": {"angle": 0, "axis": "y", "origin": [0, 0, -4]},
			"faces": {
				"north": {"uv": [0, 0, 2, 0.25], "texture": "#1"},
				"east": {"uv": [0, 0, 0.25, 0.25], "texture": "#1"},
				"south": {"uv": [0, 0, 2, 0.25], "texture": "#1"},
				"west": {"uv": [0, 0, 0.25, 0.25], "texture": "#1"},
				"up": {"uv": [0, 0, 2, 0.25], "texture": "#1"},
				"down": {"uv": [0, 0, 2, 0.25], "texture": "#1"}
			}
		},
		{
			"from": [7, 9.25, 7],
			"to": [9, 9.5, 7.25],
			"rotation": {"angle": 0, "axis": "y", "origin": [0, 0, -4]},
			"faces": {
				"north": {"uv": [0, 0, 2, 0.25], "texture": "#1"},
				"east": {"uv": [0, 0, 0.25, 0.25], "texture": "#1"},
				"south": {"uv": [0, 0, 2, 0.25], "texture": "#1"},
				"west": {"uv": [0, 0, 0.25, 0.25], "texture": "#1"},
				"up": {"uv": [0, 0, 2, 0.25], "texture": "#1"},
				"down": {"uv": [0, 0, 2, 0.25], "texture": "#1"}
			}
		},
		{
			"from": [9, 7.5, 7],
			"to": [9.25, 8.5, 7.25],
			"rotation": {"angle": 0, "axis": "y", "origin": [0, 0, -4]},
			"faces": {
				"north": {"uv": [0, 0, 1, 0.25], "rotation": 270, "texture": "#1"},
				"east": {"uv": [0, 0, 1, 0.25], "rotation": 90, "texture": "#1"},
				"south": {"uv": [0, 0, 1, 0.25], "rotation": 90, "texture": "#1"},
				"west": {"uv": [0, 0, 1, 0.25], "rotation": 90, "texture": "#1"},
				"up": {"uv": [0, 0, 0.25, 0.25], "rotation": 90, "texture": "#1"},
				"down": {"uv": [0, 0, 0.25, 0.25], "rotation": 90, "texture": "#1"}
			}
		},
		{
			"from": [9, 7.5, 3.5],
			"to": [9.25, 8.5, 3.75],
			"rotation": {"angle": 0, "axis": "y", "origin": [0, 0, -4]},
			"faces": {
				"north": {"uv": [0, 0, 1, 0.25], "rotation": 270, "texture": "#1"},
				"east": {"uv": [0, 0, 1, 0.25], "rotation": 90, "texture": "#1"},
				"south": {"uv": [0, 0, 1, 0.25], "rotation": 90, "texture": "#1"},
				"west": {"uv": [0, 0, 1, 0.25], "rotation": 90, "texture": "#1"},
				"up": {"uv": [0, 0, 0.25, 0.25], "rotation": 90, "texture": "#1"},
				"down": {"uv": [0, 0, 0.25, 0.25], "rotation": 90, "texture": "#1"}
			}
		},
		{
			"from": [6.75, 7.5, 3.5],
			"to": [7, 8.5, 3.75],
			"rotation": {"angle": 0, "axis": "y", "origin": [0, 0, -4]},
			"faces": {
				"north": {"uv": [0, 0, 1, 0.25], "rotation": 270, "texture": "#1"},
				"east": {"uv": [0, 0, 1, 0.25], "rotation": 90, "texture": "#1"},
				"south": {"uv": [0, 0, 1, 0.25], "rotation": 90, "texture": "#1"},
				"west": {"uv": [0, 0, 1, 0.25], "rotation": 90, "texture": "#1"},
				"up": {"uv": [0, 0, 0.25, 0.25], "rotation": 90, "texture": "#1"},
				"down": {"uv": [0, 0, 0.25, 0.25], "rotation": 90, "texture": "#1"}
			}
		},
		{
			"from": [6.75, 7.5, 7],
			"to": [7, 8.5, 7.25],
			"rotation": {"angle": 0, "axis": "y", "origin": [0, 0, -4]},
			"faces": {
				"north": {"uv": [0, 0, 1, 0.25], "rotation": 270, "texture": "#1"},
				"east": {"uv": [0, 0, 1, 0.25], "rotation": 90, "texture": "#1"},
				"south": {"uv": [0, 0, 1, 0.25], "rotation": 90, "texture": "#1"},
				"west": {"uv": [0, 0, 1, 0.25], "rotation": 90, "texture": "#1"},
				"up": {"uv": [0, 0, 0.25, 0.25], "rotation": 90, "texture": "#1"},
				"down": {"uv": [0, 0, 0.25, 0.25], "rotation": 90, "texture": "#1"}
			}
		},
		{
			"from": [9, 7.5, 6],
			"to": [9.25, 8.5, 6.25],
			"rotation": {"angle": 0, "axis": "y", "origin": [0, 0, -4]},
			"faces": {
				"north": {"uv": [0, 0, 1, 0.25], "rotation": 270, "texture": "#1"},
				"east": {"uv": [0, 0, 1, 0.25], "rotation": 90, "texture": "#1"},
				"south": {"uv": [0, 0, 1, 0.25], "rotation": 90, "texture": "#1"},
				"west": {"uv": [0, 0, 1, 0.25], "rotation": 90, "texture": "#1"},
				"up": {"uv": [0, 0, 0.25, 0.25], "rotation": 90, "texture": "#1"},
				"down": {"uv": [0, 0, 0.25, 0.25], "rotation": 90, "texture": "#1"}
			}
		},
		{
			"from": [9, 7.5, 2.5],
			"to": [9.25, 8.5, 2.75],
			"rotation": {"angle": 0, "axis": "y", "origin": [0, 0, -4]},
			"faces": {
				"north": {"uv": [0, 0, 1, 0.25], "rotation": 270, "texture": "#1"},
				"east": {"uv": [0, 0, 1, 0.25], "rotation": 90, "texture": "#1"},
				"south": {"uv": [0, 0, 1, 0.25], "rotation": 90, "texture": "#1"},
				"west": {"uv": [0, 0, 1, 0.25], "rotation": 90, "texture": "#1"},
				"up": {"uv": [0, 0, 0.25, 0.25], "rotation": 90, "texture": "#1"},
				"down": {"uv": [0, 0, 0.25, 0.25], "rotation": 90, "texture": "#1"}
			}
		},
		{
			"from": [6.75, 7.5, 2.5],
			"to": [7, 8.5, 2.75],
			"rotation": {"angle": 0, "axis": "y", "origin": [0, 0, -4]},
			"faces": {
				"north": {"uv": [0, 0, 1, 0.25], "rotation": 270, "texture": "#1"},
				"east": {"uv": [0, 0, 1, 0.25], "rotation": 90, "texture": "#1"},
				"south": {"uv": [0, 0, 1, 0.25], "rotation": 90, "texture": "#1"},
				"west": {"uv": [0, 0, 1, 0.25], "rotation": 90, "texture": "#1"},
				"up": {"uv": [0, 0, 0.25, 0.25], "rotation": 90, "texture": "#1"},
				"down": {"uv": [0, 0, 0.25, 0.25], "rotation": 90, "texture": "#1"}
			}
		},
		{
			"from": [6.75, 7.5, 6],
			"to": [7, 8.5, 6.25],
			"rotation": {"angle": 0, "axis": "y", "origin": [0, 0, -4]},
			"faces": {
				"north": {"uv": [0, 0, 1, 0.25], "rotation": 270, "texture": "#1"},
				"east": {"uv": [0, 0, 1, 0.25], "rotation": 90, "texture": "#1"},
				"south": {"uv": [0, 0, 1, 0.25], "rotation": 90, "texture": "#1"},
				"west": {"uv": [0, 0, 1, 0.25], "rotation": 90, "texture": "#1"},
				"up": {"uv": [0, 0, 0.25, 0.25], "rotation": 90, "texture": "#1"},
				"down": {"uv": [0, 0, 0.25, 0.25], "rotation": 90, "texture": "#1"}
			}
		},
		{
			"from": [9, 7.5, 5],
			"to": [9.25, 8.5, 5.25],
			"rotation": {"angle": 0, "axis": "y", "origin": [0, 0, -4]},
			"faces": {
				"north": {"uv": [0, 0, 1, 0.25], "rotation": 270, "texture": "#1"},
				"east": {"uv": [0, 0, 1, 0.25], "rotation": 90, "texture": "#1"},
				"south": {"uv": [0, 0, 1, 0.25], "rotation": 90, "texture": "#1"},
				"west": {"uv": [0, 0, 1, 0.25], "rotation": 90, "texture": "#1"},
				"up": {"uv": [0, 0, 0.25, 0.25], "rotation": 90, "texture": "#1"},
				"down": {"uv": [0, 0, 0.25, 0.25], "rotation": 90, "texture": "#1"}
			}
		},
		{
			"from": [9, 7.5, 1.5],
			"to": [9.25, 8.5, 1.75],
			"rotation": {"angle": 0, "axis": "y", "origin": [0, 0, -4]},
			"faces": {
				"north": {"uv": [0, 0, 1, 0.25], "rotation": 270, "texture": "#1"},
				"east": {"uv": [0, 0, 1, 0.25], "rotation": 90, "texture": "#1"},
				"south": {"uv": [0, 0, 1, 0.25], "rotation": 90, "texture": "#1"},
				"west": {"uv": [0, 0, 1, 0.25], "rotation": 90, "texture": "#1"},
				"up": {"uv": [0, 0, 0.25, 0.25], "rotation": 90, "texture": "#1"},
				"down": {"uv": [0, 0, 0.25, 0.25], "rotation": 90, "texture": "#1"}
			}
		},
		{
			"from": [6.75, 7.5, 1.5],
			"to": [7, 8.5, 1.75],
			"rotation": {"angle": 0, "axis": "y", "origin": [0, 0, -4]},
			"faces": {
				"north": {"uv": [0, 0, 1, 0.25], "rotation": 270, "texture": "#1"},
				"east": {"uv": [0, 0, 1, 0.25], "rotation": 90, "texture": "#1"},
				"south": {"uv": [0, 0, 1, 0.25], "rotation": 90, "texture": "#1"},
				"west": {"uv": [0, 0, 1, 0.25], "rotation": 90, "texture": "#1"},
				"up": {"uv": [0, 0, 0.25, 0.25], "rotation": 90, "texture": "#1"},
				"down": {"uv": [0, 0, 0.25, 0.25], "rotation": 90, "texture": "#1"}
			}
		},
		{
			"from": [6.75, 8.75, -0.5],
			"to": [7, 9, 0.5],
			"rotation": {"angle": 0, "axis": "y", "origin": [0, 0, -4]},
			"faces": {
				"north": {"uv": [0, 0, 0.25, 0.25], "rotation": 270, "texture": "#1"},
				"east": {"uv": [0, 0, 1, 0.25], "texture": "#1"},
				"south": {"uv": [0, 0, 0.25, 0.25], "rotation": 90, "texture": "#1"},
				"west": {"uv": [0, 0, 1, 0.25], "rotation": 180, "texture": "#1"},
				"up": {"uv": [0, 0, 1, 0.25], "rotation": 90, "texture": "#1"},
				"down": {"uv": [0, 0, 1, 0.25], "rotation": 90, "texture": "#1"}
			}
		},
		{
			"from": [9, 8.75, -0.5],
			"to": [9.25, 9, 0.5],
			"rotation": {"angle": 0, "axis": "y", "origin": [0, 0, -4]},
			"faces": {
				"north": {"uv": [0, 0, 0.25, 0.25], "rotation": 270, "texture": "#1"},
				"east": {"uv": [0, 0, 1, 0.25], "texture": "#1"},
				"south": {"uv": [0, 0, 0.25, 0.25], "rotation": 90, "texture": "#1"},
				"west": {"uv": [0, 0, 1, 0.25], "rotation": 180, "texture": "#1"},
				"up": {"uv": [0, 0, 1, 0.25], "rotation": 90, "texture": "#1"},
				"down": {"uv": [0, 0, 1, 0.25], "rotation": 90, "texture": "#1"}
			}
		},
		{
			"from": [6.75, 8.75, 1.5],
			"to": [7, 9, 2.5],
			"rotation": {"angle": 0, "axis": "y", "origin": [0, 0, -4]},
			"faces": {
				"north": {"uv": [0, 0, 0.25, 0.25], "rotation": 270, "texture": "#1"},
				"east": {"uv": [0, 0, 1, 0.25], "texture": "#1"},
				"south": {"uv": [0, 0, 0.25, 0.25], "rotation": 90, "texture": "#1"},
				"west": {"uv": [0, 0, 1, 0.25], "rotation": 180, "texture": "#1"},
				"up": {"uv": [0, 0, 1, 0.25], "rotation": 90, "texture": "#1"},
				"down": {"uv": [0, 0, 1, 0.25], "rotation": 90, "texture": "#1"}
			}
		},
		{
			"from": [9, 8.75, 1.5],
			"to": [9.25, 9, 2.5],
			"rotation": {"angle": 0, "axis": "y", "origin": [0, 0, -4]},
			"faces": {
				"north": {"uv": [0, 0, 0.25, 0.25], "rotation": 270, "texture": "#1"},
				"east": {"uv": [0, 0, 1, 0.25], "texture": "#1"},
				"south": {"uv": [0, 0, 0.25, 0.25], "rotation": 90, "texture": "#1"},
				"west": {"uv": [0, 0, 1, 0.25], "rotation": 180, "texture": "#1"},
				"up": {"uv": [0, 0, 1, 0.25], "rotation": 90, "texture": "#1"},
				"down": {"uv": [0, 0, 1, 0.25], "rotation": 90, "texture": "#1"}
			}
		},
		{
			"from": [6.75, 8.75, 3.5],
			"to": [7, 9, 4.5],
			"rotation": {"angle": 0, "axis": "y", "origin": [0, 0, -4]},
			"faces": {
				"north": {"uv": [0, 0, 0.25, 0.25], "rotation": 270, "texture": "#1"},
				"east": {"uv": [0, 0, 1, 0.25], "texture": "#1"},
				"south": {"uv": [0, 0, 0.25, 0.25], "rotation": 90, "texture": "#1"},
				"west": {"uv": [0, 0, 1, 0.25], "rotation": 180, "texture": "#1"},
				"up": {"uv": [0, 0, 1, 0.25], "rotation": 90, "texture": "#1"},
				"down": {"uv": [0, 0, 1, 0.25], "rotation": 90, "texture": "#1"}
			}
		},
		{
			"from": [9, 8.75, 3.5],
			"to": [9.25, 9, 4.5],
			"rotation": {"angle": 0, "axis": "y", "origin": [0, 0, -4]},
			"faces": {
				"north": {"uv": [0, 0, 0.25, 0.25], "rotation": 270, "texture": "#1"},
				"east": {"uv": [0, 0, 1, 0.25], "texture": "#1"},
				"south": {"uv": [0, 0, 0.25, 0.25], "rotation": 90, "texture": "#1"},
				"west": {"uv": [0, 0, 1, 0.25], "rotation": 180, "texture": "#1"},
				"up": {"uv": [0, 0, 1, 0.25], "rotation": 90, "texture": "#1"},
				"down": {"uv": [0, 0, 1, 0.25], "rotation": 90, "texture": "#1"}
			}
		},
		{
			"from": [6.75, 8.75, 5.5],
			"to": [7, 9, 6.5],
			"rotation": {"angle": 0, "axis": "y", "origin": [0, 0, -4]},
			"faces": {
				"north": {"uv": [0, 0, 0.25, 0.25], "rotation": 270, "texture": "#1"},
				"east": {"uv": [0, 0, 1, 0.25], "texture": "#1"},
				"south": {"uv": [0, 0, 0.25, 0.25], "rotation": 90, "texture": "#1"},
				"west": {"uv": [0, 0, 1, 0.25], "rotation": 180, "texture": "#1"},
				"up": {"uv": [0, 0, 1, 0.25], "rotation": 90, "texture": "#1"},
				"down": {"uv": [0, 0, 1, 0.25], "rotation": 90, "texture": "#1"}
			}
		},
		{
			"from": [9, 8.75, 5.5],
			"to": [9.25, 9, 6.5],
			"rotation": {"angle": 0, "axis": "y", "origin": [0, 0, -4]},
			"faces": {
				"north": {"uv": [0, 0, 0.25, 0.25], "rotation": 270, "texture": "#1"},
				"east": {"uv": [0, 0, 1, 0.25], "texture": "#1"},
				"south": {"uv": [0, 0, 0.25, 0.25], "rotation": 90, "texture": "#1"},
				"west": {"uv": [0, 0, 1, 0.25], "rotation": 180, "texture": "#1"},
				"up": {"uv": [0, 0, 1, 0.25], "rotation": 90, "texture": "#1"},
				"down": {"uv": [0, 0, 1, 0.25], "rotation": 90, "texture": "#1"}
			}
		},
		{
			"from": [6.75, 7, 5.5],
			"to": [7, 7.25, 6.5],
			"rotation": {"angle": 0, "axis": "y", "origin": [0, 0, -4]},
			"faces": {
				"north": {"uv": [0, 0, 0.25, 0.25], "rotation": 270, "texture": "#1"},
				"east": {"uv": [0, 0, 1, 0.25], "texture": "#1"},
				"south": {"uv": [0, 0, 0.25, 0.25], "rotation": 90, "texture": "#1"},
				"west": {"uv": [0, 0, 1, 0.25], "rotation": 180, "texture": "#1"},
				"up": {"uv": [0, 0, 1, 0.25], "rotation": 90, "texture": "#1"},
				"down": {"uv": [0, 0, 1, 0.25], "rotation": 90, "texture": "#1"}
			}
		},
		{
			"from": [9, 7, 5.5],
			"to": [9.25, 7.25, 6.5],
			"rotation": {"angle": 0, "axis": "y", "origin": [0, 0, -4]},
			"faces": {
				"north": {"uv": [0, 0, 0.25, 0.25], "rotation": 270, "texture": "#1"},
				"east": {"uv": [0, 0, 1, 0.25], "texture": "#1"},
				"south": {"uv": [0, 0, 0.25, 0.25], "rotation": 90, "texture": "#1"},
				"west": {"uv": [0, 0, 1, 0.25], "rotation": 180, "texture": "#1"},
				"up": {"uv": [0, 0, 1, 0.25], "rotation": 90, "texture": "#1"},
				"down": {"uv": [0, 0, 1, 0.25], "rotation": 90, "texture": "#1"}
			}
		},
		{
			"from": [6.75, 7, 3.5],
			"to": [7, 7.25, 4.5],
			"rotation": {"angle": 0, "axis": "y", "origin": [0, 0, -4]},
			"faces": {
				"north": {"uv": [0, 0, 0.25, 0.25], "rotation": 270, "texture": "#1"},
				"east": {"uv": [0, 0, 1, 0.25], "texture": "#1"},
				"south": {"uv": [0, 0, 0.25, 0.25], "rotation": 90, "texture": "#1"},
				"west": {"uv": [0, 0, 1, 0.25], "rotation": 180, "texture": "#1"},
				"up": {"uv": [0, 0, 1, 0.25], "rotation": 90, "texture": "#1"},
				"down": {"uv": [0, 0, 1, 0.25], "rotation": 90, "texture": "#1"}
			}
		},
		{
			"from": [9, 7, 3.5],
			"to": [9.25, 7.25, 4.5],
			"rotation": {"angle": 0, "axis": "y", "origin": [0, 0, -4]},
			"faces": {
				"north": {"uv": [0, 0, 0.25, 0.25], "rotation": 270, "texture": "#1"},
				"east": {"uv": [0, 0, 1, 0.25], "texture": "#1"},
				"south": {"uv": [0, 0, 0.25, 0.25], "rotation": 90, "texture": "#1"},
				"west": {"uv": [0, 0, 1, 0.25], "rotation": 180, "texture": "#1"},
				"up": {"uv": [0, 0, 1, 0.25], "rotation": 90, "texture": "#1"},
				"down": {"uv": [0, 0, 1, 0.25], "rotation": 90, "texture": "#1"}
			}
		},
		{
			"from": [6.75, 7, 1.5],
			"to": [7, 7.25, 2.5],
			"rotation": {"angle": 0, "axis": "y", "origin": [0, 0, -4]},
			"faces": {
				"north": {"uv": [0, 0, 0.25, 0.25], "rotation": 270, "texture": "#1"},
				"east": {"uv": [0, 0, 1, 0.25], "texture": "#1"},
				"south": {"uv": [0, 0, 0.25, 0.25], "rotation": 90, "texture": "#1"},
				"west": {"uv": [0, 0, 1, 0.25], "rotation": 180, "texture": "#1"},
				"up": {"uv": [0, 0, 1, 0.25], "rotation": 90, "texture": "#1"},
				"down": {"uv": [0, 0, 1, 0.25], "rotation": 90, "texture": "#1"}
			}
		},
		{
			"from": [9, 7, 1.5],
			"to": [9.25, 7.25, 2.5],
			"rotation": {"angle": 0, "axis": "y", "origin": [0, 0, -4]},
			"faces": {
				"north": {"uv": [0, 0, 0.25, 0.25], "rotation": 270, "texture": "#1"},
				"east": {"uv": [0, 0, 1, 0.25], "texture": "#1"},
				"south": {"uv": [0, 0, 0.25, 0.25], "rotation": 90, "texture": "#1"},
				"west": {"uv": [0, 0, 1, 0.25], "rotation": 180, "texture": "#1"},
				"up": {"uv": [0, 0, 1, 0.25], "rotation": 90, "texture": "#1"},
				"down": {"uv": [0, 0, 1, 0.25], "rotation": 90, "texture": "#1"}
			}
		},
		{
			"from": [6.75, 7, -0.5],
			"to": [7, 7.25, 0.5],
			"rotation": {"angle": 0, "axis": "y", "origin": [0, 0, -4]},
			"faces": {
				"north": {"uv": [0, 0, 0.25, 0.25], "rotation": 270, "texture": "#1"},
				"east": {"uv": [0, 0, 1, 0.25], "texture": "#1"},
				"south": {"uv": [0, 0, 0.25, 0.25], "rotation": 90, "texture": "#1"},
				"west": {"uv": [0, 0, 1, 0.25], "rotation": 180, "texture": "#1"},
				"up": {"uv": [0, 0, 1, 0.25], "rotation": 90, "texture": "#1"},
				"down": {"uv": [0, 0, 1, 0.25], "rotation": 90, "texture": "#1"}
			}
		},
		{
			"from": [9, 7, -0.5],
			"to": [9.25, 7.25, 0.5],
			"rotation": {"angle": 0, "axis": "y", "origin": [0, 0, -4]},
			"faces": {
				"north": {"uv": [0, 0, 0.25, 0.25], "rotation": 270, "texture": "#1"},
				"east": {"uv": [0, 0, 1, 0.25], "texture": "#1"},
				"south": {"uv": [0, 0, 0.25, 0.25], "rotation": 90, "texture": "#1"},
				"west": {"uv": [0, 0, 1, 0.25], "rotation": 180, "texture": "#1"},
				"up": {"uv": [0, 0, 1, 0.25], "rotation": 90, "texture": "#1"},
				"down": {"uv": [0, 0, 1, 0.25], "rotation": 90, "texture": "#1"}
			}
		},
		{
			"from": [6.75, 7.5, 5],
			"to": [7, 8.5, 5.25],
			"rotation": {"angle": 0, "axis": "y", "origin": [0, 0, -4]},
			"faces": {
				"north": {"uv": [0, 0, 1, 0.25], "rotation": 270, "texture": "#1"},
				"east": {"uv": [0, 0, 1, 0.25], "rotation": 90, "texture": "#1"},
				"south": {"uv": [0, 0, 1, 0.25], "rotation": 90, "texture": "#1"},
				"west": {"uv": [0, 0, 1, 0.25], "rotation": 90, "texture": "#1"},
				"up": {"uv": [0, 0, 0.25, 0.25], "rotation": 90, "texture": "#1"},
				"down": {"uv": [0, 0, 0.25, 0.25], "rotation": 90, "texture": "#1"}
			}
		},
		{
			"from": [9, 7.5, 4],
			"to": [9.25, 8.5, 4.25],
			"rotation": {"angle": 0, "axis": "y", "origin": [0, 0, -4]},
			"faces": {
				"north": {"uv": [0, 0, 1, 0.25], "rotation": 270, "texture": "#1"},
				"east": {"uv": [0, 0, 1, 0.25], "rotation": 90, "texture": "#1"},
				"south": {"uv": [0, 0, 1, 0.25], "rotation": 90, "texture": "#1"},
				"west": {"uv": [0, 0, 1, 0.25], "rotation": 90, "texture": "#1"},
				"up": {"uv": [0, 0, 0.25, 0.25], "rotation": 90, "texture": "#1"},
				"down": {"uv": [0, 0, 0.25, 0.25], "rotation": 90, "texture": "#1"}
			}
		},
		{
			"from": [9, 7.5, 0.5],
			"to": [9.25, 8.5, 0.75],
			"rotation": {"angle": 0, "axis": "y", "origin": [0, 0, -4]},
			"faces": {
				"north": {"uv": [0, 0, 1, 0.25], "rotation": 270, "texture": "#1"},
				"east": {"uv": [0, 0, 1, 0.25], "rotation": 90, "texture": "#1"},
				"south": {"uv": [0, 0, 1, 0.25], "rotation": 90, "texture": "#1"},
				"west": {"uv": [0, 0, 1, 0.25], "rotation": 90, "texture": "#1"},
				"up": {"uv": [0, 0, 0.25, 0.25], "rotation": 90, "texture": "#1"},
				"down": {"uv": [0, 0, 0.25, 0.25], "rotation": 90, "texture": "#1"}
			}
		},
		{
			"from": [9, 7.5, 0],
			"to": [9.25, 8.5, 0.25],
			"rotation": {"angle": 0, "axis": "y", "origin": [0, 0, -4]},
			"faces": {
				"north": {"uv": [0, 0, 1, 0.25], "rotation": 270, "texture": "#1"},
				"east": {"uv": [0, 0, 1, 0.25], "rotation": 90, "texture": "#1"},
				"south": {"uv": [0, 0, 1, 0.25], "rotation": 90, "texture": "#1"},
				"west": {"uv": [0, 0, 1, 0.25], "rotation": 90, "texture": "#1"},
				"up": {"uv": [0, 0, 0.25, 0.25], "rotation": 90, "texture": "#1"},
				"down": {"uv": [0, 0, 0.25, 0.25], "rotation": 90, "texture": "#1"}
			}
		},
		{
			"from": [9, 7.5, -0.5],
			"to": [9.25, 8.5, -0.25],
			"rotation": {"angle": 0, "axis": "y", "origin": [0, 0, -4]},
			"faces": {
				"north": {"uv": [0, 0, 1, 0.25], "rotation": 270, "texture": "#1"},
				"east": {"uv": [0, 0, 1, 0.25], "rotation": 90, "texture": "#1"},
				"south": {"uv": [0, 0, 1, 0.25], "rotation": 90, "texture": "#1"},
				"west": {"uv": [0, 0, 1, 0.25], "rotation": 90, "texture": "#1"},
				"up": {"uv": [0, 0, 0.25, 0.25], "rotation": 90, "texture": "#1"},
				"down": {"uv": [0, 0, 0.25, 0.25], "rotation": 90, "texture": "#1"}
			}
		},
		{
			"from": [9, 7.5, -1],
			"to": [9.25, 8.5, -0.75],
			"rotation": {"angle": 0, "axis": "y", "origin": [0, 0, -4]},
			"faces": {
				"north": {"uv": [0, 0, 1, 0.25], "rotation": 270, "texture": "#1"},
				"east": {"uv": [0, 0, 1, 0.25], "rotation": 90, "texture": "#1"},
				"south": {"uv": [0, 0, 1, 0.25], "rotation": 90, "texture": "#1"},
				"west": {"uv": [0, 0, 1, 0.25], "rotation": 90, "texture": "#1"},
				"up": {"uv": [0, 0, 0.25, 0.25], "rotation": 90, "texture": "#1"},
				"down": {"uv": [0, 0, 0.25, 0.25], "rotation": 90, "texture": "#1"}
			}
		},
		{
			"from": [9, 7.5, -1.5],
			"to": [9.25, 8.5, -1.25],
			"rotation": {"angle": 0, "axis": "y", "origin": [0, 0, -4]},
			"faces": {
				"north": {"uv": [0, 0, 1, 0.25], "rotation": 270, "texture": "#1"},
				"east": {"uv": [0, 0, 1, 0.25], "rotation": 90, "texture": "#1"},
				"south": {"uv": [0, 0, 1, 0.25], "rotation": 90, "texture": "#1"},
				"west": {"uv": [0, 0, 1, 0.25], "rotation": 90, "texture": "#1"},
				"up": {"uv": [0, 0, 0.25, 0.25], "rotation": 90, "texture": "#1"},
				"down": {"uv": [0, 0, 0.25, 0.25], "rotation": 90, "texture": "#1"}
			}
		},
		{
			"from": [6.75, 7.5, 0.5],
			"to": [7, 8.5, 0.75],
			"rotation": {"angle": 0, "axis": "y", "origin": [0, 0, -4]},
			"faces": {
				"north": {"uv": [0, 0, 1, 0.25], "rotation": 270, "texture": "#1"},
				"east": {"uv": [0, 0, 1, 0.25], "rotation": 90, "texture": "#1"},
				"south": {"uv": [0, 0, 1, 0.25], "rotation": 90, "texture": "#1"},
				"west": {"uv": [0, 0, 1, 0.25], "rotation": 90, "texture": "#1"},
				"up": {"uv": [0, 0, 0.25, 0.25], "rotation": 90, "texture": "#1"},
				"down": {"uv": [0, 0, 0.25, 0.25], "rotation": 90, "texture": "#1"}
			}
		},
		{
			"from": [6.75, 7.5, 0],
			"to": [7, 8.5, 0.25],
			"rotation": {"angle": 0, "axis": "y", "origin": [0, 0, -4]},
			"faces": {
				"north": {"uv": [0, 0, 1, 0.25], "rotation": 270, "texture": "#1"},
				"east": {"uv": [0, 0, 1, 0.25], "rotation": 90, "texture": "#1"},
				"south": {"uv": [0, 0, 1, 0.25], "rotation": 90, "texture": "#1"},
				"west": {"uv": [0, 0, 1, 0.25], "rotation": 90, "texture": "#1"},
				"up": {"uv": [0, 0, 0.25, 0.25], "rotation": 90, "texture": "#1"},
				"down": {"uv": [0, 0, 0.25, 0.25], "rotation": 90, "texture": "#1"}
			}
		},
		{
			"from": [6.75, 7.5, -1],
			"to": [7, 8.5, -0.75],
			"rotation": {"angle": 0, "axis": "y", "origin": [0, 0, -4]},
			"faces": {
				"north": {"uv": [0, 0, 1, 0.25], "rotation": 270, "texture": "#1"},
				"east": {"uv": [0, 0, 1, 0.25], "rotation": 90, "texture": "#1"},
				"south": {"uv": [0, 0, 1, 0.25], "rotation": 90, "texture": "#1"},
				"west": {"uv": [0, 0, 1, 0.25], "rotation": 90, "texture": "#1"},
				"up": {"uv": [0, 0, 0.25, 0.25], "rotation": 90, "texture": "#1"},
				"down": {"uv": [0, 0, 0.25, 0.25], "rotation": 90, "texture": "#1"}
			}
		},
		{
			"from": [6.75, 7.5, -0.5],
			"to": [7, 8.5, -0.25],
			"rotation": {"angle": 0, "axis": "y", "origin": [0, 0, -4]},
			"faces": {
				"north": {"uv": [0, 0, 1, 0.25], "rotation": 270, "texture": "#1"},
				"east": {"uv": [0, 0, 1, 0.25], "rotation": 90, "texture": "#1"},
				"south": {"uv": [0, 0, 1, 0.25], "rotation": 90, "texture": "#1"},
				"west": {"uv": [0, 0, 1, 0.25], "rotation": 90, "texture": "#1"},
				"up": {"uv": [0, 0, 0.25, 0.25], "rotation": 90, "texture": "#1"},
				"down": {"uv": [0, 0, 0.25, 0.25], "rotation": 90, "texture": "#1"}
			}
		},
		{
			"from": [6.75, 7.5, -1.5],
			"to": [7, 8.5, -1.25],
			"rotation": {"angle": 0, "axis": "y", "origin": [0, 0, -4]},
			"faces": {
				"north": {"uv": [0, 0, 1, 0.25], "rotation": 270, "texture": "#1"},
				"east": {"uv": [0, 0, 1, 0.25], "rotation": 90, "texture": "#1"},
				"south": {"uv": [0, 0, 1, 0.25], "rotation": 90, "texture": "#1"},
				"west": {"uv": [0, 0, 1, 0], "rotation": 90, "texture": "#1"},
				"up": {"uv": [0, 0, 0.25, 0.25], "rotation": 90, "texture": "#1"},
				"down": {"uv": [0, 0, 0.25, 0.25], "rotation": 90, "texture": "#1"}
			}
		},
		{
			"from": [6.75, 7.5, 4],
			"to": [7, 8.5, 4.25],
			"rotation": {"angle": 0, "axis": "y", "origin": [0, 0, -4]},
			"faces": {
				"north": {"uv": [0, 0, 1, 0.25], "rotation": 270, "texture": "#1"},
				"east": {"uv": [0, 0, 1, 0.25], "rotation": 90, "texture": "#1"},
				"south": {"uv": [0, 0, 1, 0.25], "rotation": 90, "texture": "#1"},
				"west": {"uv": [0, 0, 1, 0.25], "rotation": 90, "texture": "#1"},
				"up": {"uv": [0, 0, 0.25, 0.25], "rotation": 90, "texture": "#1"},
				"down": {"uv": [0, 0, 0.25, 0.25], "rotation": 90, "texture": "#1"}
			}
		},
		{
			"from": [9, 7.5, 6.5],
			"to": [9.25, 8.5, 6.75],
			"rotation": {"angle": 0, "axis": "y", "origin": [0, 0, -4]},
			"faces": {
				"north": {"uv": [0, 0, 1, 0.25], "rotation": 270, "texture": "#1"},
				"east": {"uv": [0, 0, 1, 0.25], "rotation": 90, "texture": "#1"},
				"south": {"uv": [0, 0, 1, 0.25], "rotation": 90, "texture": "#1"},
				"west": {"uv": [0, 0, 1, 0.25], "rotation": 90, "texture": "#1"},
				"up": {"uv": [0, 0, 0.25, 0.25], "rotation": 90, "texture": "#1"},
				"down": {"uv": [0, 0, 0.25, 0.25], "rotation": 90, "texture": "#1"}
			}
		},
		{
			"from": [9, 7.5, 3],
			"to": [9.25, 8.5, 3.25],
			"rotation": {"angle": 0, "axis": "y", "origin": [0, 0, -4]},
			"faces": {
				"north": {"uv": [0, 0, 1, 0.25], "rotation": 270, "texture": "#1"},
				"east": {"uv": [0, 0, 1, 0.25], "rotation": 90, "texture": "#1"},
				"south": {"uv": [0, 0, 1, 0.25], "rotation": 90, "texture": "#1"},
				"west": {"uv": [0, 0, 1, 0.25], "rotation": 90, "texture": "#1"},
				"up": {"uv": [0, 0, 0.25, 0.25], "rotation": 90, "texture": "#1"},
				"down": {"uv": [0, 0, 0.25, 0.25], "rotation": 90, "texture": "#1"}
			}
		},
		{
			"from": [6.75, 7.5, 3],
			"to": [7, 8.5, 3.25],
			"rotation": {"angle": 0, "axis": "y", "origin": [0, 0, -4]},
			"faces": {
				"north": {"uv": [0, 0, 1, 0.25], "rotation": 270, "texture": "#1"},
				"east": {"uv": [0, 0, 1, 0.25], "rotation": 90, "texture": "#1"},
				"south": {"uv": [0, 0, 1, 0.25], "rotation": 90, "texture": "#1"},
				"west": {"uv": [0, 0, 1, 0.25], "rotation": 90, "texture": "#1"},
				"up": {"uv": [0, 0, 0.25, 0.25], "rotation": 90, "texture": "#1"},
				"down": {"uv": [0, 0, 0.25, 0.25], "rotation": 90, "texture": "#1"}
			}
		},
		{
			"from": [6.75, 7.5, 6.5],
			"to": [7, 8.5, 6.75],
			"rotation": {"angle": 0, "axis": "y", "origin": [0, 0, -4]},
			"faces": {
				"north": {"uv": [0, 0, 1, 0.25], "rotation": 270, "texture": "#1"},
				"east": {"uv": [0, 0, 1, 0.25], "rotation": 90, "texture": "#1"},
				"south": {"uv": [0, 0, 1, 0.25], "rotation": 90, "texture": "#1"},
				"west": {"uv": [0, 0, 1, 0.25], "rotation": 90, "texture": "#1"},
				"up": {"uv": [0, 0, 0.25, 0.25], "rotation": 90, "texture": "#1"},
				"down": {"uv": [0, 0, 0.25, 0.25], "rotation": 90, "texture": "#1"}
			}
		},
		{
			"from": [9, 7.5, 5.5],
			"to": [9.25, 8.5, 5.75],
			"rotation": {"angle": 0, "axis": "y", "origin": [0, 0, -4]},
			"faces": {
				"north": {"uv": [0, 0, 1, 0.25], "rotation": 270, "texture": "#1"},
				"east": {"uv": [0, 0, 1, 0.25], "rotation": 90, "texture": "#1"},
				"south": {"uv": [0, 0, 1, 0.25], "rotation": 90, "texture": "#1"},
				"west": {"uv": [0, 0, 1, 0.25], "rotation": 90, "texture": "#1"},
				"up": {"uv": [0, 0, 0.25, 0.25], "rotation": 90, "texture": "#1"},
				"down": {"uv": [0, 0, 0.25, 0.25], "rotation": 90, "texture": "#1"}
			}
		},
		{
			"from": [9, 7.5, 2],
			"to": [9.25, 8.5, 2.25],
			"rotation": {"angle": 0, "axis": "y", "origin": [0, 0, -4]},
			"faces": {
				"north": {"uv": [0, 0, 1, 0.25], "rotation": 270, "texture": "#1"},
				"east": {"uv": [0, 0, 1, 0.25], "rotation": 90, "texture": "#1"},
				"south": {"uv": [0, 0, 1, 0.25], "rotation": 90, "texture": "#1"},
				"west": {"uv": [0, 0, 1, 0.25], "rotation": 90, "texture": "#1"},
				"up": {"uv": [0, 0, 0.25, 0.25], "rotation": 90, "texture": "#1"},
				"down": {"uv": [0, 0, 0.25, 0.25], "rotation": 90, "texture": "#1"}
			}
		},
		{
			"from": [6.75, 7.5, 2],
			"to": [7, 8.5, 2.25],
			"rotation": {"angle": 0, "axis": "y", "origin": [0, 0, -4]},
			"faces": {
				"north": {"uv": [0, 0, 1, 0.25], "rotation": 270, "texture": "#1"},
				"east": {"uv": [0, 0, 1, 0.25], "rotation": 90, "texture": "#1"},
				"south": {"uv": [0, 0, 1, 0.25], "rotation": 90, "texture": "#1"},
				"west": {"uv": [0, 0, 1, 0.25], "rotation": 90, "texture": "#1"},
				"up": {"uv": [0, 0, 0.25, 0.25], "rotation": 90, "texture": "#1"},
				"down": {"uv": [0, 0, 0.25, 0.25], "rotation": 90, "texture": "#1"}
			}
		},
		{
			"from": [6.75, 7.5, 5.5],
			"to": [7, 8.5, 5.75],
			"rotation": {"angle": 0, "axis": "y", "origin": [0, 0, -4]},
			"faces": {
				"north": {"uv": [0, 0, 1, 0.25], "rotation": 270, "texture": "#1"},
				"east": {"uv": [0, 0, 1, 0.25], "rotation": 90, "texture": "#1"},
				"south": {"uv": [0, 0, 1, 0.25], "rotation": 90, "texture": "#1"},
				"west": {"uv": [0, 0, 1, 0.25], "rotation": 90, "texture": "#1"},
				"up": {"uv": [0, 0, 0.25, 0.25], "rotation": 90, "texture": "#1"},
				"down": {"uv": [0, 0, 0.25, 0.25], "rotation": 90, "texture": "#1"}
			}
		},
		{
			"from": [9, 7.5, 4.5],
			"to": [9.25, 8.5, 4.75],
			"rotation": {"angle": 0, "axis": "y", "origin": [0, 0, -4]},
			"faces": {
				"north": {"uv": [0, 0, 1, 0.25], "rotation": 270, "texture": "#1"},
				"east": {"uv": [0, 0, 1, 0.25], "rotation": 90, "texture": "#1"},
				"south": {"uv": [0, 0, 1, 0.25], "rotation": 90, "texture": "#1"},
				"west": {"uv": [0, 0, 1, 0.25], "rotation": 90, "texture": "#1"},
				"up": {"uv": [0, 0, 0.25, 0.25], "rotation": 90, "texture": "#1"},
				"down": {"uv": [0, 0, 0.25, 0.25], "rotation": 90, "texture": "#1"}
			}
		},
		{
			"from": [9, 7.5, 1],
			"to": [9.25, 8.5, 1.25],
			"rotation": {"angle": 0, "axis": "y", "origin": [0, 0, -4]},
			"faces": {
				"north": {"uv": [0, 0, 1, 0.25], "rotation": 270, "texture": "#1"},
				"east": {"uv": [0, 0, 1, 0.25], "rotation": 90, "texture": "#1"},
				"south": {"uv": [0, 0, 1, 0.25], "rotation": 90, "texture": "#1"},
				"west": {"uv": [0, 0, 1, 0.25], "rotation": 90, "texture": "#1"},
				"up": {"uv": [0, 0, 0.25, 0.25], "rotation": 90, "texture": "#1"},
				"down": {"uv": [0, 0, 0.25, 0.25], "rotation": 90, "texture": "#1"}
			}
		},
		{
			"from": [6.75, 7.5, 1],
			"to": [7, 8.5, 1.25],
			"rotation": {"angle": 0, "axis": "y", "origin": [0, 0, -4]},
			"faces": {
				"north": {"uv": [0, 0, 1, 0.25], "rotation": 270, "texture": "#1"},
				"east": {"uv": [0, 0, 1, 0.25], "rotation": 90, "texture": "#1"},
				"south": {"uv": [0, 0, 1, 0.25], "rotation": 90, "texture": "#1"},
				"west": {"uv": [0, 0, 1, 0.25], "rotation": 90, "texture": "#1"},
				"up": {"uv": [0, 0, 0.25, 0.25], "rotation": 90, "texture": "#1"},
				"down": {"uv": [0, 0, 0.25, 0.25], "rotation": 90, "texture": "#1"}
			}
		},
		{
			"from": [6.75, 7.5, 4.5],
			"to": [7, 8.5, 4.75],
			"rotation": {"angle": 0, "axis": "y", "origin": [0, 0, -4]},
			"faces": {
				"north": {"uv": [0, 0, 1, 0.25], "rotation": 270, "texture": "#1"},
				"east": {"uv": [0, 0, 1, 0.25], "rotation": 90, "texture": "#1"},
				"south": {"uv": [0, 0, 1, 0.25], "rotation": 90, "texture": "#1"},
				"west": {"uv": [0, 0, 1, 0.25], "rotation": 90, "texture": "#1"},
				"up": {"uv": [0, 0, 0.25, 0.25], "rotation": 90, "texture": "#1"},
				"down": {"uv": [0, 0, 0.25, 0.25], "rotation": 90, "texture": "#1"}
			}
		},
		{
			"from": [7, 9.25, 3],
			"to": [9, 9.5, 3.25],
			"rotation": {"angle": 0, "axis": "y", "origin": [0, 0, -4]},
			"faces": {
				"north": {"uv": [0, 0, 2, 0.25], "texture": "#1"},
				"east": {"uv": [0, 0, 0.25, 0.25], "texture": "#1"},
				"south": {"uv": [0, 0, 2, 0.25], "texture": "#1"},
				"west": {"uv": [0, 0, 0.25, 0.25], "texture": "#1"},
				"up": {"uv": [0, 0, 2, 0.25], "texture": "#1"},
				"down": {"uv": [0, 0, 2, 0.25], "texture": "#1"}
			}
		},
		{
			"from": [7, 9.25, -1],
			"to": [9, 9.5, -0.75],
			"rotation": {"angle": 0, "axis": "y", "origin": [0, 0, -4]},
			"faces": {
				"north": {"uv": [0, 0, 2, 0.25], "texture": "#1"},
				"east": {"uv": [0, 0, 0.25, 0.25], "texture": "#1"},
				"south": {"uv": [0, 0, 2, 0.25], "texture": "#1"},
				"west": {"uv": [0, 0, 0.25, 0.25], "texture": "#1"},
				"up": {"uv": [0, 0, 2, 0.25], "texture": "#1"},
				"down": {"uv": [0, 0, 2, 0.25], "texture": "#1"}
			}
		},
		{
			"from": [7, 9.25, -1.5],
			"to": [9, 9.5, -1.25],
			"rotation": {"angle": 0, "axis": "y", "origin": [0, 0, -4]},
			"faces": {
				"north": {"uv": [0, 0, 2, 0.25], "texture": "#1"},
				"east": {"uv": [0, 0, 0.25, 0.25], "texture": "#1"},
				"south": {"uv": [0, 0, 2, 0.25], "texture": "#1"},
				"west": {"uv": [0, 0, 0.25, 0.25], "texture": "#1"},
				"up": {"uv": [0, 0, 2, 0.25], "texture": "#1"},
				"down": {"uv": [0, 0, 2, 0.25], "texture": "#1"}
			}
		},
		{
			"from": [7, 6.75, 1.5],
			"to": [9, 7, 1.75],
			"rotation": {"angle": 0, "axis": "y", "origin": [0, 0, -4]},
			"faces": {
				"north": {"uv": [0, 0, 2, 0.25], "texture": "#1"},
				"east": {"uv": [0, 0, 0.25, 0.25], "texture": "#1"},
				"south": {"uv": [0, 0, 2, 0.25], "texture": "#1"},
				"west": {"uv": [0, 0, 0.25, 0.25], "texture": "#1"},
				"up": {"uv": [0, 0, 2, 0.25], "texture": "#1"},
				"down": {"uv": [0, 0, 2, 0.25], "texture": "#1"}
			}
		},
		{
			"from": [7, 6.75, 7],
			"to": [9, 7, 7.25],
			"rotation": {"angle": 0, "axis": "y", "origin": [0, 0, -4]},
			"faces": {
				"north": {"uv": [0, 0, 2, 0.25], "texture": "#1"},
				"east": {"uv": [0, 0, 0.25, 0.25], "texture": "#1"},
				"south": {"uv": [0, 0, 2, 0.25], "texture": "#1"},
				"west": {"uv": [0, 0, 0.25, 0.25], "texture": "#1"},
				"up": {"uv": [0, 0, 2, 0.25], "texture": "#1"},
				"down": {"uv": [0, 0, 2, 0.25], "texture": "#1"}
			}
		},
		{
			"from": [7, 9.25, 6.5],
			"to": [9, 9.5, 6.75],
			"rotation": {"angle": 0, "axis": "y", "origin": [0, 0, -4]},
			"faces": {
				"north": {"uv": [0, 0, 2, 0.25], "texture": "#1"},
				"east": {"uv": [0, 0, 0.25, 0.25], "texture": "#1"},
				"south": {"uv": [0, 0, 2, 0.25], "texture": "#1"},
				"west": {"uv": [0, 0, 0.25, 0.25], "texture": "#1"},
				"up": {"uv": [0, 0, 2, 0.25], "texture": "#1"},
				"down": {"uv": [0, 0, 2, 0.25], "texture": "#1"}
			}
		},
		{
			"from": [7, 9.25, 2.5],
			"to": [9, 9.5, 2.75],
			"rotation": {"angle": 0, "axis": "y", "origin": [0, 0, -4]},
			"faces": {
				"north": {"uv": [0, 0, 2, 0.25], "texture": "#1"},
				"east": {"uv": [0, 0, 0.25, 0.25], "texture": "#1"},
				"south": {"uv": [0, 0, 2, 0.25], "texture": "#1"},
				"west": {"uv": [0, 0, 0.25, 0.25], "texture": "#1"},
				"up": {"uv": [0, 0, 2, 0.25], "texture": "#1"},
				"down": {"uv": [0, 0, 2, 0.25], "texture": "#1"}
			}
		},
		{
			"from": [7, 6.75, 1],
			"to": [9, 7, 1.25],
			"rotation": {"angle": 0, "axis": "y", "origin": [0, 0, -4]},
			"faces": {
				"north": {"uv": [0, 0, 2, 0.25], "texture": "#1"},
				"east": {"uv": [0, 0, 0.25, 0.25], "texture": "#1"},
				"south": {"uv": [0, 0, 2, 0.25], "texture": "#1"},
				"west": {"uv": [0, 0, 0.25, 0.25], "texture": "#1"},
				"up": {"uv": [0, 0, 2, 0.25], "texture": "#1"},
				"down": {"uv": [0, 0, 2, 0.25], "texture": "#1"}
			}
		},
		{
			"from": [7, 6.75, 6.5],
			"to": [9, 7, 6.75],
			"rotation": {"angle": 0, "axis": "y", "origin": [0, 0, -4]},
			"faces": {
				"north": {"uv": [0, 0, 2, 0.25], "texture": "#1"},
				"east": {"uv": [0, 0, 0.25, 0.25], "texture": "#1"},
				"south": {"uv": [0, 0, 2, 0.25], "texture": "#1"},
				"west": {"uv": [0, 0, 0.25, 0.25], "texture": "#1"},
				"up": {"uv": [0, 0, 2, 0.25], "texture": "#1"},
				"down": {"uv": [0, 0, 2, 0.25], "texture": "#1"}
			}
		},
		{
			"from": [7, 9.25, 6],
			"to": [9, 9.5, 6.25],
			"rotation": {"angle": 0, "axis": "y", "origin": [0, 0, -4]},
			"faces": {
				"north": {"uv": [0, 0, 2, 0.25], "texture": "#1"},
				"east": {"uv": [0, 0, 0.25, 0.25], "texture": "#1"},
				"south": {"uv": [0, 0, 2, 0.25], "texture": "#1"},
				"west": {"uv": [0, 0, 0.25, 0.25], "texture": "#1"},
				"up": {"uv": [0, 0, 2, 0.25], "texture": "#1"},
				"down": {"uv": [0, 0, 2, 0.25], "texture": "#1"}
			}
		},
		{
			"from": [7, 9.25, 2],
			"to": [9, 9.5, 2.25],
			"rotation": {"angle": 0, "axis": "y", "origin": [0, 0, -4]},
			"faces": {
				"north": {"uv": [0, 0, 2, 0.25], "texture": "#1"},
				"east": {"uv": [0, 0, 0.25, 0.25], "texture": "#1"},
				"south": {"uv": [0, 0, 2, 0.25], "texture": "#1"},
				"west": {"uv": [0, 0, 0.25, 0.25], "texture": "#1"},
				"up": {"uv": [0, 0, 2, 0.25], "texture": "#1"},
				"down": {"uv": [0, 0, 2, 0.25], "texture": "#1"}
			}
		},
		{
			"from": [7, 6.75, 0.5],
			"to": [9, 7, 0.75],
			"rotation": {"angle": 0, "axis": "y", "origin": [0, 0, -4]},
			"faces": {
				"north": {"uv": [0, 0, 2, 0.25], "texture": "#1"},
				"east": {"uv": [0, 0, 0.25, 0.25], "texture": "#1"},
				"south": {"uv": [0, 0, 2, 0.25], "texture": "#1"},
				"west": {"uv": [0, 0, 0.25, 0.25], "texture": "#1"},
				"up": {"uv": [0, 0, 2, 0.25], "texture": "#1"},
				"down": {"uv": [0, 0, 2, 0.25], "texture": "#1"}
			}
		},
		{
			"from": [7, 6.75, 6],
			"to": [9, 7, 6.25],
			"rotation": {"angle": 0, "axis": "y", "origin": [0, 0, -4]},
			"faces": {
				"north": {"uv": [0, 0, 2, 0.25], "texture": "#1"},
				"east": {"uv": [0, 0, 0.25, 0.25], "texture": "#1"},
				"south": {"uv": [0, 0, 2, 0.25], "texture": "#1"},
				"west": {"uv": [0, 0, 0.25, 0.25], "texture": "#1"},
				"up": {"uv": [0, 0, 2, 0.25], "texture": "#1"},
				"down": {"uv": [0, 0, 2, 0.25], "texture": "#1"}
			}
		},
		{
			"from": [7, 9.25, 5.5],
			"to": [9, 9.5, 5.75],
			"rotation": {"angle": 0, "axis": "y", "origin": [0, 0, -4]},
			"faces": {
				"north": {"uv": [0, 0, 2, 0.25], "texture": "#1"},
				"east": {"uv": [0, 0, 0.25, 0.25], "texture": "#1"},
				"south": {"uv": [0, 0, 2, 0.25], "texture": "#1"},
				"west": {"uv": [0, 0, 0.25, 0.25], "texture": "#1"},
				"up": {"uv": [0, 0, 2, 0.25], "texture": "#1"},
				"down": {"uv": [0, 0, 2, 0.25], "texture": "#1"}
			}
		},
		{
			"from": [7, 9.25, 1.5],
			"to": [9, 9.5, 1.75],
			"rotation": {"angle": 0, "axis": "y", "origin": [0, 0, -4]},
			"faces": {
				"north": {"uv": [0, 0, 2, 0.25], "texture": "#1"},
				"east": {"uv": [0, 0, 0.25, 0.25], "texture": "#1"},
				"south": {"uv": [0, 0, 2, 0.25], "texture": "#1"},
				"west": {"uv": [0, 0, 0.25, 0.25], "texture": "#1"},
				"up": {"uv": [0, 0, 2, 0.25], "texture": "#1"},
				"down": {"uv": [0, 0, 2, 0.25], "texture": "#1"}
			}
		},
		{
			"from": [7, 6.75, 0],
			"to": [9, 7, 0.25],
			"rotation": {"angle": 0, "axis": "y", "origin": [0, 0, -4]},
			"faces": {
				"north": {"uv": [0, 0, 2, 0.25], "texture": "#1"},
				"east": {"uv": [0, 0, 0.25, 0.25], "texture": "#1"},
				"south": {"uv": [0, 0, 2, 0.25], "texture": "#1"},
				"west": {"uv": [0, 0, 0.25, 0.25], "texture": "#1"},
				"up": {"uv": [0, 0, 2, 0.25], "texture": "#1"},
				"down": {"uv": [0, 0, 2, 0.25], "texture": "#1"}
			}
		},
		{
			"from": [7, 6.75, 5.5],
			"to": [9, 7, 5.75],
			"rotation": {"angle": 0, "axis": "y", "origin": [0, 0, -4]},
			"faces": {
				"north": {"uv": [0, 0, 2, 0.25], "texture": "#1"},
				"east": {"uv": [0, 0, 0.25, 0.25], "texture": "#1"},
				"south": {"uv": [0, 0, 2, 0.25], "texture": "#1"},
				"west": {"uv": [0, 0, 0.25, 0.25], "texture": "#1"},
				"up": {"uv": [0, 0, 2, 0.25], "texture": "#1"},
				"down": {"uv": [0, 0, 2, 0.25], "texture": "#1"}
			}
		},
		{
			"from": [7, 9.25, 5],
			"to": [9, 9.5, 5.25],
			"rotation": {"angle": 0, "axis": "y", "origin": [0, 0, -4]},
			"faces": {
				"north": {"uv": [0, 0, 2, 0.25], "texture": "#1"},
				"east": {"uv": [0, 0, 0.25, 0.25], "texture": "#1"},
				"south": {"uv": [0, 0, 2, 0.25], "texture": "#1"},
				"west": {"uv": [0, 0, 0.25, 0.25], "texture": "#1"},
				"up": {"uv": [0, 0, 2, 0.25], "texture": "#1"},
				"down": {"uv": [0, 0, 2, 0.25], "texture": "#1"}
			}
		},
		{
			"from": [7, 9.25, 1],
			"to": [9, 9.5, 1.25],
			"rotation": {"angle": 0, "axis": "y", "origin": [0, 0, -4]},
			"faces": {
				"north": {"uv": [0, 0, 2, 0.25], "texture": "#1"},
				"east": {"uv": [0, 0, 0.25, 0.25], "texture": "#1"},
				"south": {"uv": [0, 0, 2, 0.25], "texture": "#1"},
				"west": {"uv": [0, 0, 0.25, 0.25], "texture": "#1"},
				"up": {"uv": [0, 0, 2, 0.25], "texture": "#1"},
				"down": {"uv": [0, 0, 2, 0.25], "texture": "#1"}
			}
		},
		{
			"from": [7, 6.75, -0.5],
			"to": [9, 7, -0.25],
			"rotation": {"angle": 0, "axis": "y", "origin": [0, 0, -4]},
			"faces": {
				"north": {"uv": [0, 0, 2, 0.25], "texture": "#1"},
				"east": {"uv": [0, 0, 0.25, 0.25], "texture": "#1"},
				"south": {"uv": [0, 0, 2, 0.25], "texture": "#1"},
				"west": {"uv": [0, 0, 0.25, 0.25], "texture": "#1"},
				"up": {"uv": [0, 0, 2, 0.25], "texture": "#1"},
				"down": {"uv": [0, 0, 2, 0.25], "texture": "#1"}
			}
		},
		{
			"from": [7, 6.75, -1],
			"to": [9, 7, -0.75],
			"rotation": {"angle": 0, "axis": "y", "origin": [0, 0, -4]},
			"faces": {
				"north": {"uv": [0, 0, 2, 0.25], "texture": "#1"},
				"east": {"uv": [0, 0, 0.25, 0.25], "texture": "#1"},
				"south": {"uv": [0, 0, 2, 0.25], "texture": "#1"},
				"west": {"uv": [0, 0, 0.25, 0.25], "texture": "#1"},
				"up": {"uv": [0, 0, 2, 0.25], "texture": "#1"},
				"down": {"uv": [0, 0, 2, 0.25], "texture": "#1"}
			}
		},
		{
			"from": [7, 6.75, -1.5],
			"to": [9, 7, -1.25],
			"rotation": {"angle": 0, "axis": "y", "origin": [0, 0, -4]},
			"faces": {
				"north": {"uv": [0, 0, 2, 0.25], "texture": "#1"},
				"east": {"uv": [0, 0, 0.25, 0.25], "texture": "#1"},
				"south": {"uv": [0, 0, 2, 0.25], "texture": "#1"},
				"west": {"uv": [0, 0, 0.25, 0.25], "texture": "#1"},
				"up": {"uv": [0, 0, 2, 0.25], "texture": "#1"},
				"down": {"uv": [0, 0, 2, 0.25], "texture": "#1"}
			}
		},
		{
			"from": [7, 6.75, 8],
			"to": [9, 7, 8.25],
			"rotation": {"angle": 0, "axis": "y", "origin": [0, 0, -4]},
			"faces": {
				"north": {"uv": [0, 0, 2, 0.25], "texture": "#1"},
				"east": {"uv": [0, 0, 0.25, 0.25], "texture": "#1"},
				"south": {"uv": [0, 0, 2, 0.25], "texture": "#1"},
				"west": {"uv": [0, 0, 0.25, 0.25], "texture": "#1"},
				"up": {"uv": [0, 0, 2, 0.25], "texture": "#1"},
				"down": {"uv": [0, 0, 2, 0.25], "texture": "#1"}
			}
		},
		{
			"from": [7, 9.25, 7.5],
			"to": [9, 9.5, 7.75],
			"rotation": {"angle": 0, "axis": "y", "origin": [0, 0, -4]},
			"faces": {
				"north": {"uv": [0, 0, 2, 0.25], "texture": "#1"},
				"east": {"uv": [0, 0, 0.25, 0.25], "texture": "#1"},
				"south": {"uv": [0, 0, 2, 0.25], "texture": "#1"},
				"west": {"uv": [0, 0, 0.25, 0.25], "texture": "#1"},
				"up": {"uv": [0, 0, 2, 0.25], "texture": "#1"},
				"down": {"uv": [0, 0, 2, 0.25], "texture": "#1"}
			}
		},
		{
			"from": [7, 9.25, 3.5],
			"to": [9, 9.5, 3.75],
			"rotation": {"angle": 0, "axis": "y", "origin": [0, 0, -4]},
			"faces": {
				"north": {"uv": [0, 0, 2, 0.25], "texture": "#1"},
				"east": {"uv": [0, 0, 0.25, 0.25], "texture": "#1"},
				"south": {"uv": [0, 0, 2, 0.25], "texture": "#1"},
				"west": {"uv": [0, 0, 0.25, 0.25], "texture": "#1"},
				"up": {"uv": [0, 0, 2, 0.25], "texture": "#1"},
				"down": {"uv": [0, 0, 2, 0.25], "texture": "#1"}
			}
		},
		{
			"from": [7, 9.25, -0.5],
			"to": [9, 9.5, -0.25],
			"rotation": {"angle": 0, "axis": "y", "origin": [0, 0, -4]},
			"faces": {
				"north": {"uv": [0, 0, 2, 0.25], "texture": "#1"},
				"east": {"uv": [0, 0, 0.25, 0.25], "texture": "#1"},
				"south": {"uv": [0, 0, 2, 0.25], "texture": "#1"},
				"west": {"uv": [0, 0, 0.25, 0.25], "texture": "#1"},
				"up": {"uv": [0, 0, 2, 0.25], "texture": "#1"},
				"down": {"uv": [0, 0, 2, 0.25], "texture": "#1"}
			}
		},
		{
			"from": [7, 6.75, 2],
			"to": [9, 7, 2.25],
			"rotation": {"angle": 0, "axis": "y", "origin": [0, 0, -4]},
			"faces": {
				"north": {"uv": [0, 0, 2, 0.25], "texture": "#1"},
				"east": {"uv": [0, 0, 0.25, 0.25], "texture": "#1"},
				"south": {"uv": [0, 0, 2, 0.25], "texture": "#1"},
				"west": {"uv": [0, 0, 0.25, 0.25], "texture": "#1"},
				"up": {"uv": [0, 0, 2, 0.25], "texture": "#1"},
				"down": {"uv": [0, 0, 2, 0.25], "texture": "#1"}
			}
		},
		{
			"from": [7, 6.75, 8.5],
			"to": [9, 7, 8.75],
			"rotation": {"angle": 0, "axis": "y", "origin": [0, 0, -4]},
			"faces": {
				"north": {"uv": [0, 0, 2, 0.25], "texture": "#1"},
				"east": {"uv": [0, 0, 0.25, 0.25], "texture": "#1"},
				"south": {"uv": [0, 0, 2, 0.25], "texture": "#1"},
				"west": {"uv": [0, 0, 0.25, 0.25], "texture": "#1"},
				"up": {"uv": [0, 0, 2, 0.25], "texture": "#1"},
				"down": {"uv": [0, 0, 2, 0.25], "texture": "#1"}
			}
		},
		{
			"from": [7, 9.25, 8],
			"to": [9, 9.5, 8.25],
			"rotation": {"angle": 0, "axis": "y", "origin": [0, 0, -4]},
			"faces": {
				"north": {"uv": [0, 0, 2, 0.25], "texture": "#1"},
				"east": {"uv": [0, 0, 0.25, 0.25], "texture": "#1"},
				"south": {"uv": [0, 0, 2, 0.25], "texture": "#1"},
				"west": {"uv": [0, 0, 0.25, 0.25], "texture": "#1"},
				"up": {"uv": [0, 0, 2, 0.25], "texture": "#1"},
				"down": {"uv": [0, 0, 2, 0.25], "texture": "#1"}
			}
		},
		{
			"from": [7, 9.25, 4],
			"to": [9, 9.5, 4.25],
			"rotation": {"angle": 0, "axis": "y", "origin": [0, 0, -4]},
			"faces": {
				"north": {"uv": [0, 0, 2, 0.25], "texture": "#1"},
				"east": {"uv": [0, 0, 0.25, 0.25], "texture": "#1"},
				"south": {"uv": [0, 0, 2, 0.25], "texture": "#1"},
				"west": {"uv": [0, 0, 0.25, 0.25], "texture": "#1"},
				"up": {"uv": [0, 0, 2, 0.25], "texture": "#1"},
				"down": {"uv": [0, 0, 2, 0.25], "texture": "#1"}
			}
		},
		{
			"from": [7, 9.25, 0],
			"to": [9, 9.5, 0.25],
			"rotation": {"angle": 0, "axis": "y", "origin": [0, 0, -4]},
			"faces": {
				"north": {"uv": [0, 0, 2, 0.25], "texture": "#1"},
				"east": {"uv": [0, 0, 0.25, 0.25], "texture": "#1"},
				"south": {"uv": [0, 0, 2, 0.25], "texture": "#1"},
				"west": {"uv": [0, 0, 0.25, 0.25], "texture": "#1"},
				"up": {"uv": [0, 0, 2, 0.25], "texture": "#1"},
				"down": {"uv": [0, 0, 2, 0.25], "texture": "#1"}
			}
		},
		{
			"from": [7, 6.75, 2.5],
			"to": [9, 7, 2.75],
			"rotation": {"angle": 0, "axis": "y", "origin": [0, 0, -4]},
			"faces": {
				"north": {"uv": [0, 0, 2, 0.25], "texture": "#1"},
				"east": {"uv": [0, 0, 0.25, 0.25], "texture": "#1"},
				"south": {"uv": [0, 0, 2, 0.25], "texture": "#1"},
				"west": {"uv": [0, 0, 0.25, 0.25], "texture": "#1"},
				"up": {"uv": [0, 0, 2, 0.25], "texture": "#1"},
				"down": {"uv": [0, 0, 2, 0.25], "texture": "#1"}
			}
		},
		{
			"from": [7, 6.75, 9],
			"to": [9, 7, 9.25],
			"rotation": {"angle": 0, "axis": "y", "origin": [0, 0, -4]},
			"faces": {
				"north": {"uv": [0, 0, 2, 0.25], "texture": "#1"},
				"east": {"uv": [0, 0, 0.25, 0.25], "texture": "#1"},
				"south": {"uv": [0, 0, 2, 0.25], "texture": "#1"},
				"west": {"uv": [0, 0, 0.25, 0.25], "texture": "#1"},
				"up": {"uv": [0, 0, 2, 0.25], "texture": "#1"},
				"down": {"uv": [0, 0, 2, 0.25], "texture": "#1"}
			}
		},
		{
			"from": [7, 9.25, 8.5],
			"to": [9, 9.5, 8.75],
			"rotation": {"angle": 0, "axis": "y", "origin": [0, 0, -4]},
			"faces": {
				"north": {"uv": [0, 0, 2, 0.25], "texture": "#1"},
				"east": {"uv": [0, 0, 0.25, 0.25], "texture": "#1"},
				"south": {"uv": [0, 0, 2, 0.25], "texture": "#1"},
				"west": {"uv": [0, 0, 0.25, 0.25], "texture": "#1"},
				"up": {"uv": [0, 0, 2, 0.25], "texture": "#1"},
				"down": {"uv": [0, 0, 2, 0.25], "texture": "#1"}
			}
		},
		{
			"from": [7, 9.25, 4.5],
			"to": [9, 9.5, 4.75],
			"rotation": {"angle": 0, "axis": "y", "origin": [0, 0, -4]},
			"faces": {
				"north": {"uv": [0, 0, 2, 0.25], "texture": "#1"},
				"east": {"uv": [0, 0, 0.25, 0.25], "texture": "#1"},
				"south": {"uv": [0, 0, 2, 0.25], "texture": "#1"},
				"west": {"uv": [0, 0, 0.25, 0.25], "texture": "#1"},
				"up": {"uv": [0, 0, 2, 0.25], "texture": "#1"},
				"down": {"uv": [0, 0, 2, 0.25], "texture": "#1"}
			}
		},
		{
			"from": [7, 9.25, 0.5],
			"to": [9, 9.5, 0.75],
			"rotation": {"angle": 0, "axis": "y", "origin": [0, 0, -4]},
			"faces": {
				"north": {"uv": [0, 0, 2, 0.25], "texture": "#1"},
				"east": {"uv": [0, 0, 0.25, 0.25], "texture": "#1"},
				"south": {"uv": [0, 0, 2, 0.25], "texture": "#1"},
				"west": {"uv": [0, 0, 0.25, 0.25], "texture": "#1"},
				"up": {"uv": [0, 0, 2, 0.25], "texture": "#1"},
				"down": {"uv": [0, 0, 2, 0.25], "texture": "#1"}
			}
		},
		{
			"from": [7, 6.75, 3],
			"to": [9, 7, 3.25],
			"rotation": {"angle": 0, "axis": "y", "origin": [0, 0, -4]},
			"faces": {
				"north": {"uv": [0, 0, 2, 0.25], "texture": "#1"},
				"east": {"uv": [0, 0, 0.25, 0.25], "texture": "#1"},
				"south": {"uv": [0, 0, 2, 0.25], "texture": "#1"},
				"west": {"uv": [0, 0, 0.25, 0.25], "texture": "#1"},
				"up": {"uv": [0, 0, 2, 0.25], "texture": "#1"},
				"down": {"uv": [0, 0, 2, 0.25], "texture": "#1"}
			}
		},
		{
			"from": [7.5, 6, 4],
			"to": [8.5, 7, 5],
			"rotation": {"angle": 0, "axis": "y", "origin": [0, 0, -4]},
			"faces": {
				"north": {"uv": [0, 0, 1, 1], "texture": "#3"},
				"east": {"uv": [0, 0, 1, 1], "texture": "#3"},
				"south": {"uv": [0, 0, 1, 1], "texture": "#3"},
				"west": {"uv": [0, 0, 1, 1], "texture": "#3"},
				"up": {"uv": [0, 0, 1, 1], "texture": "#3"},
				"down": {"uv": [0, 0, 1, 1], "texture": "#3"}
			}
		},
		{
			"from": [7.25, 6.5, 3.5],
			"to": [8.75, 7, 5.5],
			"rotation": {"angle": 0, "axis": "y", "origin": [0, 0, -4]},
			"faces": {
				"north": {"uv": [0, 0, 1.5, 0.5], "texture": "#3"},
				"east": {"uv": [0, 0, 2, 0.5], "texture": "#3"},
				"south": {"uv": [0, 0, 1.5, 0.5], "texture": "#3"},
				"west": {"uv": [0, 0, 2, 0.5], "texture": "#3"},
				"up": {"uv": [0, 0, 1.5, 2], "texture": "#3"},
				"down": {"uv": [0, 0, 1.5, 2], "texture": "#3"}
			}
		},
		{
			"from": [7.25, 2, 3.75],
			"to": [8.75, 6, 5.25],
			"rotation": {"angle": 0, "axis": "y", "origin": [0, 0, -4]},
			"faces": {
				"north": {"uv": [0, 0, 0, 4], "texture": "#1"},
				"east": {"uv": [0, 0, 1, 4], "texture": "#1"},
				"south": {"uv": [0, 0, 0, 4], "texture": "#1"},
				"west": {"uv": [0, 0, 0, 4], "texture": "#1"},
				"up": {"uv": [0, 0, 1.5, 1.5], "texture": "#1"},
				"down": {"uv": [0, 0, 1.5, 1.5], "texture": "#1"}
			}
		},
		{
			"from": [7.5, 8, 17],
			"to": [8.5, 9, 18],
			"rotation": {"angle": 0, "axis": "y", "origin": [0, 0, -4]},
			"faces": {
				"north": {"uv": [0, 0, 1, 1], "texture": "#1"},
				"east": {"uv": [0, 0, 1, 1], "texture": "#1"},
				"south": {"uv": [0, 0, 1, 1], "texture": "#1"},
				"west": {"uv": [0, 0, 1, 1], "texture": "#1"},
				"up": {"uv": [0, 0, 1, 1], "texture": "#1"},
				"down": {"uv": [0, 0, 1, 1], "texture": "#1"}
			}
		},
		{
			"from": [7, 7.25, 18],
			"to": [9, 9.25, 25.5],
			"rotation": {"angle": 0, "axis": "y", "origin": [0, 0, -4]},
			"faces": {
				"north": {"uv": [0, 0, 2, 2], "texture": "#0"},
				"east": {"uv": [0, 0, 7.5, 2], "texture": "#0"},
				"south": {"uv": [0, 0, 2, 2], "texture": "#0"},
				"west": {"uv": [0, 0, 7.5, 2], "texture": "#0"},
				"up": {"uv": [0, 0, 2, 7.5], "texture": "#0"},
				"down": {"uv": [0, 0, 2, 7.5], "texture": "#0"}
			}
		},
		{
			"from": [7.01, 6.75, 19.25],
			"to": [8.99, 7.75, 24.25],
			"rotation": {"angle": 0, "axis": "y", "origin": [0, 0, -4]},
			"faces": {
				"north": {"uv": [0, 0, 1.98, 1], "texture": "#0"},
				"east": {"uv": [0, 0, 5, 1], "texture": "#0"},
				"south": {"uv": [0, 0, 1.98, 1], "texture": "#0"},
				"west": {"uv": [0, 0, 5, 1], "texture": "#0"},
				"up": {"uv": [0, 0, 1.98, 5], "texture": "#0"},
				"down": {"uv": [0, 0, 1.98, 5], "texture": "#0"}
			}
		},
		{
			"from": [7.1, 21.75, 7.25],
			"to": [8.9, 23.75, 11.5],
			"rotation": {"angle": 45, "axis": "x", "origin": [0, 0, -4]},
			"faces": {
				"north": {"uv": [0, 0, 1.8, 2], "texture": "#0"},
				"east": {"uv": [0, 0, 4.25, 2], "texture": "#0"},
				"south": {"uv": [0, 0, 1.8, 2], "texture": "#0"},
				"west": {"uv": [0, 0, 4.25, 2], "texture": "#0"},
				"up": {"uv": [0, 0, 1.8, 4.25], "texture": "#0"},
				"down": {"uv": [0, 0, 1.8, 4.25], "texture": "#0"}
			}
		},
		{
			"from": [7.1, 23.75, 10.25],
			"to": [8.9, 25.75, 11.5],
			"rotation": {"angle": 45, "axis": "x", "origin": [0, 0, -4]},
			"faces": {
				"north": {"uv": [0, 0, 1.8, 2], "texture": "#0"},
				"east": {"uv": [0, 0, 1.25, 2], "texture": "#0"},
				"south": {"uv": [0, 0, 1.8, 2], "texture": "#0"},
				"west": {"uv": [0, 0, 1.25, 2], "texture": "#0"},
				"up": {"uv": [0, 0, 1.8, 1.25], "texture": "#0"},
				"down": {"uv": [0, 0, 1.8, 1.25], "texture": "#0"}
			}
		},
		{
			"from": [7.5, 7.5, -3.5],
			"to": [8.5, 8.75, -2],
			"rotation": {"angle": 0, "axis": "y", "origin": [0, 0, -4]},
			"faces": {
				"north": {"uv": [0, 0, 1, 1.25], "texture": "#1"},
				"east": {"uv": [0, 0, 1.5, 1.25], "texture": "#1"},
				"south": {"uv": [0, 0, 1, 1.25], "texture": "#1"},
				"west": {"uv": [0, 0, 1.5, 1.25], "texture": "#1"},
				"up": {"uv": [0, 0, 1, 1.5], "texture": "#1"},
				"down": {"uv": [0, 0, 1, 1.5], "texture": "#1"}
			}
		},
		{
			"from": [8.25, 7.5, -6.5],
			"to": [8.5, 8.5, -3.5],
			"rotation": {"angle": 0, "axis": "y", "origin": [0, 0, -4]},
			"faces": {
				"north": {"uv": [0, 0, 0.25, 1], "texture": "#1"},
				"east": {"uv": [0, 0, 3, 1], "texture": "#1"},
				"south": {"uv": [0, 0, 0.25, 1], "texture": "#1"},
				"west": {"uv": [0, 0, 3, 1], "texture": "#1"},
				"up": {"uv": [0, 0, 0.25, 3], "texture": "#1"},
				"down": {"uv": [0, 0, 0.25, 3], "texture": "#1"}
			}
		},
		{
			"from": [7.5, 7.5, -6.5],
			"to": [7.75, 8.5, -3.5],
			"rotation": {"angle": 0, "axis": "y", "origin": [0, 0, -4]},
			"faces": {
				"north": {"uv": [0, 0, 0.25, 1], "texture": "#1"},
				"east": {"uv": [0, 0, 3, 1], "texture": "#1"},
				"south": {"uv": [0, 0, 0.25, 1], "texture": "#1"},
				"west": {"uv": [0, 0, 3, 1], "texture": "#1"},
				"up": {"uv": [0, 0, 0.25, 3], "texture": "#1"},
				"down": {"uv": [0, 0, 0.25, 3], "texture": "#1"}
			}
		},
		{
			"from": [7.75, 7.5, -6.5],
			"to": [8.25, 7.75, -3.5],
			"rotation": {"angle": 0, "axis": "y", "origin": [0, 0, -4]},
			"faces": {
				"north": {"uv": [0, 0, 0.5, 0.25], "texture": "#1"},
				"east": {"uv": [0, 0, 3, 0.25], "texture": "#1"},
				"south": {"uv": [0, 0, 0.5, 0.25], "texture": "#1"},
				"west": {"uv": [0, 0, 3, 0.25], "texture": "#1"},
				"up": {"uv": [0, 0, 0.5, 3], "texture": "#1"},
				"down": {"uv": [0, 0, 0.5, 3], "texture": "#1"}
			}
		},
		{
			"from": [7.75, 8.25, -6.5],
			"to": [8.25, 8.5, -3.5],
			"rotation": {"angle": 0, "axis": "y", "origin": [0, 0, -4]},
			"faces": {
				"north": {"uv": [0, 0, 0.5, 0.25], "texture": "#1"},
				"east": {"uv": [0, 0, 3, 0.25], "texture": "#1"},
				"south": {"uv": [0, 0, 0.5, 0.25], "texture": "#1"},
				"west": {"uv": [0, 0, 3, 0.25], "texture": "#1"},
				"up": {"uv": [0, 0, 0.5, 3], "texture": "#1"},
				"down": {"uv": [0, 0, 0.5, 3], "texture": "#1"}
			}
		},
		{
			"from": [8.25, 8.25, -7],
			"to": [8.5, 8.5, -6.5],
			"rotation": {"angle": 0, "axis": "y", "origin": [0, 0, -4]},
			"faces": {
				"north": {"uv": [0, 0, 0.25, 0.25], "texture": "#1"},
				"east": {"uv": [0, 0, 0.5, 0.25], "texture": "#1"},
				"south": {"uv": [0, 0, 0.25, 0.25], "texture": "#1"},
				"west": {"uv": [0, 0, 0.5, 0.25], "texture": "#1"},
				"up": {"uv": [0, 0, 0.25, 0.5], "texture": "#1"},
				"down": {"uv": [0, 0, 0.25, 0.5], "texture": "#1"}
			}
		},
		{
			"from": [7.5, 8.25, -7.25],
			"to": [8.5, 8.5, -7],
			"rotation": {"angle": 0, "axis": "y", "origin": [0, 0, -4]},
			"faces": {
				"north": {"uv": [0, 0, 1, 0.25], "texture": "#1"},
				"east": {"uv": [0, 0, 0.25, 0.25], "texture": "#1"},
				"south": {"uv": [0, 0, 1, 0.25], "texture": "#1"},
				"west": {"uv": [0, 0, 0.25, 0.25], "texture": "#1"},
				"up": {"uv": [0, 0, 1, 0.25], "texture": "#1"},
				"down": {"uv": [0, 0, 1, 0.25], "texture": "#1"}
			}
		},
		{
			"from": [7.5, 7.5, -7.25],
			"to": [8.5, 7.75, -7],
			"rotation": {"angle": 0, "axis": "y", "origin": [0, 0, -4]},
			"faces": {
				"north": {"uv": [0, 0, 1, 0.25], "texture": "#1"},
				"east": {"uv": [0, 0, 0.25, 0.25], "texture": "#1"},
				"south": {"uv": [0, 0, 1, 0.25], "texture": "#1"},
				"west": {"uv": [0, 0, 0.25, 0.25], "texture": "#1"},
				"up": {"uv": [0, 0, 1, 0.25], "texture": "#1"},
				"down": {"uv": [0, 0, 1, 0.25], "texture": "#1"}
			}
		},
		{
			"from": [8.25, 7.75, -7.25],
			"to": [8.5, 8.25, -7],
			"rotation": {"angle": 0, "axis": "y", "origin": [0, 0, -4]},
			"faces": {
				"north": {"uv": [0, 0, 0.25, 0.5], "texture": "#1"},
				"east": {"uv": [0, 0, 0.25, 0.5], "texture": "#1"},
				"south": {"uv": [0, 0, 0.25, 0.5], "texture": "#1"},
				"west": {"uv": [0, 0, 0.25, 0.5], "texture": "#1"},
				"up": {"uv": [0, 0, 0.25, 0.25], "texture": "#1"},
				"down": {"uv": [0, 0, 0.25, 0.25], "texture": "#1"}
			}
		},
		{
			"from": [7.5, 7.75, -7.25],
			"to": [7.75, 8.25, -7],
			"rotation": {"angle": 0, "axis": "y", "origin": [0, 0, -4]},
			"faces": {
				"north": {"uv": [0, 0, 0.25, 0.5], "texture": "#1"},
				"east": {"uv": [0, 0, 0.25, 0.5], "texture": "#1"},
				"south": {"uv": [0, 0, 0.25, 0.5], "texture": "#1"},
				"west": {"uv": [0, 0, 0.25, 0.5], "texture": "#1"},
				"up": {"uv": [0, 0, 0.25, 0.25], "texture": "#1"},
				"down": {"uv": [0, 0, 0.25, 0.25], "texture": "#1"}
			}
		},
		{
			"from": [7.5, 8.25, -7],
			"to": [7.75, 8.5, -6.5],
			"rotation": {"angle": 0, "axis": "y", "origin": [0, 0, -4]},
			"faces": {
				"north": {"uv": [0, 0, 0.25, 0.25], "texture": "#1"},
				"east": {"uv": [0, 0, 0.5, 0.25], "texture": "#1"},
				"south": {"uv": [0, 0, 0.25, 0.25], "texture": "#1"},
				"west": {"uv": [0, 0, 0.5, 0.25], "texture": "#1"},
				"up": {"uv": [0, 0, 0.25, 0.5], "texture": "#1"},
				"down": {"uv": [0, 0, 0.25, 0.5], "texture": "#1"}
			}
		},
		{
			"from": [7.5, 7.5, -7],
			"to": [7.75, 7.75, -6.5],
			"rotation": {"angle": 0, "axis": "y", "origin": [0, 0, -4]},
			"faces": {
				"north": {"uv": [0, 0, 0.25, 0.25], "texture": "#1"},
				"east": {"uv": [0, 0, 0.5, 0.25], "texture": "#1"},
				"south": {"uv": [0, 0, 0.25, 0.25], "texture": "#1"},
				"west": {"uv": [0, 0, 0.5, 0.25], "texture": "#1"},
				"up": {"uv": [0, 0, 0.25, 0.5], "texture": "#1"},
				"down": {"uv": [0, 0, 0.25, 0.5], "texture": "#1"}
			}
		},
		{
			"from": [8.25, 7.5, -7],
			"to": [8.5, 7.75, -6.5],
			"rotation": {"angle": 0, "axis": "y", "origin": [0, 0, -4]},
			"faces": {
				"north": {"uv": [0, 0, 0.25, 0.25], "texture": "#1"},
				"east": {"uv": [0, 0, 0.5, 0.25], "texture": "#1"},
				"south": {"uv": [0, 0, 0.25, 0.25], "texture": "#1"},
				"west": {"uv": [0, 0, 0.5, 0.25], "texture": "#1"},
				"up": {"uv": [0, 0, 0.25, 0.5], "texture": "#1"},
				"down": {"uv": [0, 0, 0.25, 0.5], "texture": "#1"}
			}
		},
		{
			"from": [8.125, 10.25, 10.5],
			"to": [8.375, 11.25, 10.75],
			"rotation": {"angle": 22.5, "axis": "x", "origin": [0, 0, 0]},
			"faces": {
				"north": {"uv": [0, 0, 0.25, 1], "texture": "#3"},
				"east": {"uv": [0, 0, 0.25, 1], "texture": "#3"},
				"south": {"uv": [0, 0, 0.25, 1], "texture": "#3"},
				"west": {"uv": [0, 0, 0.25, 1], "texture": "#3"},
				"up": {"uv": [0, 0, 0.25, 0.25], "texture": "#3"},
				"down": {"uv": [0, 0, 0.25, 0.25], "texture": "#3"}
			}
		},
		{
			"from": [7.75, 9.25, 8.75],
			"to": [8.25, 9.75, 11.5],
			"faces": {
				"north": {"uv": [0, 0, 3, 3], "texture": "#0"},
				"east": {"uv": [0, 0, 5, 4], "texture": "#0"},
				"south": {"uv": [0, 0, 3, 3], "texture": "#0"},
				"west": {"uv": [0, 0, 5, 4], "texture": "#0"},
				"up": {"uv": [0, 0, 5, 3], "texture": "#0"},
				"down": {"uv": [0, 0, 1, 2.25], "texture": "#0"}
			}
		},
		{
			"from": [7.5, 9.75, 9],
			"to": [8.5, 10.75, 11.25],
			"faces": {
				"north": {"uv": [0, 0, 16, 16], "texture": "#2"},
				"east": {"uv": [0, 0, 16, 16], "texture": "#2"},
				"south": {"uv": [0, 0, 16, 16], "texture": "#2"},
				"west": {"uv": [0, 0, 16, 16], "texture": "#2"},
				"up": {"uv": [0, 0, 16, 16], "texture": "#2"},
				"down": {"uv": [0, 0, 16, 16], "texture": "#2"}
			}
		},
		{
			"from": [7.5, 9.25, 13.5],
			"to": [8.5, 9.75, 15.75],
			"faces": {
				"north": {"uv": [0, 0, 1, 0.5], "texture": "#3"},
				"east": {"uv": [0, 0, 2.25, 0.5], "texture": "#3"},
				"south": {"uv": [0, 0, 1, 0.5], "texture": "#3"},
				"west": {"uv": [0, 0, 2.25, 0.5], "texture": "#3"},
				"up": {"uv": [0, 0, 1, 2.25], "texture": "#3"},
				"down": {"uv": [0, 0, 1, 2.25], "texture": "#3"}
			}
		},
		{
			"from": [7.5, 9.75, 14],
			"to": [7.75, 10.25, 14.25],
			"faces": {
				"north": {"uv": [0, 0, 0.25, 0.5], "texture": "#3"},
				"east": {"uv": [0, 0, 0.25, 0.5], "texture": "#3"},
				"south": {"uv": [0, 0, 0.25, 0.5], "texture": "#3"},
				"west": {"uv": [0, 0, 0.25, 0.5], "texture": "#3"},
				"up": {"uv": [0, 0, 0.25, 0.25], "texture": "#3"},
				"down": {"uv": [0, 0, 0.25, 0.25], "texture": "#3"}
			}
		},
		{
			"from": [8.25, 9.75, 14],
			"to": [8.5, 10.25, 14.25],
			"faces": {
				"north": {"uv": [0, 0, 0.25, 0.5], "texture": "#3"},
				"east": {"uv": [0, 0, 0.25, 0.5], "texture": "#3"},
				"south": {"uv": [0, 0, 0.25, 0.5], "texture": "#3"},
				"west": {"uv": [0, 0, 0.25, 0.5], "texture": "#3"},
				"up": {"uv": [0, 0, 0.25, 0.25], "texture": "#3"},
				"down": {"uv": [0, 0, 0.25, 0.25], "texture": "#3"}
			}
		},
		{
			"from": [7.75, 9.75, 14],
			"to": [8.25, 10, 14.25],
			"faces": {
				"north": {"uv": [0, 0, 0.5, 0.25], "texture": "#3"},
				"east": {"uv": [0, 0, 0.25, 0.25], "texture": "#3"},
				"south": {"uv": [0, 0, 0.5, 0.25], "texture": "#3"},
				"west": {"uv": [0, 0, 0.25, 0.25], "texture": "#3"},
				"up": {"uv": [0, 0, 0.5, 0.25], "texture": "#3"},
				"down": {"uv": [0, 0, 0.5, 0.25], "texture": "#3"}
			}
		},
		{
			"from": [7.75, 10.75, 8.75],
			"to": [8.25, 11, 11.5],
			"faces": {
				"north": {"uv": [0, 0, 1, 0.25], "texture": "#0"},
				"east": {"uv": [0, 0, 2.25, 0.25], "texture": "#0"},
				"south": {"uv": [0, 0, 1, 0.25], "texture": "#0"},
				"west": {"uv": [0, 0, 2.25, 0.25], "texture": "#0"},
				"up": {"uv": [14, 11, 16, 15], "texture": "#0"},
				"down": {"uv": [0, 0, 4, 3], "texture": "#0"}
			}
		},
		{
			"from": [7.5, 10.5, 8.75],
			"to": [7.75, 11, 11.5],
			"faces": {
				"north": {"uv": [0, 0, 1, 0.25], "texture": "#0"},
				"east": {"uv": [0, 0, 2.25, 0.25], "texture": "#0"},
				"south": {"uv": [0, 0, 1, 0.25], "texture": "#0"},
				"west": {"uv": [0, 0, 2.25, 0.25], "texture": "#0"},
				"up": {"uv": [14, 11, 16, 15], "texture": "#0"},
				"down": {"uv": [0, 0, 4, 3], "texture": "#0"}
			}
		},
		{
			"from": [7.5, 9.5, 8.75],
			"to": [7.75, 10, 11.5],
			"faces": {
				"north": {"uv": [0, 0, 1, 0.25], "texture": "#0"},
				"east": {"uv": [0, 0, 2.25, 0.25], "texture": "#0"},
				"south": {"uv": [0, 0, 1, 0.25], "texture": "#0"},
				"west": {"uv": [0, 0, 2.25, 0.25], "texture": "#0"},
				"up": {"uv": [14, 11, 16, 15], "texture": "#0"},
				"down": {"uv": [0, 0, 4, 3], "texture": "#0"}
			}
		},
		{
			"from": [8.25, 9.5, 8.75],
			"to": [8.5, 10, 11.5],
			"faces": {
				"north": {"uv": [0, 0, 1, 0.25], "texture": "#0"},
				"east": {"uv": [0, 0, 2.25, 0.25], "texture": "#0"},
				"south": {"uv": [0, 0, 1, 0.25], "texture": "#0"},
				"west": {"uv": [0, 0, 2.25, 0.25], "texture": "#0"},
				"up": {"uv": [14, 11, 16, 15], "texture": "#0"},
				"down": {"uv": [0, 0, 4, 3], "texture": "#0"}
			}
		},
		{
			"from": [8.25, 10.5, 8.75],
			"to": [8.5, 11, 11.5],
			"faces": {
				"north": {"uv": [0, 0, 1, 0.25], "texture": "#0"},
				"east": {"uv": [0, 0, 2.25, 0.25], "texture": "#0"},
				"south": {"uv": [0, 0, 1, 0.25], "texture": "#0"},
				"west": {"uv": [0, 0, 2.25, 0.25], "texture": "#0"},
				"up": {"uv": [14, 11, 16, 15], "texture": "#0"},
				"down": {"uv": [0, 0, 4, 3], "texture": "#0"}
			}
		},
		{
			"from": [7.25, 9.75, 8.75],
			"to": [7.5, 10.75, 11.5],
			"faces": {
				"north": {"uv": [0, 0, 1, 0.25], "rotation": 90, "texture": "#0"},
				"east": {"uv": [0, 0, 5, 3], "rotation": 270, "texture": "#0"},
				"south": {"uv": [0, 0, 1, 0.25], "rotation": 270, "texture": "#0"},
				"west": {"uv": [0, 0, 5, 3], "rotation": 270, "texture": "#0"},
				"up": {"uv": [0, 0, 5, 3], "rotation": 270, "texture": "#0"},
				"down": {"uv": [0, 0, 5, 3], "rotation": 270, "texture": "#0"}
			}
		},
		{
			"from": [8.5, 9.75, 8.75],
			"to": [8.75, 10.75, 11.5],
			"faces": {
				"north": {"uv": [0, 0, 1, 0.25], "rotation": 90, "texture": "#0"},
				"east": {"uv": [0, 0, 5, 3], "rotation": 270, "texture": "#0"},
				"south": {"uv": [0, 0, 1, 0.25], "rotation": 270, "texture": "#0"},
				"west": {"uv": [0, 0, 4, 3], "rotation": 270, "texture": "#0"},
				"up": {"uv": [0, 0, 3, 2], "rotation": 270, "texture": "#0"},
				"down": {"uv": [0, 0, 3, 2], "rotation": 270, "texture": "#0"}
			}
		},
		{
			"from": [9.001, 8, 9],
			"to": [9.001, 8.5, 11.25],
			"faces": {
				"north": {"uv": [0, 0, 0, 0.5], "texture": "#4"},
				"east": {"uv": [0, 0, 2.25, 0.5], "texture": "#4"},
				"south": {"uv": [0, 0, 0, 0.5], "texture": "#4"},
				"west": {"uv": [0, 0, 2.25, 0.5], "texture": "#4"},
				"up": {"uv": [0, 0, 0, 2.25], "texture": "#4"},
				"down": {"uv": [0, 0, 0, 2.25], "texture": "#4"}
			}
		},
		{
			"from": [9, 8.125, 9.125],
			"to": [9.565, 8.246, 9.246],
			"faces": {
				"north": {"uv": [0, 0, 0.565, 0.121], "texture": "#3"},
				"east": {"uv": [0, 0, 0.121, 0.121], "texture": "#3"},
				"south": {"uv": [0, 0, 0.565, 0.121], "texture": "#3"},
				"west": {"uv": [0, 0, 0.121, 0.121], "texture": "#3"},
				"up": {"uv": [0, 0, 0.565, 0.121], "texture": "#3"},
				"down": {"uv": [0, 0, 0.565, 0.121], "texture": "#3"}
			}
		}
	],
	"display": {
		"thirdperson_righthand": {
			"translation": [0, 2, -2.75],
			"scale": [0.75, 0.75, 0.75]
		},
		"thirdperson_lefthand": {
			"translation": [0, 2, -2],
			"scale": [0.75, 0.75, 0.75]
		},
		"firstperson_righthand": {
			"rotation": [0, 3, 0],
			"translation": [-3.25, 4.75, 0.25],
			"scale": [1, 1, 0.74]
		},
		"firstperson_lefthand": {
			"rotation": [0, 3, 0],
			"translation": [-3.25, 4.25, 0.25],
			"scale": [1, 1, 0.74]
		},
		"ground": {
			"translation": [0, 2.5, 0]
		},
		"gui": {
			"rotation": [29, -28, 33],
			"translation": [0, 1.75, 0]
		},
		"fixed": {
			"rotation": [0, 90, 0],
			"translation": [0, 0, -2.5]
		}
	}
}