{
	"credit": "Made with Blockbench",
	"texture_size": [32, 32],
	"textures": {
		"0": "wargames/rpg",
		"particle": "wargames/rpg"
	},
	"elements": [
		{
			"from": [6, 7, 10],
			"to": [8, 9.05, 16],
			"rotation": {"angle": 0, "axis": "y", "origin": [7.5, 8, 8]},
			"faces": {
				"north": {"uv": [6, 5, 7, 6], "texture": "#0"},
				"east": {"uv": [0, 1, 3, 2], "texture": "#0"},
				"south": {"uv": [4.5, 2, 5.5, 3], "texture": "#0"},
				"west": {"uv": [0, 0, 3, 1], "texture": "#0"},
				"up": {"uv": [1, 5, 0, 2], "rotation": 180, "texture": "#0"},
				"down": {"uv": [2, 2, 1, 5], "rotation": 180, "texture": "#0"}
			}
		},
		{
			"from": [6, 7, 5],
			"to": [8, 9, 10],
			"rotation": {"angle": 0, "axis": "y", "origin": [7.5, 8, 8]},
			"faces": {
				"north": {"uv": [4, 6.5, 5, 7.5], "texture": "#0"},
				"east": {"uv": [3, 0, 5.5, 1], "texture": "#0"},
				"south": {"uv": [6.5, 3, 7.5, 4], "texture": "#0"},
				"west": {"uv": [2, 2, 4.5, 3], "texture": "#0"},
				"up": {"uv": [3, 5.5, 2, 3], "rotation": 180, "texture": "#0"},
				"down": {"uv": [4, 3, 3, 5.5], "rotation": 180, "texture": "#0"}
			}
		},
		{
			"from": [6.375, 7.5, 16],
			"to": [7.625, 8.5, 19.25],
			"rotation": {"angle": 0, "axis": "y", "origin": [7.5, 8, 8]},
			"faces": {
				"north": {"uv": [8.5, 5, 9.25, 5.5], "texture": "#0"},
				"east": {"uv": [7.5, 2, 9.25, 2.5], "texture": "#0"},
				"south": {"uv": [8.5, 1, 9.25, 1.5], "texture": "#0"},
				"west": {"uv": [7.5, 1.5, 9.25, 2], "texture": "#0"},
				"up": {"uv": [1.75, 6.75, 1, 5], "rotation": 180, "texture": "#0"},
				"down": {"uv": [5.75, 4, 5, 5.75], "rotation": 180, "texture": "#0"}
			}
		},
		{
			"from": [6.25, 7.225, 19.25],
			"to": [7.75, 8.725, 22.25],
			"rotation": {"angle": 0, "axis": "y", "origin": [7.5, 8, 8]},
			"faces": {
				"north": {"uv": [8, 3, 8.75, 3.75], "texture": "#0"},
				"east": {"uv": [5, 6, 6.5, 6.75], "texture": "#0"},
				"south": {"uv": [3, 8, 3.75, 8.75], "texture": "#0"},
				"west": {"uv": [6, 4, 7.5, 4.75], "texture": "#0"},
				"up": {"uv": [7.25, 1.5, 6.5, 0], "rotation": 180, "texture": "#0"},
				"down": {"uv": [7.25, 1.5, 6.5, 3], "rotation": 180, "texture": "#0"}
			}
		},
		{
			"from": [6.25, 7.25, 0],
			"to": [7.75, 8.75, 5],
			"rotation": {"angle": 0, "axis": "y", "origin": [7.5, 8, 8]},
			"faces": {
				"north": {"uv": [6, 8, 6.75, 8.75], "texture": "#0"},
				"east": {"uv": [4, 3, 6.5, 3.75], "texture": "#0"},
				"south": {"uv": [5, 8, 5.75, 8.75], "texture": "#0"},
				"west": {"uv": [3, 1, 5.5, 1.75], "texture": "#0"},
				"up": {"uv": [4.75, 6.5, 4, 4], "rotation": 180, "texture": "#0"},
				"down": {"uv": [0.75, 5, 0, 7.5], "rotation": 180, "texture": "#0"}
			}
		},
		{
			"from": [6.75, 8.75, 0],
			"to": [7.25, 9.5, 1.75],
			"rotation": {"angle": 0, "axis": "y", "origin": [7.5, 8, 8]},
			"faces": {
				"north": {"uv": [5, 10, 5.25, 10.5], "texture": "#0"},
				"east": {"uv": [8.5, 0.5, 9.5, 1], "texture": "#0"},
				"south": {"uv": [4.5, 10, 4.75, 10.5], "texture": "#0"},
				"west": {"uv": [8.5, 0, 9.5, 0.5], "texture": "#0"},
				"up": {"uv": [9.75, 6.5, 9.5, 5.5], "rotation": 180, "texture": "#0"},
				"down": {"uv": [6.75, 9.5, 6.5, 10.5], "rotation": 180, "texture": "#0"}
			}
		},
		{
			"from": [6.75, 6.5, 5.5],
			"to": [7.25, 7, 7],
			"rotation": {"angle": 0, "axis": "y", "origin": [7.5, 8, 8]},
			"faces": {
				"north": {"uv": [11, 8, 11.25, 8.25], "texture": "#0"},
				"east": {"uv": [10, 2.5, 10.75, 2.75], "texture": "#0"},
				"south": {"uv": [8, 11, 8.25, 11.25], "texture": "#0"},
				"west": {"uv": [10, 2, 10.75, 2.25], "texture": "#0"},
				"up": {"uv": [2.25, 10.75, 2, 10], "rotation": 180, "texture": "#0"},
				"down": {"uv": [10.25, 3, 10, 3.75], "rotation": 180, "texture": "#0"}
			}
		},
		{
			"from": [6.75, 5.25, 6.25],
			"to": [7.25, 6.5, 7],
			"rotation": {"angle": 0, "axis": "y", "origin": [7.5, 8, 8]},
			"faces": {
				"north": {"uv": [4, 10, 4.25, 10.75], "texture": "#0"},
				"east": {"uv": [9, 3, 9.5, 3.75], "texture": "#0"},
				"south": {"uv": [3.5, 10, 3.75, 10.75], "texture": "#0"},
				"west": {"uv": [0.5, 9, 1, 9.75], "texture": "#0"},
				"up": {"uv": [10.75, 6.5, 10.5, 6], "rotation": 180, "texture": "#0"},
				"down": {"uv": [6.75, 10.5, 6.5, 11], "rotation": 180, "texture": "#0"}
			}
		},
		{
			"from": [6.75, 5.25, 9.25],
			"to": [7.25, 7, 10],
			"rotation": {"angle": 0, "axis": "y", "origin": [7.5, 8, 8]},
			"faces": {
				"north": {"uv": [0, 10, 0.25, 11], "texture": "#0"},
				"east": {"uv": [2, 8.5, 2.5, 9.5], "texture": "#0"},
				"south": {"uv": [9.5, 9, 9.75, 10], "texture": "#0"},
				"west": {"uv": [1.5, 8.5, 2, 9.5], "texture": "#0"},
				"up": {"uv": [10.75, 9, 10.5, 8.5], "rotation": 180, "texture": "#0"},
				"down": {"uv": [9.25, 10.5, 9, 11], "rotation": 180, "texture": "#0"}
			}
		},
		{
			"from": [6.75, 5.6, 5.5],
			"to": [7.25, 5.7, 6.25],
			"rotation": {"angle": 0, "axis": "y", "origin": [7.5, 8, 8]},
			"faces": {
				"north": {"uv": [11, 8.5, 11.25, 8.75], "texture": "#0"},
				"east": {"uv": [7, 10.5, 7.5, 10.75], "texture": "#0"},
				"south": {"uv": [8.5, 11, 8.75, 11.25], "texture": "#0"},
				"west": {"uv": [10.5, 6.5, 11, 6.75], "texture": "#0"},
				"up": {"uv": [10.75, 7.5, 10.5, 7], "rotation": 180, "texture": "#0"},
				"down": {"uv": [7.75, 10.5, 7.5, 11], "rotation": 180, "texture": "#0"}
			}
		},
		{
			"from": [6.75, 5.7, 5.5],
			"to": [7.25, 6.5, 5.6],
			"rotation": {"angle": 0, "axis": "y", "origin": [7.5, 8, 8]},
			"faces": {
				"north": {"uv": [10.5, 8, 10.75, 8.5], "texture": "#0"},
				"east": {"uv": [8.5, 10.5, 8.75, 11], "texture": "#0"},
				"south": {"uv": [10.5, 7.5, 10.75, 8], "texture": "#0"},
				"west": {"uv": [8, 10.5, 8.25, 11], "texture": "#0"},
				"up": {"uv": [9.25, 11.25, 9, 11], "rotation": 180, "texture": "#0"},
				"down": {"uv": [11.25, 9, 11, 9.25], "rotation": 180, "texture": "#0"}
			}
		},
		{
			"from": [6.7504, 6.97847, 5.42524],
			"to": [7.2499, 7.52847, 5.52524],
			"rotation": {"angle": 0, "axis": "y", "origin": [7.5, 8, 8]},
			"faces": {
				"north": {"uv": [10, 11, 10.25, 11.25], "texture": "#0"},
				"east": {"uv": [11, 10, 11.25, 10.25], "texture": "#0"},
				"south": {"uv": [9.5, 11, 9.75, 11.25], "texture": "#0"},
				"west": {"uv": [11, 9.5, 11.25, 9.75], "texture": "#0"},
				"up": {"uv": [10.75, 11.25, 10.5, 11], "rotation": 180, "texture": "#0"},
				"down": {"uv": [11.25, 10.5, 11, 10.75], "rotation": 180, "texture": "#0"}
			}
		},
		{
			"from": [6, 8.725, 22.25],
			"to": [8, 8.975, 24.5],
			"rotation": {"angle": 0, "axis": "y", "origin": [7.5, 8, 8]},
			"faces": {
				"north": {"uv": [4.5, 9.5, 5.5, 9.75], "texture": "#0"},
				"east": {"uv": [9, 4, 10.25, 4.25], "texture": "#0"},
				"south": {"uv": [3.5, 9.5, 4.5, 9.75], "texture": "#0"},
				"west": {"uv": [4, 9, 5.25, 9.25], "texture": "#0"},
				"up": {"uv": [6.5, 1.25, 5.5, 0], "rotation": 180, "texture": "#0"},
				"down": {"uv": [6.5, 1.5, 5.5, 2.75], "rotation": 180, "texture": "#0"}
			}
		},
		{
			"from": [6, 6.975, 22.25],
			"to": [8, 7.225, 24.5],
			"rotation": {"angle": 0, "axis": "y", "origin": [7.5, 8, 8]},
			"faces": {
				"north": {"uv": [5.5, 9.5, 6.5, 9.75], "texture": "#0"},
				"east": {"uv": [5.5, 9, 6.75, 9.25], "texture": "#0"},
				"south": {"uv": [9.5, 5, 10.5, 5.25], "texture": "#0"},
				"west": {"uv": [9, 4.5, 10.25, 4.75], "texture": "#0"},
				"up": {"uv": [3, 6.75, 2, 5.5], "rotation": 180, "texture": "#0"},
				"down": {"uv": [4, 5.5, 3, 6.75], "rotation": 180, "texture": "#0"}
			}
		},
		{
			"from": [7.75, 7.225, 22.25],
			"to": [8, 8.725, 24.5],
			"rotation": {"angle": 0, "axis": "y", "origin": [7.5, 8, 8]},
			"faces": {
				"north": {"uv": [1, 10, 1.25, 10.75], "texture": "#0"},
				"east": {"uv": [1, 7, 2.25, 7.75], "texture": "#0"},
				"south": {"uv": [0.5, 10, 0.75, 10.75], "texture": "#0"},
				"west": {"uv": [6.5, 6, 7.75, 6.75], "texture": "#0"},
				"up": {"uv": [9.25, 7.25, 9, 6], "rotation": 180, "texture": "#0"},
				"down": {"uv": [7.25, 9, 7, 10.25], "rotation": 180, "texture": "#0"}
			}
		},
		{
			"from": [6, 7.225, 22.25],
			"to": [6.25, 8.725, 24.5],
			"rotation": {"angle": 0, "axis": "y", "origin": [7.5, 8, 8]},
			"faces": {
				"north": {"uv": [1.5, 10, 1.75, 10.75], "texture": "#0"},
				"east": {"uv": [5, 7, 6.25, 7.75], "texture": "#0"},
				"south": {"uv": [10, 1, 10.25, 1.75], "texture": "#0"},
				"west": {"uv": [2.5, 7, 3.75, 7.75], "texture": "#0"},
				"up": {"uv": [7.75, 10.25, 7.5, 9], "rotation": 180, "texture": "#0"},
				"down": {"uv": [9.25, 7.5, 9, 8.75], "rotation": 180, "texture": "#0"}
			}
		},
		{
			"from": [6.575, 7.65, -0.75],
			"to": [7.425, 8.4, 0],
			"rotation": {"angle": 0, "axis": "y", "origin": [7.5, 8, 8]},
			"faces": {
				"north": {"uv": [9.5, 7, 10, 7.5], "texture": "#0"},
				"east": {"uv": [10, 5.5, 10.25, 6], "texture": "#0"},
				"south": {"uv": [9.5, 6.5, 10, 7], "texture": "#0"},
				"west": {"uv": [5.5, 10, 5.75, 10.5], "texture": "#0"},
				"up": {"uv": [6.5, 10.25, 6, 10], "rotation": 180, "texture": "#0"},
				"down": {"uv": [10.5, 6, 10, 6.25], "rotation": 180, "texture": "#0"}
			}
		},
		{
			"from": [6.325, 7.4, -3.5],
			"to": [7.675, 8.65, -0.75],
			"rotation": {"angle": 0, "axis": "y", "origin": [7.5, 8, 8]},
			"faces": {
				"north": {"uv": [7, 8, 7.75, 8.75], "texture": "#0"},
				"east": {"uv": [6.5, 7, 7.75, 7.75], "texture": "#0"},
				"south": {"uv": [8, 6, 8.75, 6.75], "texture": "#0"},
				"west": {"uv": [7, 5, 8.25, 5.75], "texture": "#0"},
				"up": {"uv": [0.75, 8.75, 0, 7.5], "rotation": 180, "texture": "#0"},
				"down": {"uv": [8.25, 0, 7.5, 1.25], "rotation": 180, "texture": "#0"}
			}
		},
		{
			"from": [6.575, 7.15, -3.5],
			"to": [7.425, 7.4, -1],
			"rotation": {"angle": 0, "axis": "y", "origin": [7.5, 8, 8]},
			"faces": {
				"north": {"uv": [8, 10, 8.5, 10.25], "texture": "#0"},
				"east": {"uv": [1, 9.5, 2.25, 9.75], "texture": "#0"},
				"south": {"uv": [10, 7.5, 10.5, 7.75], "texture": "#0"},
				"west": {"uv": [9.5, 0.5, 10.75, 0.75], "texture": "#0"},
				"up": {"uv": [5, 8.75, 4.5, 7.5], "rotation": 180, "texture": "#0"},
				"down": {"uv": [1.5, 8, 1, 9.25], "rotation": 180, "texture": "#0"}
			}
		},
		{
			"from": [6.075, 7.65, -3.5],
			"to": [6.325, 8.5, -1],
			"rotation": {"angle": 0, "axis": "y", "origin": [7.5, 8, 8]},
			"faces": {
				"north": {"uv": [8.5, 10, 8.75, 10.5], "texture": "#0"},
				"east": {"uv": [7.5, 4.5, 8.75, 5], "texture": "#0"},
				"south": {"uv": [10, 8, 10.25, 8.5], "texture": "#0"},
				"west": {"uv": [7.5, 4, 8.75, 4.5], "texture": "#0"},
				"up": {"uv": [9.75, 2.25, 9.5, 1], "rotation": 180, "texture": "#0"},
				"down": {"uv": [2.75, 9.5, 2.5, 10.75], "rotation": 180, "texture": "#0"}
			}
		},
		{
			"from": [7.675, 7.65, -3.5],
			"to": [7.925, 8.5, -1],
			"rotation": {"angle": 0, "axis": "y", "origin": [7.5, 8, 8]},
			"faces": {
				"north": {"uv": [9, 10, 9.25, 10.5], "texture": "#0"},
				"east": {"uv": [8, 2.5, 9.25, 3], "texture": "#0"},
				"south": {"uv": [10, 8.5, 10.25, 9], "texture": "#0"},
				"west": {"uv": [1.5, 8, 2.75, 8.5], "texture": "#0"},
				"up": {"uv": [9.75, 3.75, 9.5, 2.5], "rotation": 180, "texture": "#0"},
				"down": {"uv": [3.25, 9.5, 3, 10.75], "rotation": 180, "texture": "#0"}
			}
		},
		{
			"from": [6.575, 8.65, -3.5],
			"to": [7.425, 8.9, -1],
			"rotation": {"angle": 0, "axis": "y", "origin": [7.5, 8, 8]},
			"faces": {
				"north": {"uv": [10, 7, 10.5, 7.25], "texture": "#0"},
				"east": {"uv": [9.5, 0, 10.75, 0.25], "texture": "#0"},
				"south": {"uv": [10, 6.5, 10.5, 6.75], "texture": "#0"},
				"west": {"uv": [8, 9, 9.25, 9.25], "texture": "#0"},
				"up": {"uv": [8, 3.75, 7.5, 2.5], "rotation": 180, "texture": "#0"},
				"down": {"uv": [4.5, 7.5, 4, 8.75], "rotation": 180, "texture": "#0"}
			}
		},
		{
			"from": [6.325, 7.4, -4.75],
			"to": [7.675, 8.65, -3.5],
			"rotation": {"angle": 0, "axis": "y", "origin": [7.5, 8, 8]},
			"faces": {
				"north": {"uv": [8, 8, 8.75, 8.75], "texture": "#0"},
				"east": {"uv": [0, 9, 0.5, 9.75], "texture": "#0"},
				"south": {"uv": [8, 7, 8.75, 7.75], "texture": "#0"},
				"west": {"uv": [2.5, 8.5, 3, 9.25], "texture": "#0"},
				"up": {"uv": [9.25, 6, 8.5, 5.5], "rotation": 180, "texture": "#0"},
				"down": {"uv": [3.75, 9, 3, 9.5], "rotation": 180, "texture": "#0"}
			}
		},
		{
			"from": [6.175, 7.9, -4.5],
			"to": [6.425, 8.25, -3.5],
			"rotation": {"angle": 0, "axis": "y", "origin": [7.5, 8, 8]},
			"faces": {
				"north": {"uv": [10.5, 10.5, 10.75, 10.75], "texture": "#0"},
				"east": {"uv": [4.5, 10.5, 5, 10.75], "texture": "#0"},
				"south": {"uv": [10.5, 10, 10.75, 10.25], "texture": "#0"},
				"west": {"uv": [10.5, 4, 11, 4.25], "texture": "#0"},
				"up": {"uv": [10.75, 5, 10.5, 4.5], "rotation": 180, "texture": "#0"},
				"down": {"uv": [5.25, 10.5, 5, 11], "rotation": 180, "texture": "#0"}
			}
		},
		{
			"from": [6.825, 8.65, -4.5],
			"to": [7.175, 8.9, -3.5],
			"rotation": {"angle": 0, "axis": "y", "origin": [7.5, 8, 8]},
			"faces": {
				"north": {"uv": [11, 1.5, 11.25, 1.75], "texture": "#0"},
				"east": {"uv": [5.5, 10.5, 6, 10.75], "texture": "#0"},
				"south": {"uv": [1.5, 11, 1.75, 11.25], "texture": "#0"},
				"west": {"uv": [10.5, 5, 11, 5.25], "texture": "#0"},
				"up": {"uv": [10.75, 6, 10.5, 5.5], "rotation": 180, "texture": "#0"},
				"down": {"uv": [6.25, 10.5, 6, 11], "rotation": 180, "texture": "#0"}
			}
		},
		{
			"from": [6.825, 7.15, -4.5],
			"to": [7.175, 7.4, -3.5],
			"rotation": {"angle": 0, "axis": "y", "origin": [7.5, 8, 8]},
			"faces": {
				"north": {"uv": [9.5, 10.5, 9.75, 10.75], "texture": "#0"},
				"east": {"uv": [9.5, 10, 10, 10.25], "texture": "#0"},
				"south": {"uv": [10.5, 9, 10.75, 9.25], "texture": "#0"},
				"west": {"uv": [10, 9, 10.5, 9.25], "texture": "#0"},
				"up": {"uv": [10.25, 10, 10, 9.5], "rotation": 180, "texture": "#0"},
				"down": {"uv": [10.25, 10, 10, 10.5], "rotation": 180, "texture": "#0"}
			}
		},
		{
			"from": [7.675, 7.9, -4.5],
			"to": [7.925, 8.25, -3.5],
			"rotation": {"angle": 0, "axis": "y", "origin": [7.5, 8, 8]},
			"faces": {
				"north": {"uv": [10, 10.5, 10.25, 10.75], "texture": "#0"},
				"east": {"uv": [10.5, 1.5, 11, 1.75], "texture": "#0"},
				"south": {"uv": [10.5, 9.5, 10.75, 9.75], "texture": "#0"},
				"west": {"uv": [10.5, 1, 11, 1.25], "texture": "#0"},
				"up": {"uv": [10.75, 3.5, 10.5, 3], "rotation": 180, "texture": "#0"},
				"down": {"uv": [10.75, 3.5, 10.5, 4], "rotation": 180, "texture": "#0"}
			}
		},
		{
			"from": [6.825, 7.4, -5.5],
			"to": [7.175, 7.65, -4.75],
			"rotation": {"angle": 0, "axis": "y", "origin": [7.5, 8, 8]},
			"faces": {
				"north": {"uv": [2.5, 11, 2.75, 11.25], "texture": "#0"},
				"east": {"uv": [11, 2.5, 11.25, 2.75], "texture": "#0"},
				"south": {"uv": [2, 11, 2.25, 11.25], "texture": "#0"},
				"west": {"uv": [11, 2, 11.25, 2.25], "texture": "#0"},
				"up": {"uv": [3.25, 11.25, 3, 11], "rotation": 180, "texture": "#0"},
				"down": {"uv": [11.25, 3, 11, 3.25], "rotation": 180, "texture": "#0"}
			}
		},
		{
			"from": [7.425, 7.9, -5.5],
			"to": [7.675, 8.25, -4.75],
			"rotation": {"angle": 0, "axis": "y", "origin": [7.5, 8, 8]},
			"faces": {
				"north": {"uv": [4, 11, 4.25, 11.25], "texture": "#0"},
				"east": {"uv": [11, 4, 11.25, 4.25], "texture": "#0"},
				"south": {"uv": [3.5, 11, 3.75, 11.25], "texture": "#0"},
				"west": {"uv": [11, 3.5, 11.25, 3.75], "texture": "#0"},
				"up": {"uv": [4.75, 11.25, 4.5, 11], "rotation": 180, "texture": "#0"},
				"down": {"uv": [11.25, 4.5, 11, 4.75], "rotation": 180, "texture": "#0"}
			}
		},
		{
			"from": [6.575, 7.65, -6],
			"to": [7.425, 8.4, -4.75],
			"rotation": {"angle": 0, "axis": "y", "origin": [7.5, 8, 8]},
			"faces": {
				"north": {"uv": [9.5, 8, 10, 8.5], "texture": "#0"},
				"east": {"uv": [8.5, 9.5, 9, 10], "texture": "#0"},
				"south": {"uv": [9.5, 7.5, 10, 8], "texture": "#0"},
				"west": {"uv": [8, 9.5, 8.5, 10], "texture": "#0"},
				"up": {"uv": [10, 9, 9.5, 8.5], "rotation": 180, "texture": "#0"},
				"down": {"uv": [9.5, 9.5, 9, 10], "rotation": 180, "texture": "#0"}
			}
		},
		{
			"from": [6.825, 8.4, -5.5],
			"to": [7.175, 8.65, -4.75],
			"rotation": {"angle": 0, "axis": "y", "origin": [7.5, 8, 8]},
			"faces": {
				"north": {"uv": [0.5, 11, 0.75, 11.25], "texture": "#0"},
				"east": {"uv": [11, 0.5, 11.25, 0.75], "texture": "#0"},
				"south": {"uv": [0, 11, 0.25, 11.25], "texture": "#0"},
				"west": {"uv": [11, 0, 11.25, 0.25], "texture": "#0"},
				"up": {"uv": [1.25, 11.25, 1, 11], "rotation": 180, "texture": "#0"},
				"down": {"uv": [11.25, 1, 11, 1.25], "rotation": 180, "texture": "#0"}
			}
		},
		{
			"from": [6.825, 7.9, -6.5],
			"to": [7.175, 8.15, -5.75],
			"rotation": {"angle": 0, "axis": "y", "origin": [7.5, 8, 8]},
			"faces": {
				"north": {"uv": [7, 11, 7.25, 11.25], "texture": "#0"},
				"east": {"uv": [11, 7, 11.25, 7.25], "texture": "#0"},
				"south": {"uv": [6.5, 11, 6.75, 11.25], "texture": "#0"},
				"west": {"uv": [11, 6.5, 11.25, 6.75], "texture": "#0"},
				"up": {"uv": [7.75, 11.25, 7.5, 11], "rotation": 180, "texture": "#0"},
				"down": {"uv": [11.25, 7.5, 11, 7.75], "rotation": 180, "texture": "#0"}
			}
		},
		{
			"from": [6.425, 7.9, -5.5],
			"to": [6.675, 8.25, -4.75],
			"rotation": {"angle": 0, "axis": "y", "origin": [7.5, 8, 8]},
			"faces": {
				"north": {"uv": [5.5, 11, 5.75, 11.25], "texture": "#0"},
				"east": {"uv": [11, 5.5, 11.25, 5.75], "texture": "#0"},
				"south": {"uv": [5, 11, 5.25, 11.25], "texture": "#0"},
				"west": {"uv": [11, 5, 11.25, 5.25], "texture": "#0"},
				"up": {"uv": [6.25, 11.25, 6, 11], "rotation": 180, "texture": "#0"},
				"down": {"uv": [11.25, 6, 11, 6.25], "rotation": 180, "texture": "#0"}
			}
		}
	],
	"display": {
		"thirdperson_righthand": {
			"translation": [1.5, 1.5, 2.75]
		},
		"thirdperson_lefthand": {
			"translation": [-0.25, 1.5, 2.75]
		},
		"firstperson_righthand": {
			"rotation": [0, -8.5, 0],
			"translation": [2.25, 2.25, 0]
		},
		"firstperson_lefthand": {
			"rotation": [0, -8.5, 0],
			"translation": [0.75, 2.25, 0]
		},
		"ground": {
			"scale": [0.8, 0.8, 0.8]
		},
		"gui": {
			"rotation": [111.78, -48.42, 106.61],
			"scale": [0.5, 0.5, 0.5]
		},
		"head": {
			"translation": [-1, 0, -1.25]
		},
		"fixed": {
			"rotation": [92.12, -46.19, 93.24],
			"translation": [0.25, 1.5, 0],
			"scale": [0.75, 0.75, 0.75]
		}
	},
	"groups": [
		0,
		1,
		2,
		3,
		4,
		5,
		6,
		7,
		8,
		9,
		10,
		11,
		12,
		13,
		14,
		15,
		16,
		{
			"name": "group",
			"origin": [0.5, -8.125, 24.5],
			"color": 0,
			"children": [17, 18, 19, 20, 21, 22, 23, 24, 25, 26, 27, 28, 29, 30, 31, 32]
		}
	]
}