{
	"credit": "Made with Blockbench",
	"textures": {
		"0": "wargames/Shotgun",
		"particle": "wargames/Shotgun"
	},
	"elements": [
		{
			"from": [8.55, 10.5, -3.75],
			"to": [8.7, 10.75, -3.25],
			"faces": {
				"north": {"uv": [10.5, 0, 10.65, 0.25], "texture": "#0"},
				"east": {"uv": [8.75, 0, 9.25, 0.25], "texture": "#0"},
				"south": {"uv": [5.75, 0, 5.9, 0.25], "texture": "#0"},
				"west": {"uv": [13, 0, 13.5, 0.25], "texture": "#0"},
				"up": {"uv": [13.75, 1, 13.9, 1.5], "texture": "#0"},
				"down": {"uv": [13.75, 3, 13.9, 3.5], "texture": "#0"}
			}
		},
		{
			"from": [8.5, 10.25, -4.175],
			"to": [8.75, 10.5, 4],
			"faces": {
				"north": {"uv": [5.75, 0, 6, 0.25], "texture": "#0"},
				"east": {"uv": [5, 0, 13.4, 0.25], "texture": "#0"},
				"south": {"uv": [0, 0, 0.25, 0.25], "texture": "#0"},
				"west": {"uv": [5.75, 0, 14.15, 0.25], "texture": "#0"},
				"up": {"uv": [13.75, 0, 14, 8.4], "texture": "#0"},
				"down": {"uv": [13.75, 0.25, 14, 8.65], "texture": "#0"}
			}
		},
		{
			"from": [8.5, 11.25, -5],
			"to": [8.75, 11.5, 4],
			"faces": {
				"north": {"uv": [6.75, 0, 7, 0.25], "texture": "#0"},
				"east": {"uv": [4.75, 0, 13.75, 0.25], "texture": "#0"},
				"south": {"uv": [0, 0, 0.25, 0.25], "texture": "#0"},
				"west": {"uv": [5, 0, 14, 0.25], "texture": "#0"},
				"up": {"uv": [13.75, 0, 14, 9], "texture": "#0"},
				"down": {"uv": [13.75, 0.25, 14, 8.75], "texture": "#0"}
			}
		},
		{
			"from": [8.5, 10.75, -5],
			"to": [8.75, 11, 4],
			"faces": {
				"north": {"uv": [5.75, 0, 6, 0.25], "texture": "#0"},
				"east": {"uv": [5, 0, 14, 0.25], "texture": "#0"},
				"south": {"uv": [0, 0, 0.25, 0.25], "texture": "#0"},
				"west": {"uv": [5, 0, 14, 0.25], "texture": "#0"},
				"up": {"uv": [13.75, 0, 14, 8.75], "texture": "#0"},
				"down": {"uv": [13.75, 0, 14, 8.75], "texture": "#0"}
			}
		},
		{
			"from": [8.75, 11, -5],
			"to": [9, 11.25, 3.75],
			"faces": {
				"north": {"uv": [6.5, 0, 6.75, 0.25], "texture": "#0"},
				"east": {"uv": [5.25, 0, 14, 0.25], "texture": "#0"},
				"south": {"uv": [0, 0, 0.25, 0.25], "texture": "#0"},
				"west": {"uv": [5, 0, 13.75, 0.25], "texture": "#0"},
				"up": {"uv": [13.75, 0, 14, 8.75], "texture": "#0"},
				"down": {"uv": [13.75, 0, 14, 8.75], "texture": "#0"}
			}
		},
		{
			"from": [8.25, 11, -5],
			"to": [8.5, 11.25, 3.75],
			"faces": {
				"north": {"uv": [5.75, 0, 6, 0.25], "texture": "#0"},
				"east": {"uv": [5.25, 0, 14, 0.25], "texture": "#0"},
				"south": {"uv": [0, 0, 0.25, 0.25], "texture": "#0"},
				"west": {"uv": [5, 0, 13.75, 0.25], "texture": "#0"},
				"up": {"uv": [13.75, 0, 14, 8.75], "texture": "#0"},
				"down": {"uv": [13.75, 0, 14, 8.75], "texture": "#0"}
			}
		},
		{
			"from": [8.5, 11.5, -4.925],
			"to": [8.75, 11.75, -4.675],
			"faces": {
				"north": {"uv": [7.25, 0, 7.5, 0.25], "texture": "#0"},
				"east": {"uv": [7.75, 0, 8, 0.25], "texture": "#0"},
				"south": {"uv": [8, 0, 8.25, 0.25], "texture": "#0"},
				"west": {"uv": [5.75, 0, 6, 0.25], "texture": "#0"},
				"up": {"uv": [12, 0, 12.25, 0.25], "texture": "#0"},
				"down": {"uv": [0, 0, 0.25, 0.25], "texture": "#0"}
			}
		},
		{
			"from": [8.0751, 9.95, 1.375],
			"to": [9.1751, 11, 4],
			"faces": {
				"north": {"uv": [2.75, 0, 3.75, 1], "texture": "#0"},
				"east": {"uv": [0, 0, 2.75, 1], "texture": "#0"},
				"south": {"uv": [2.75, 0, 3.75, 1], "texture": "#0"},
				"west": {"uv": [0, 0, 2.75, 1], "texture": "#0"},
				"up": {"uv": [15, 2.75, 14, 0], "texture": "#0"},
				"down": {"uv": [16, 0, 15, 2.75], "texture": "#0"}
			}
		},
		{
			"from": [8.25, 11, 3.75],
			"to": [9, 11.6, 7.5],
			"faces": {
				"north": {"uv": [0, 0, 0.75, 0.6], "texture": "#0"},
				"east": {"uv": [0, 14.5, 3.75, 15.225], "texture": "#0"},
				"south": {"uv": [0, 0, 0.75, 0.6], "texture": "#0"},
				"west": {"uv": [0, 15.275, 3.75, 16], "texture": "#0"},
				"up": {"uv": [0, 1, 0.75, 4.75], "texture": "#0"},
				"down": {"uv": [0, 0, 0.75, 3.75], "texture": "#0"}
			}
		},
		{
			"from": [8.175, 10, 3.75],
			"to": [9.075, 11.001, 7.5],
			"faces": {
				"north": {"uv": [0, 0, 0.9, 1], "texture": "#0"},
				"east": {"uv": [12.5, 14, 16, 15], "texture": "#0"},
				"south": {"uv": [0, 0, 0.9, 1], "texture": "#0"},
				"west": {"uv": [12.25, 15, 16, 16], "texture": "#0"},
				"up": {"uv": [15.1, 2.75, 16, 6.5], "texture": "#0"},
				"down": {"uv": [15.0125, 6.5, 16, 10.25], "texture": "#0"}
			}
		},
		{
			"from": [8.25, 10.1, 7.5],
			"to": [9, 10.875, 11.4],
			"rotation": {"angle": 0, "axis": "y", "origin": [0, 0, -1]},
			"faces": {
				"north": {"uv": [0, 0, 0.75, 0.775], "texture": "#0"},
				"east": {"uv": [8.2625, 11.7875, 11.75, 12.75625], "texture": "#0"},
				"south": {"uv": [0, 0, 0.75, 0.775], "texture": "#0"},
				"west": {"uv": [8.2875, 12.75, 11.75, 13.75], "texture": "#0"},
				"up": {"uv": [0, 0, 0.75, 3.9], "texture": "#0"},
				"down": {"uv": [15, 0, 16, 2.65], "texture": "#0"}
			}
		},
		{
			"from": [8.25, 10.875, 7.5],
			"to": [9, 11.5, 8.7],
			"rotation": {"angle": 0, "axis": "y", "origin": [0, 0, -1]},
			"faces": {
				"north": {"uv": [0, 0, 0.75, 0.5], "texture": "#0"},
				"east": {"uv": [13.5, 13.5, 14.725, 14], "texture": "#0"},
				"south": {"uv": [0, 0, 0.75, 0.5], "texture": "#0"},
				"west": {"uv": [14.8, 13.5, 16, 14], "texture": "#0"},
				"up": {"uv": [1, 14.8, 1.75, 16], "texture": "#0"},
				"down": {"uv": [0, 0, 0.75, 1.2], "texture": "#0"}
			}
		},
		{
			"from": [8.25, 10.875, 9.9],
			"to": [9, 11.375, 11.4],
			"rotation": {"angle": 0, "axis": "y", "origin": [0, 0, -1]},
			"faces": {
				"north": {"uv": [0, 0, 0.75, 0.5], "texture": "#0"},
				"east": {"uv": [8.25, 15.5, 9.75, 16], "texture": "#0"},
				"south": {"uv": [0, 0, 0.75, 0.5], "texture": "#0"},
				"west": {"uv": [6.75, 15.5, 8.25, 16], "texture": "#0"},
				"up": {"uv": [6, 14.5, 6.75, 16], "texture": "#0"},
				"down": {"uv": [0, 0, 0.75, 1.5], "texture": "#0"}
			}
		},
		{
			"from": [8.25, 10.875, 8.7],
			"to": [8.6, 11.375, 9.9],
			"rotation": {"angle": 0, "axis": "y", "origin": [0, 0, -1]},
			"faces": {
				"north": {"uv": [0, 0, 0.35, 0.5], "texture": "#0"},
				"east": {"uv": [14.8, 13, 16, 13.5], "texture": "#0"},
				"south": {"uv": [0, 0, 0.35, 0.5], "texture": "#0"},
				"west": {"uv": [14.8, 13, 16, 13.5], "texture": "#0"},
				"up": {"uv": [15.775, 11.75, 16, 12.95], "texture": "#0"},
				"down": {"uv": [0, 0, 0.35, 1.2], "texture": "#0"}
			}
		},
		{
			"from": [8.65, 10.975, 8.7],
			"to": [8.9, 11.225, 9.9],
			"rotation": {"angle": 0, "axis": "y", "origin": [0, 0, -1]},
			"faces": {
				"north": {"uv": [3.75, 15.75, 4, 16], "texture": "#0"},
				"east": {"uv": [3.75, 15.75, 4.95, 16], "texture": "#0"},
				"south": {"uv": [3.75, 15.75, 4, 16], "texture": "#0"},
				"west": {"uv": [3.75, 15.75, 4.95, 16], "texture": "#0"},
				"up": {"uv": [3.75, 14.8, 4, 16], "texture": "#0"},
				"down": {"uv": [3.75, 14.8, 4, 16], "texture": "#0"}
			}
		},
		{
			"from": [8.401, 9.6, 11.5],
			"to": [8.8508, 9.7, 12.7],
			"rotation": {"angle": 0, "axis": "y", "origin": [0, 0, -1]},
			"faces": {
				"north": {"uv": [0, 0, 0.4498, 0.1], "texture": "#0"},
				"east": {"uv": [0, 0, 1.2, 0.1], "texture": "#0"},
				"south": {"uv": [0, 0, 0.4498, 0.1], "texture": "#0"},
				"west": {"uv": [0, 0, 1.2, 0.1], "texture": "#0"},
				"up": {"uv": [12.5, 14, 12.9498, 14.95], "texture": "#0"},
				"down": {"uv": [13, 14.25, 13.4498, 15.45], "texture": "#0"}
			}
		},
		{
			"from": [8.25, 10.075, 11.4],
			"to": [9, 11.35, 13.95],
			"rotation": {"angle": 0, "axis": "y", "origin": [0, 0, -1]},
			"faces": {
				"north": {"uv": [0, 0, 0.75, 1.275], "texture": "#0"},
				"east": {"uv": [0, 9.75, 2.4875, 10.9625], "texture": "#0"},
				"south": {"uv": [1.5, 6.75, 2.25, 7.9625], "texture": "#0"},
				"west": {"uv": [0, 5.5, 2.4875, 6.7125], "texture": "#0"},
				"up": {"uv": [0.0625, 6.75, 0.75, 9.2375], "texture": "#0"},
				"down": {"uv": [0.75, 6.75, 1.5, 9.2375], "texture": "#0"}
			}
		},
		{
			"from": [8.4, 7.96304, 10.48437],
			"to": [8.85, 8.66304, 10.60937],
			"rotation": {"angle": -45, "axis": "x", "origin": [8, 10, 9]},
			"faces": {
				"north": {"uv": [14, 15.25, 14.45, 15.95], "texture": "#0"},
				"east": {"uv": [0, 0, 0.125, 0.7], "texture": "#0"},
				"south": {"uv": [12.5, 14.25, 12.95, 14.95], "texture": "#0"},
				"west": {"uv": [0, 0, 1, 0.2], "texture": "#0"},
				"up": {"uv": [0, 0, 0.45, 0.125], "texture": "#0"},
				"down": {"uv": [0, 0, 0.45, 0.125], "texture": "#0"}
			}
		},
		{
			"from": [8.55, 7.61304, 11.05937],
			"to": [8.7, 8.31304, 11.18437],
			"rotation": {"angle": -45, "axis": "x", "origin": [8, 10, 9]},
			"faces": {
				"north": {"uv": [0, 0, 0.15, 0.7], "texture": "#0"},
				"east": {"uv": [0, 0, 0.125, 0.7], "texture": "#0"},
				"south": {"uv": [0, 0, 0.15, 0.7], "texture": "#0"},
				"west": {"uv": [0, 0, 0.125, 0.7], "texture": "#0"},
				"up": {"uv": [0, 0, 0.15, 0.125], "texture": "#0"},
				"down": {"uv": [0, 0, 0.15, 0.125], "texture": "#0"}
			}
		},
		{
			"from": [8.4, 12.36196, 11.79063],
			"to": [8.85, 13.03696, 11.91563],
			"rotation": {"angle": 45, "axis": "x", "origin": [8, 10, 9]},
			"faces": {
				"north": {"uv": [12.5, 14, 12.95, 14.675], "rotation": 180, "texture": "#0"},
				"east": {"uv": [0, 0, 0.125, 0.675], "rotation": 180, "texture": "#0"},
				"south": {"uv": [14.25, 14.5, 15.175, 14.95], "rotation": 270, "texture": "#0"},
				"west": {"uv": [0, 0, 0.125, 0.675], "rotation": 180, "texture": "#0"},
				"up": {"uv": [0, 0, 0.45, 0.125], "texture": "#0"},
				"down": {"uv": [0, 0, 0.45, 0.125], "texture": "#0"}
			}
		},
		{
			"from": [8.4, 10.45, 13.95],
			"to": [8.85, 11.1, 15.025],
			"rotation": {"angle": 0, "axis": "y", "origin": [0, 0, -1]},
			"faces": {
				"north": {"uv": [0, 0, 0.45, 0.65], "texture": "#0"},
				"east": {"uv": [4.5, 3.75, 5.45, 4.4625], "texture": "#0"},
				"south": {"uv": [0, 0, 0.45, 0.65], "texture": "#0"},
				"west": {"uv": [4.5, 3.75, 5.325, 4.4], "texture": "#0"},
				"up": {"uv": [4.5, 3.75, 4.95, 4.95], "texture": "#0"},
				"down": {"uv": [4.5, 3.75, 4.95, 4.825], "texture": "#0"}
			}
		},
		{
			"from": [8.325, 10.35, 15.025],
			"to": [8.925, 11.25, 17.975],
			"rotation": {"angle": 0, "axis": "y", "origin": [0, 0, -1]},
			"faces": {
				"north": {"uv": [8.5, 1.5, 9.5, 2.5], "texture": "#0"},
				"east": {"uv": [8.5, 1.5, 11.5, 2.5], "texture": "#0"},
				"south": {"uv": [8.5, 2.5, 9.5, 3.5], "texture": "#0"},
				"west": {"uv": [8.5, 3.5, 11.5, 4.5], "texture": "#0"},
				"up": {"uv": [12.5, 4.5, 11.5, 1.5], "texture": "#0"},
				"down": {"uv": [12.5, 1, 11.5, 4], "texture": "#0"}
			}
		},
		{
			"from": [8.325, 10, 15.775],
			"to": [8.925, 10.35, 17.975],
			"rotation": {"angle": 0, "axis": "y", "origin": [0, 0, -1]},
			"faces": {
				"north": {"uv": [11.5, 2, 12.1, 2.35], "texture": "#0"},
				"east": {"uv": [8.5, 1.5, 10.7, 1.725], "texture": "#0"},
				"south": {"uv": [10.75, 2.5, 11.475, 3.225], "texture": "#0"},
				"west": {"uv": [9.25, 4, 11.45, 4.225], "texture": "#0"},
				"up": {"uv": [0, 0, 0.6, 2.2], "texture": "#0"},
				"down": {"uv": [11.5, 2, 12.1, 4.2], "texture": "#0"}
			}
		},
		{
			"from": [8.325, 9.775, 16.35],
			"to": [8.925, 10, 17.975],
			"rotation": {"angle": 0, "axis": "y", "origin": [0, 0, -1]},
			"faces": {
				"north": {"uv": [10.75, 3.75, 11.35, 3.975], "texture": "#0"},
				"east": {"uv": [10.75, 3.5, 12.375, 3.725], "texture": "#0"},
				"south": {"uv": [11.75, 1.5, 12.35, 1.975], "texture": "#0"},
				"west": {"uv": [8.75, 1.5, 10.375, 1.725], "texture": "#0"},
				"up": {"uv": [0, 0, 0.6, 1.625], "texture": "#0"},
				"down": {"uv": [12.5, 1.5, 12.975, 3.125], "texture": "#0"}
			}
		}
	],
	"display": {
		"thirdperson_righthand": {
			"translation": [-0.5, -2.25, 0.5],
			"scale": [1.25, 1.25, 1.25]
		},
		"thirdperson_lefthand": {
			"translation": [0.5, -2.25, 0.5],
			"scale": [1.25, 1.25, 1.25]
		},
		"firstperson_righthand": {
			"translation": [-5.25, 2.75, 4.5]
		},
		"firstperson_lefthand": {
			"translation": [-5.25, 2.75, 4.5]
		},
		"ground": {
			"translation": [0, -3.75, 0],
			"scale": [1.25, 1.25, 1.26]
		},
		"gui": {
			"rotation": [90, 50, -90],
			"translation": [-0.75, -2.75, 0],
			"scale": [1, 1, 0.85]
		},
		"fixed": {
			"rotation": [90, 46.5, -89],
			"translation": [-1.5, -3, 0]
		}
	}
}