{
	"credit": "Made with Blockbench",
	"textures": {
		"0": "block/copper_block",
		"particle": "block/copper_block"
	},
	"elements": [
		{
			"from": [8, 6, 7],
			"to": [9, 7, 11],
			"faces": {
				"north": {"uv": [0, 0, 16, 16], "texture": "#0"},
				"east": {"uv": [0, 0, 16, 16], "texture": "#0"},
				"south": {"uv": [0, 0, 16, 16], "texture": "#0"},
				"west": {"uv": [0, 0, 16, 16], "texture": "#0"},
				"up": {"uv": [0, 0, 16, 16], "texture": "#0"},
				"down": {"uv": [0, 0, 16, 16], "texture": "#0"}
			}
		}
	]
}