{
	"credit": "Made with Blockbench",
	"texture_size": [64, 64],
	"textures": {
		"0": "trkits/axolotl/axolotl_lucy",
		"particle": "trkits/axolotl/axolotl_lucy"
	},
	"elements": [
		{
			"from": [0, 0, 0],
			"to": [16, 16, 16],
			"faces": {
				"north": {"uv": [1.75, 1.5, 3.75, 2.75], "texture": "#0"},
				"east": {"uv": [0, 1.5, 1.75, 2.75], "texture": "#0"},
				"south": {"uv": [5.5, 1.5, 7.5, 2.75], "texture": "#0"},
				"west": {"uv": [3.75, 1.5, 5.5, 2.75], "texture": "#0"},
				"up": {"uv": [1.75, 1.5, 3.75, 0.25], "texture": "#0"},
				"down": {"uv": [3.75, 0.25, 5.75, 1.5], "texture": "#0"}
			}
		},
		{
			"from": [-6, 0, 8],
			"to": [22, 22, 8],
			"rotation": {"angle": 0, "axis": "y", "origin": [2, 8, 16]},
			"faces": {
				"north": {"uv": [0.5, 9.25, 4, 11.75], "texture": "#0"},
				"east": {"uv": [0, 0, 0.25, 4], "texture": "#missing"},
				"south": {"uv": [0.5, 9.25, 4, 11.75], "texture": "#0"},
				"west": {"uv": [0, 0, 0.25, 4], "texture": "#missing"},
				"up": {"uv": [0, 0, 4.5, 0.25], "texture": "#missing"},
				"down": {"uv": [0, 0, 4.5, 0.25], "texture": "#missing"}
			}
		}
	],
	"display": {
		"thirdperson_righthand": {
			"translation": [0, 4, 0],
			"scale": [0.5, 0.5, 0.5]
		},
		"thirdperson_lefthand": {
			"translation": [0, 4, 0],
			"scale": [0.5, 0.5, 0.5]
		},
		"firstperson_righthand": {
			"scale": [0.5, 0.5, 0.5]
		},
		"firstperson_lefthand": {
			"scale": [0.5, 0.5, 0.5]
		},
		"ground": {
			"translation": [0, 1.5, 0],
			"scale": [0.5, 0.5, 0.5]
		},
		"gui": {
			"rotation": [20, -165, 0],
			"translation": [0, -0.25, 0],
			"scale": [0.5, 0.5, 0.5]
		},
		"head": {
			"scale": [0.95, 0.95, 0.95]
		},
		"fixed": {
			"translation": [0, -0.75, -0.25],
			"scale": [0.5, 0.5, 0.5]
		}
	}
}