{
	"credit": "Made with Blockbench",
	"parent": "sh.policebaton",
	"texture_size": [32, 32],
	"textures": {
		"0": "kits/baton",
		"particle": "kits/baton"
	},
	"elements": [
		{
			"from": [7, 0, 7],
			"to": [9, 20, 9],
			"faces": {
				"north": {"uv": [1, 1, 2, 11], "texture": "#0"},
				"east": {"uv": [0, 1, 1, 11], "texture": "#0"},
				"south": {"uv": [3, 1, 4, 11], "texture": "#0"},
				"west": {"uv": [2, 1, 3, 11], "texture": "#0"},
				"up": {"uv": [2, 1, 1, 0], "texture": "#0"},
				"down": {"uv": [3, 0, 2, 1], "texture": "#0"}
			}
		},
		{
			"from": [7, 4, 9],
			"to": [9, 6, 13],
			"faces": {
				"north": {"uv": [6.5, 2, 7.5, 3], "texture": "#missing"},
				"east": {"uv": [4.5, 2, 6.5, 3], "texture": "#0"},
				"south": {"uv": [9.5, 2, 10.5, 3], "texture": "#0"},
				"west": {"uv": [7.5, 2, 9.5, 3], "texture": "#0"},
				"up": {"uv": [7.5, 2, 6.5, 0], "texture": "#0"},
				"down": {"uv": [8.5, 0, 7.5, 2], "texture": "#0"}
			}
		}
	],
	"display": {
		"thirdperson_righthand": {
			"rotation": [0, 12, 0],
			"translation": [0.5, 3.25, 1],
			"scale": [0.65, 0.65, 0.65]
		},
		"thirdperson_lefthand": {
			"rotation": [0, 12, 0],
			"translation": [0.5, 3.25, 1],
			"scale": [0.65, 0.65, 0.65]
		},
		"firstperson_righthand": {
			"rotation": [-32.25, 0, 0],
			"translation": [0, 5, 0],
			"scale": [0.8, 0.8, 0.8]
		},
		"firstperson_lefthand": {
			"rotation": [-32.25, 0, 0],
			"translation": [0, 5, 0],
			"scale": [0.8, 0.8, 0.8]
		},
		"ground": {
			"translation": [0, 2, 0],
			"scale": [0.5, 0.5, 0.5]
		},
		"gui": {
			"rotation": [44, 60, 0],
			"translation": [0, -1.25, 0],
			"scale": [0.75, 0.75, 0.75]
		},
		"fixed": {
			"rotation": [0, -83, 0],
			"translation": [0, -1.75, -1.75]
		}
	}
}