{
	"credit": "Made with Blockbench",
	"texture_size": [64, 64],
	"textures": {
		"0": "trkits/bird",
		"particle": "trkits/bird"
	},
	"elements": [
		{
			"from": [4.5, 8, 3.5],
			"to": [11.5, 16, 11.5],
			"faces": {
				"north": {"uv": [2, 6.25, 3.75, 8.25], "texture": "#0"},
				"east": {"uv": [0, 6.25, 2, 8.25], "texture": "#0"},
				"south": {"uv": [5.75, 6.25, 7.5, 8.25], "texture": "#0"},
				"west": {"uv": [3.75, 6.25, 5.75, 8.25], "texture": "#0"},
				"up": {"uv": [3.75, 6.25, 2, 4.25], "texture": "#0"},
				"down": {"uv": [5.5, 4.25, 3.75, 6.25], "texture": "#0"}
			}
		},
		{
			"from": [4, 0, 4],
			"to": [12, 8, 12],
			"faces": {
				"north": {"uv": [2, 2, 4, 4], "texture": "#0"},
				"east": {"uv": [0, 2, 2, 4], "texture": "#0"},
				"south": {"uv": [6, 2, 8, 4], "texture": "#0"},
				"west": {"uv": [4, 2, 6, 4], "texture": "#0"},
				"up": {"uv": [4, 2, 2, 0], "texture": "#0"},
				"down": {"uv": [6, 0, 4, 2], "texture": "#0"}
			}
		},
		{
			"from": [6.5, 12, 0.5],
			"to": [9.5, 13, 3.5],
			"faces": {
				"north": {"uv": [6.5, 5, 7.25, 5.25], "texture": "#0"},
				"east": {"uv": [5.75, 5, 6.5, 5.25], "texture": "#0"},
				"south": {"uv": [8, 5, 8.75, 5.25], "texture": "#0"},
				"west": {"uv": [7.25, 5, 8, 5.25], "texture": "#0"},
				"up": {"uv": [7.25, 5, 6.5, 4.25], "texture": "#0"},
				"down": {"uv": [8, 4.25, 7.25, 5], "texture": "#0"}
			}
		},
		{
			"from": [7, 12.5, 2.5],
			"to": [9, 13.5, 3.5],
			"faces": {
				"north": {"uv": [0.25, 5.75, 0.75, 6], "texture": "#0"},
				"east": {"uv": [0, 5.75, 0.25, 6], "texture": "#0"},
				"south": {"uv": [1, 5.75, 1.5, 6], "texture": "#0"},
				"west": {"uv": [0.75, 5.75, 1, 6], "texture": "#0"},
				"up": {"uv": [0.75, 5.75, 0.25, 5.5], "texture": "#0"},
				"down": {"uv": [1.25, 5.5, 0.75, 5.75], "texture": "#0"}
			}
		},
		{
			"from": [7, 11.25, 0.75],
			"to": [9, 12.25, 3.75],
			"faces": {
				"north": {"uv": [7, 0.75, 7.5, 1], "texture": "#0"},
				"east": {"uv": [6.25, 0.75, 7, 1], "texture": "#0"},
				"south": {"uv": [8.25, 0.75, 8.75, 1], "texture": "#0"},
				"west": {"uv": [7.5, 0.75, 8.25, 1], "texture": "#0"},
				"up": {"uv": [7.5, 0.75, 7, 0], "texture": "#0"},
				"down": {"uv": [8, 0, 7.5, 0.75], "texture": "#0"}
			}
		},
		{
			"from": [7, 11.46404, -0.19448],
			"to": [9, 12.46404, 0.80552],
			"rotation": {"angle": -22.5, "axis": "x", "origin": [8, 11.96404, -0.69448]},
			"faces": {
				"north": {"uv": [0.25, 1.5, 0.75, 1.75], "texture": "#0"},
				"east": {"uv": [0, 1.5, 0.25, 1.75], "texture": "#0"},
				"south": {"uv": [1, 1.5, 1.5, 1.75], "texture": "#0"},
				"west": {"uv": [0.75, 1.5, 1, 1.75], "texture": "#0"},
				"up": {"uv": [0.75, 1.5, 0.25, 1.25], "texture": "#0"},
				"down": {"uv": [1.25, 1.25, 0.75, 1.5], "texture": "#0"}
			}
		},
		{
			"from": [10.75, 12.29289, 5.70711],
			"to": [11.75, 13.79289, 7.20711],
			"rotation": {"angle": 0, "axis": "y", "origin": [11.5, 13.29289, 6.70711]},
			"faces": {
				"north": {"uv": [0.25, 4.5, 0.5, 4.75], "texture": "#0"},
				"east": {"uv": [0, 4.5, 0.25, 4.75], "texture": "#0"},
				"south": {"uv": [0.75, 4.5, 1, 4.75], "texture": "#0"},
				"west": {"uv": [0.5, 4.5, 0.75, 4.75], "texture": "#0"},
				"up": {"uv": [0.5, 4.5, 0.25, 4.25], "texture": "#0"},
				"down": {"uv": [0.75, 4.25, 0.5, 4.5], "texture": "#0"}
			}
		},
		{
			"from": [4.25, 12.29289, 5.70711],
			"to": [5.25, 13.79289, 7.20711],
			"rotation": {"angle": 0, "axis": "y", "origin": [11.5, 13.29289, 6.70711]},
			"faces": {
				"north": {"uv": [0.25, 0.25, 0.5, 0.5], "texture": "#0"},
				"east": {"uv": [0, 0.25, 0.25, 0.5], "texture": "#0"},
				"south": {"uv": [0.75, 0.25, 1, 0.5], "texture": "#0"},
				"west": {"uv": [0.5, 0.25, 0.75, 0.5], "texture": "#0"},
				"up": {"uv": [0.5, 0.25, 0.25, 0], "texture": "#0"},
				"down": {"uv": [0.75, 0, 0.5, 0.25], "texture": "#0"}
			}
		}
	],
	"display": {
		"thirdperson_righthand": {
			"rotation": [90, 0, 0],
			"translation": [0, -2, 15],
			"scale": [0.52, 0.52, 0.52]
		},
		"thirdperson_lefthand": {
			"rotation": [90, 0, 0],
			"translation": [0, -2, 15],
			"scale": [0.52, 0.52, 0.52]
		},
		"firstperson_righthand": {
			"rotation": [-180, 88, -180],
			"translation": [2.25, 0, 0]
		},
		"firstperson_lefthand": {
			"rotation": [0, 88, 0],
			"translation": [2.5, 0, 0]
		},
		"ground": {
			"translation": [0, 4, 0]
		},
		"gui": {
			"rotation": [0, -180, 0]
		},
		"head": {
			"translation": [0, 7.25, 0],
			"scale": [1.83, 1.89, 1.83]
		},
		"fixed": {
			"rotation": [-90, 0, 0],
			"translation": [0, 0, -6.75],
			"scale": [2.03, 1.63, 1.68]
		}
	},
	"groups": [
		{
			"name": "base",
			"origin": [0, 0, 0],
			"color": 0,
			"children": [
				0,
				1,
				{
					"name": "beak",
					"origin": [11.5, 13.29289, 6.70711],
					"color": 0,
					"children": [2, 3, 4, 5]
				},
				{
					"name": "eyes",
					"origin": [0, 0, 0],
					"color": 0,
					"children": [6, 7]
				}
			]
		}
	]
}