{
	"credit": "Made with Blockbench",
	"texture_size": [64, 32],
	"textures": {
		"0": "trkits/blaze/blaze",
		"particle": "trkits/blaze/blaze"
	},
	"elements": [
		{
			"from": [0.5, 0.5, 0.5],
			"to": [15.5, 15.5, 15.5],
			"faces": {
				"north": {"uv": [2, 4, 4, 8], "texture": "#0"},
				"east": {"uv": [0, 4, 2, 8], "texture": "#0"},
				"south": {"uv": [6, 4, 8, 8], "texture": "#0"},
				"west": {"uv": [4, 4, 6, 8], "texture": "#0"},
				"up": {"uv": [2, 0, 4, 4], "texture": "#0"},
				"down": {"uv": [4, 0, 6, 4], "texture": "#0"}
			}
		},
		{
			"from": [-6, -7, 6],
			"to": [-2, 13, 10],
			"rotation": {"angle": 0, "axis": "y", "origin": [-3, -5, -1]},
			"faces": {
				"north": {"uv": [0, 8, 0.5, 13], "texture": "#0"},
				"east": {"uv": [1, 8, 1.5, 13], "texture": "#0"},
				"south": {"uv": [0.5, 8, 1, 13], "texture": "#0"},
				"west": {"uv": [1.5, 8, 2, 13], "texture": "#0"},
				"up": {"uv": [1.5, 8, 2, 9], "texture": "#0"},
				"down": {"uv": [4.5, 1.5, 5, 2.5], "texture": "#0"}
			}
		},
		{
			"from": [18, -3, 9],
			"to": [22, 17, 13],
			"rotation": {"angle": 0, "axis": "y", "origin": [28, 3, 16]},
			"faces": {
				"north": {"uv": [0, 8, 0.5, 13], "texture": "#0"},
				"east": {"uv": [1, 8, 1.5, 13], "texture": "#0"},
				"south": {"uv": [0.5, 8, 1, 13], "texture": "#0"},
				"west": {"uv": [1.5, 8, 2, 13], "texture": "#0"},
				"up": {"uv": [1.5, 8, 2, 9], "texture": "#0"},
				"down": {"uv": [4.5, 1.5, 5, 2.5], "texture": "#0"}
			}
		},
		{
			"from": [15, -9, -6],
			"to": [19, 11, -2],
			"rotation": {"angle": 0, "axis": "y", "origin": [29, 3, 17]},
			"faces": {
				"north": {"uv": [0, 8, 0.5, 13], "texture": "#0"},
				"east": {"uv": [1, 8, 1.5, 13], "texture": "#0"},
				"south": {"uv": [0.5, 8, 1, 13], "texture": "#0"},
				"west": {"uv": [1.5, 8, 2, 13], "texture": "#0"},
				"up": {"uv": [1.5, 8, 2, 9], "texture": "#0"},
				"down": {"uv": [4.5, 1.5, 5, 2.5], "texture": "#0"}
			}
		},
		{
			"from": [1, -9, 18],
			"to": [5, 11, 22],
			"rotation": {"angle": 0, "axis": "y", "origin": [4, -3, 26]},
			"faces": {
				"north": {"uv": [0, 8, 0.5, 13], "texture": "#0"},
				"east": {"uv": [1, 8, 1.5, 13], "texture": "#0"},
				"south": {"uv": [0.5, 8, 1, 13], "texture": "#0"},
				"west": {"uv": [1.5, 8, 2, 13], "texture": "#0"},
				"up": {"uv": [1.5, 8, 2, 9], "texture": "#0"},
				"down": {"uv": [4.5, 1.5, 5, 2.5], "texture": "#0"}
			}
		}
	],
	"display": {
		"thirdperson_righthand": {
			"translation": [0, 3.75, 0],
			"scale": [0.5, 0.5, 0.5]
		},
		"thirdperson_lefthand": {
			"translation": [0, 3.75, 0],
			"scale": [0.5, 0.5, 0.5]
		},
		"firstperson_righthand": {
			"scale": [0.5, 0.5, 0.5]
		},
		"firstperson_lefthand": {
			"scale": [0.5, 0.5, 0.5]
		},
		"ground": {
			"translation": [0, 5.75, 0],
			"scale": [0.5, 0.5, 0.5]
		},
		"gui": {
			"rotation": [20, -165, 0],
			"translation": [0, 2.75, 0],
			"scale": [0.5, 0.5, 0.5]
		},
		"fixed": {
			"translation": [0, 0, -0.75],
			"scale": [0.5, 0.5, 0.5]
		}
	}
}