{
	"credit": "Made with Blockbench",
	"textures": {
		"4": "trkits/flintlock"
	},
	"elements": [
		{
			"from": [7.575, 10.75, 4],
			"to": [8.425, 11.5, 12],
			"rotation": {"angle": 0, "axis": "y", "origin": [0, 0, 4]},
			"faces": {
				"north": {"uv": [13, 13, 16, 16], "texture": "#4"},
				"east": {"uv": [13, 14, 2, 16], "texture": "#4"},
				"south": {"uv": [9, 6, 9.75, 6.75], "texture": "#4"},
				"west": {"uv": [2, 14, 13, 16], "texture": "#4"},
				"up": {"uv": [2, 14, 0, 3], "texture": "#4"},
				"down": {"uv": [2, 3, 0, 14], "texture": "#4"}
			}
		},
		{
			"from": [7.5625, 14.425, 3.875],
			"to": [8.4375, 15.325, 7.025],
			"rotation": {"angle": 45, "axis": "x", "origin": [0, 3.6, 3.325]},
			"faces": {
				"north": {"uv": [9, 1, 9.75, 2], "texture": "#4"},
				"east": {"uv": [5, 12, 10, 14], "texture": "#4"},
				"south": {"uv": [2, 9, 2.75, 10], "texture": "#4"},
				"west": {"uv": [4, 10, 9, 12], "texture": "#4"},
				"up": {"uv": [4, 14, 2, 9], "texture": "#4"},
				"down": {"uv": [11, 8.25, 13, 13], "texture": "#4"}
			}
		},
		{
			"from": [7.575, 8.44, 13.325],
			"to": [8.425, 9.29, 14.215],
			"rotation": {"angle": 0, "axis": "y", "origin": [0, 3.6, 3.325]},
			"faces": {
				"north": {"uv": [13.95, 8, 15.95, 10], "rotation": 180, "texture": "#4"},
				"east": {"uv": [14, 11, 16, 13], "rotation": 270, "texture": "#4"},
				"south": {"uv": [14, 7, 12, 5], "texture": "#4"},
				"west": {"uv": [10, 6, 12, 8], "rotation": 90, "texture": "#4"},
				"up": {"uv": [9, 1, 9.75, 2], "rotation": 180, "texture": "#4"},
				"down": {"uv": [10, 8, 12, 10], "texture": "#4"}
			}
		},
		{
			"from": [7.525, 10.25, 6.5],
			"to": [8.475, 11, 12.25],
			"rotation": {"angle": 0, "axis": "y", "origin": [0, 0, 4]},
			"faces": {
				"north": {"uv": [8, 8, 9, 8.75], "texture": "#4"},
				"east": {"uv": [2, 7, 11, 9], "texture": "#4"},
				"south": {"uv": [9, 0, 10, 0.75], "texture": "#4"},
				"west": {"uv": [11, 9, 2, 7], "texture": "#4"},
				"up": {"uv": [3, 7.75, 2, 2], "texture": "#4"},
				"down": {"uv": [5, 2, 3, 7.75], "texture": "#4"}
			}
		},
		{
			"from": [7.525, 10.5, 5.5],
			"to": [8.475, 11, 6.5],
			"rotation": {"angle": 0, "axis": "y", "origin": [0, 0, 4]},
			"faces": {
				"north": {"uv": [10, 0, 11, 0.5], "texture": "#4"},
				"east": {"uv": [12, 2, 15, 3.5], "texture": "#4"},
				"south": {"uv": [10, 1, 11, 1.5], "texture": "#4"},
				"west": {"uv": [9, 2, 12, 3.5], "texture": "#4"},
				"up": {"uv": [9, 7, 8, 6], "texture": "#4"},
				"down": {"uv": [9, 7, 8, 9], "texture": "#4"}
			}
		},
		{
			"from": [7.775, 5.3, 14.375],
			"to": [8.225, 5.55, 15.875],
			"rotation": {"angle": -22.5, "axis": "x", "origin": [0, 0, 3]},
			"faces": {
				"north": {"uv": [10, 9, 10.5, 9.25], "texture": "#4"},
				"east": {"uv": [10, 2, 14.5, 3.25], "texture": "#4"},
				"south": {"uv": [10, 10, 10.5, 10.25], "texture": "#4"},
				"west": {"uv": [10, 3, 14.5, 4.25], "texture": "#4"},
				"up": {"uv": [14.75, 5, 13, 0.5], "texture": "#4"},
				"down": {"uv": [12, 6.5, 14, 12], "texture": "#4"}
			}
		},
		{
			"from": [7.7775, 9.25, 10.375],
			"to": [8.22198, 9.5, 11.475],
			"rotation": {"angle": 0, "axis": "y", "origin": [0, 0, 3]},
			"faces": {
				"north": {"uv": [7, 10, 7.5, 10.25], "texture": "#4"},
				"east": {"uv": [11, 2, 16, 3.25], "texture": "#4"},
				"south": {"uv": [8, 10, 8.5, 10.25], "texture": "#4"},
				"west": {"uv": [10, 3, 15, 4.25], "texture": "#4"},
				"up": {"uv": [7, 8, 5, 3], "texture": "#4"},
				"down": {"uv": [13.5, 1, 12, 5], "texture": "#4"}
			}
		},
		{
			"from": [7.775, 11.75, -0.575],
			"to": [8.225, 12, 1.675],
			"rotation": {"angle": 45, "axis": "x", "origin": [0, 0, 3]},
			"faces": {
				"north": {"uv": [10, 8, 10.5, 8.25], "texture": "#4"},
				"east": {"uv": [11.75, 2, 14, 3.25], "texture": "#4"},
				"south": {"uv": [9, 10, 9.5, 10.25], "texture": "#4"},
				"west": {"uv": [9, 7, 11.25, 8.25], "texture": "#4"},
				"up": {"uv": [5.5, 8.25, 4, 5], "texture": "#4"},
				"down": {"uv": [10, 8, 12, 13], "texture": "#4"}
			}
		},
		{
			"from": [7.775, 5.075, 12.25],
			"to": [8.225, 6.325, 12.5],
			"rotation": {"angle": -22.5, "axis": "x", "origin": [0, 3.75, -0.25]},
			"faces": {
				"north": {"uv": [7.5, 6, 7, 9.25], "rotation": 180, "texture": "#4"},
				"east": {"uv": [6, 8, 8.25, 8.25], "rotation": 270, "texture": "#4"},
				"south": {"uv": [16, 8.25, 15, 3], "texture": "#4"},
				"west": {"uv": [6, 0, 11, 1], "rotation": 90, "texture": "#4"},
				"up": {"uv": [10, 8, 10.5, 8.25], "rotation": 180, "texture": "#4"},
				"down": {"uv": [9, 10, 9.5, 10.25], "texture": "#4"}
			}
		},
		{
			"from": [8.425, 11.2, 11.5],
			"to": [8.675, 11.45, 12.25],
			"rotation": {"angle": 0, "axis": "x", "origin": [0, 5.5, -3.5]},
			"faces": {
				"north": {"uv": [11.25, 0, 11, 0.25], "rotation": 180, "texture": "#4"},
				"east": {"uv": [10, 5, 10.25, 5.75], "rotation": 270, "texture": "#4"},
				"south": {"uv": [14, 1, 15, 0], "texture": "#4"},
				"west": {"uv": [10, 6, 10.25, 6.75], "rotation": 90, "texture": "#4"},
				"up": {"uv": [13, 9, 14, 11], "rotation": 180, "texture": "#4"},
				"down": {"uv": [13, 9, 13.25, 9.75], "texture": "#4"}
			}
		},
		{
			"from": [8.425, 11.25, 10.7],
			"to": [8.675, 11.35, 10.95],
			"rotation": {"angle": 0, "axis": "y", "origin": [0, 5.5, -3.5]},
			"faces": {
				"north": {"uv": [5, 11, 5.25, 11.25], "texture": "#4"},
				"east": {"uv": [11, 5, 11.25, 5.25], "texture": "#4"},
				"south": {"uv": [6, 11, 6.25, 11.25], "texture": "#4"},
				"west": {"uv": [11, 6, 11.25, 6.25], "texture": "#4"},
				"up": {"uv": [0, 12, 1, 13], "texture": "#4"},
				"down": {"uv": [8.25, 11, 8, 11.25], "texture": "#4"}
			}
		},
		{
			"from": [8.425, 11.25, 10.45],
			"to": [8.675, 11.35, 10.7],
			"rotation": {"angle": 0, "axis": "y", "origin": [0, 5.5, -3.5]},
			"faces": {
				"north": {"uv": [11, 8, 11.25, 8.25], "texture": "#4"},
				"east": {"uv": [9, 11, 9.25, 11.25], "texture": "#4"},
				"south": {"uv": [11, 9, 11.25, 9.25], "texture": "#4"},
				"west": {"uv": [10, 11, 10.25, 11.25], "texture": "#4"},
				"up": {"uv": [3, 15, 4, 16], "texture": "#4"},
				"down": {"uv": [11.25, 11, 11, 11.25], "texture": "#4"}
			}
		},
		{
			"from": [8.425, 11.45, 12.1],
			"to": [8.675, 11.575, 12.2],
			"rotation": {"angle": 0, "axis": "x", "origin": [0, 5.5, -3.5]},
			"faces": {
				"north": {"uv": [1.75, 12, 0, 13], "rotation": 180, "texture": "#4"},
				"east": {"uv": [3, 15, 4, 16], "rotation": 270, "texture": "#4"},
				"south": {"uv": [2, 12, 4, 13], "texture": "#4"},
				"west": {"uv": [3, 11, 4, 12], "rotation": 90, "texture": "#4"},
				"up": {"uv": [3, 13.975, 5, 15], "rotation": 180, "texture": "#4"},
				"down": {"uv": [2, 11, 2.25, 11.25], "texture": "#4"}
			}
		},
		{
			"from": [8.425, 16.175, 6.775],
			"to": [8.675, 16.275, 7.125],
			"rotation": {"angle": 22.5, "axis": "x", "origin": [0, 5.325, -3.6]},
			"faces": {
				"north": {"uv": [7, 8, 7.25, 8.25], "texture": "#4"},
				"east": {"uv": [12, 0, 12.25, 0.25], "texture": "#4"},
				"south": {"uv": [8, 8, 8.25, 8.25], "texture": "#4"},
				"west": {"uv": [12, 1, 12.25, 1.25], "texture": "#4"},
				"up": {"uv": [8, 14, 9, 15], "texture": "#4"},
				"down": {"uv": [12.25, 2, 12, 2.25], "texture": "#4"}
			}
		}
	],
	"display": {
		"thirdperson_righthand": {
			"translation": [0, -2, -2.25]
		},
		"thirdperson_lefthand": {
			"translation": [0, -2, -2.25]
		},
		"firstperson_righthand": {
			"rotation": [0, -10, 0],
			"translation": [1.25, 0, 0]
		},
		"firstperson_lefthand": {
			"rotation": [0, -10, 0],
			"translation": [1.25, 0, 0]
		},
		"ground": {
			"translation": [0, -3.75, 0]
		},
		"gui": {
			"rotation": [90, 50.5, -90],
			"translation": [-2.5, -0.75, 0],
			"scale": [1.5, 1.5, 1.5]
		},
		"fixed": {
			"rotation": [180, 90, 180],
			"translation": [-1.25, -3.25, -0.5],
			"scale": [1.5, 1.5, 1.49]
		}
	}
}