{
	"credit": "Made with Blockbench",
	"texture_size": [32, 32],
	"textures": {
		"0": "trkits/frogs",
		"particle": "trkits/frogs"
	},
	"elements": [
		{
			"from": [5, 8, 4],
			"to": [12, 13, 13],
			"faces": {
				"north": {"uv": [0, 7, 3.5, 9.5], "texture": "#0"},
				"east": {"uv": [0, 4.5, 4.5, 7], "texture": "#0"},
				"south": {"uv": [7, 0, 10.5, 2.5], "texture": "#0"},
				"west": {"uv": [4.5, 4.5, 9, 7], "texture": "#0"},
				"up": {"uv": [3.5, 4.5, 0, 0], "texture": "#0"},
				"down": {"uv": [7, 0, 3.5, 4.5], "texture": "#0"}
			}
		},
		{
			"from": [5, 13, 5],
			"to": [8, 15, 8],
			"faces": {
				"north": {"uv": [9, 6, 10.5, 7], "texture": "#0"},
				"east": {"uv": [10.5, 4.5, 12, 5.5], "texture": "#0"},
				"south": {"uv": [10.5, 5.5, 12, 6.5], "texture": "#0"},
				"west": {"uv": [6, 10.5, 7.5, 11.5], "texture": "#0"},
				"up": {"uv": [10.5, 6, 9, 4.5], "texture": "#0"},
				"down": {"uv": [7, 9, 5.5, 10.5], "texture": "#0"}
			}
		},
		{
			"from": [9, 13, 5],
			"to": [12, 15, 8],
			"faces": {
				"north": {"uv": [10.5, 6.5, 12, 7.5], "texture": "#0"},
				"east": {"uv": [7.5, 10.5, 9, 11.5], "texture": "#0"},
				"south": {"uv": [10.5, 7.5, 12, 8.5], "texture": "#0"},
				"west": {"uv": [0, 11, 1.5, 12], "texture": "#0"},
				"up": {"uv": [8.5, 10.5, 7, 9], "texture": "#0"},
				"down": {"uv": [1.5, 9.5, 0, 11], "texture": "#0"}
			}
		},
		{
			"from": [3.5, 7, 4.5],
			"to": [5.5, 10, 7.5],
			"faces": {
				"north": {"uv": [9, 10.5, 10, 12], "texture": "#0"},
				"east": {"uv": [1.5, 9.5, 3, 11], "texture": "#0"},
				"south": {"uv": [1.5, 11, 2.5, 12.5], "texture": "#0"},
				"west": {"uv": [3, 10, 4.5, 11.5], "texture": "#0"},
				"up": {"uv": [3.5, 13, 2.5, 11.5], "texture": "#0"},
				"down": {"uv": [4.5, 11.5, 3.5, 13], "texture": "#0"}
			}
		},
		{
			"from": [11.5, 7, 4.5],
			"to": [13.5, 10, 7.5],
			"faces": {
				"north": {"uv": [6, 11.5, 7, 13], "texture": "#0"},
				"east": {"uv": [10, 8.5, 11.5, 10], "texture": "#0"},
				"south": {"uv": [7, 11.5, 8, 13], "texture": "#0"},
				"west": {"uv": [10, 10, 11.5, 11.5], "texture": "#0"},
				"up": {"uv": [9, 13, 8, 11.5], "texture": "#0"},
				"down": {"uv": [12.5, 8.5, 11.5, 10], "texture": "#0"}
			}
		},
		{
			"from": [3, 7, 10],
			"to": [6, 10, 14],
			"faces": {
				"north": {"uv": [10.5, 0, 12, 1.5], "texture": "#0"},
				"east": {"uv": [7, 2.5, 9, 4], "texture": "#0"},
				"south": {"uv": [10.5, 1.5, 12, 3], "texture": "#0"},
				"west": {"uv": [3.5, 7, 5.5, 8.5], "texture": "#0"},
				"up": {"uv": [7, 9, 5.5, 7], "texture": "#0"},
				"down": {"uv": [8.5, 7, 7, 9], "texture": "#0"}
			}
		},
		{
			"from": [11, 7, 10],
			"to": [14, 10, 14],
			"faces": {
				"north": {"uv": [10.5, 3, 12, 4.5], "texture": "#0"},
				"east": {"uv": [3.5, 8.5, 5.5, 10], "texture": "#0"},
				"south": {"uv": [4.5, 10.5, 6, 12], "texture": "#0"},
				"west": {"uv": [8.5, 7, 10.5, 8.5], "texture": "#0"},
				"up": {"uv": [10, 10.5, 8.5, 8.5], "texture": "#0"},
				"down": {"uv": [10.5, 2.5, 9, 4.5], "texture": "#0"}
			}
		},
		{
			"from": [5.5, 7, 3.5],
			"to": [6.5, 7, 7.5],
			"faces": {
				"north": {"uv": [0, 0, 0.5, 0], "texture": "#0"},
				"east": {"uv": [0, 0, 2, 0], "texture": "#0"},
				"south": {"uv": [0, 0, 0.5, 0], "texture": "#0"},
				"west": {"uv": [0, 0, 2, 0], "texture": "#0"},
				"up": {"uv": [10.5, 13.5, 10, 11.5], "texture": "#0"},
				"down": {"uv": [12, 10, 11.5, 12], "texture": "#0"}
			}
		},
		{
			"from": [10.5, 7, 3.5],
			"to": [11.5, 7, 7.5],
			"faces": {
				"north": {"uv": [0, 0, 0.5, 0], "texture": "#0"},
				"east": {"uv": [0, 0, 2, 0], "texture": "#0"},
				"south": {"uv": [0, 0, 0.5, 0], "texture": "#0"},
				"west": {"uv": [0, 0, 2, 0], "texture": "#0"},
				"up": {"uv": [11, 13.5, 10.5, 11.5], "texture": "#0"},
				"down": {"uv": [11.5, 11.5, 11, 13.5], "texture": "#0"}
			}
		},
		{
			"from": [4.5, 7, 2.5],
			"to": [6.5, 7, 3.5],
			"faces": {
				"north": {"uv": [0, 0, 1, 0], "texture": "#0"},
				"east": {"uv": [0, 0, 0.5, 0], "texture": "#0"},
				"south": {"uv": [0, 0, 1, 0], "texture": "#0"},
				"west": {"uv": [0, 0, 0.5, 0], "texture": "#0"},
				"up": {"uv": [8, 4.5, 7, 4], "texture": "#0"},
				"down": {"uv": [9, 4, 8, 4.5], "texture": "#0"}
			}
		},
		{
			"from": [10.5, 7, 2.5],
			"to": [12.5, 7, 3.5],
			"faces": {
				"north": {"uv": [0, 0, 1, 0], "texture": "#0"},
				"east": {"uv": [0, 0, 0.5, 0], "texture": "#0"},
				"south": {"uv": [0, 0, 1, 0], "texture": "#0"},
				"west": {"uv": [0, 0, 0.5, 0], "texture": "#0"},
				"up": {"uv": [5.5, 10.5, 4.5, 10], "texture": "#0"},
				"down": {"uv": [13, 2, 12, 2.5], "texture": "#0"}
			}
		},
		{
			"from": [6.5, 7, 3.5],
			"to": [7.5, 7, 4.5],
			"faces": {
				"north": {"uv": [0, 0, 0.5, 0], "texture": "#0"},
				"east": {"uv": [0, 0, 0.5, 0], "texture": "#0"},
				"south": {"uv": [0, 0, 0.5, 0], "texture": "#0"},
				"west": {"uv": [0, 0, 0.5, 0], "texture": "#0"},
				"up": {"uv": [3.5, 10, 3, 9.5], "texture": "#0"},
				"down": {"uv": [3, 11, 2.5, 11.5], "texture": "#0"}
			}
		},
		{
			"from": [9.5, 7, 3.5],
			"to": [10.5, 7, 4.5],
			"faces": {
				"north": {"uv": [0, 0, 0.5, 0], "texture": "#0"},
				"east": {"uv": [0, 0, 0.5, 0], "texture": "#0"},
				"south": {"uv": [0, 0, 0.5, 0], "texture": "#0"},
				"west": {"uv": [0, 0, 0.5, 0], "texture": "#0"},
				"up": {"uv": [5, 12.5, 4.5, 12], "texture": "#0"},
				"down": {"uv": [12.5, 4.5, 12, 5], "texture": "#0"}
			}
		},
		{
			"from": [6.5, 7, 5.5],
			"to": [7.5, 7, 6.5],
			"faces": {
				"north": {"uv": [0, 0, 0.5, 0], "texture": "#0"},
				"east": {"uv": [0, 0, 0.5, 0], "texture": "#0"},
				"south": {"uv": [0, 0, 0.5, 0], "texture": "#0"},
				"west": {"uv": [0, 0, 0.5, 0], "texture": "#0"},
				"up": {"uv": [5.5, 12.5, 5, 12], "texture": "#0"},
				"down": {"uv": [12.5, 5, 12, 5.5], "texture": "#0"}
			}
		},
		{
			"from": [9.5, 7, 5.5],
			"to": [10.5, 7, 6.5],
			"faces": {
				"north": {"uv": [0, 0, 0.5, 0], "texture": "#0"},
				"east": {"uv": [0, 0, 0.5, 0], "texture": "#0"},
				"south": {"uv": [0, 0, 0.5, 0], "texture": "#0"},
				"west": {"uv": [0, 0, 0.5, 0], "texture": "#0"},
				"up": {"uv": [6, 12.5, 5.5, 12], "texture": "#0"},
				"down": {"uv": [12.5, 5.5, 12, 6], "texture": "#0"}
			}
		},
		{
			"from": [11.5, 7, 3.5],
			"to": [13.5, 7, 4.5],
			"faces": {
				"north": {"uv": [0, 0, 1, 0], "texture": "#0"},
				"east": {"uv": [0, 0, 0.5, 0], "texture": "#0"},
				"south": {"uv": [0, 0, 1, 0], "texture": "#0"},
				"west": {"uv": [0, 0, 0.5, 0], "texture": "#0"},
				"up": {"uv": [13, 3, 12, 2.5], "texture": "#0"},
				"down": {"uv": [13, 3, 12, 3.5], "texture": "#0"}
			}
		},
		{
			"from": [3.5, 7, 3.5],
			"to": [5.5, 7, 4.5],
			"faces": {
				"north": {"uv": [0, 0, 1, 0], "texture": "#0"},
				"east": {"uv": [0, 0, 0.5, 0], "texture": "#0"},
				"south": {"uv": [0, 0, 1, 0], "texture": "#0"},
				"west": {"uv": [0, 0, 0.5, 0], "texture": "#0"},
				"up": {"uv": [13, 4, 12, 3.5], "texture": "#0"},
				"down": {"uv": [13, 4, 12, 4.5], "texture": "#0"}
			}
		},
		{
			"from": [2, 7, 9],
			"to": [3, 7, 13],
			"faces": {
				"north": {"uv": [0, 0, 0.5, 0], "texture": "#0"},
				"east": {"uv": [0, 0, 2, 0], "texture": "#0"},
				"south": {"uv": [0, 0, 0.5, 0], "texture": "#0"},
				"west": {"uv": [0, 0, 2, 0], "texture": "#0"},
				"up": {"uv": [0.5, 14, 0, 12], "texture": "#0"},
				"down": {"uv": [12.5, 0, 12, 2], "texture": "#0"}
			}
		},
		{
			"from": [3, 7, 9],
			"to": [4, 7, 10],
			"faces": {
				"north": {"uv": [0, 0, 0.5, 0], "texture": "#0"},
				"east": {"uv": [0, 0, 0.5, 0], "texture": "#0"},
				"south": {"uv": [0, 0, 0.5, 0], "texture": "#0"},
				"west": {"uv": [0, 0, 0.5, 0], "texture": "#0"},
				"up": {"uv": [12.5, 6.5, 12, 6], "texture": "#0"},
				"down": {"uv": [12.5, 6.5, 12, 7], "texture": "#0"}
			}
		},
		{
			"from": [1, 7, 11],
			"to": [2, 7, 12],
			"faces": {
				"north": {"uv": [0, 0, 0.5, 0], "texture": "#0"},
				"east": {"uv": [0, 0, 0.5, 0], "texture": "#0"},
				"south": {"uv": [0, 0, 0.5, 0], "texture": "#0"},
				"west": {"uv": [0, 0, 0.5, 0], "texture": "#0"},
				"up": {"uv": [12.5, 7.5, 12, 7], "texture": "#0"},
				"down": {"uv": [12.5, 7.5, 12, 8], "texture": "#0"}
			}
		},
		{
			"from": [1, 7, 9],
			"to": [2, 7, 10],
			"faces": {
				"north": {"uv": [0, 0, 0.5, 0], "texture": "#0"},
				"east": {"uv": [0, 0, 0.5, 0], "texture": "#0"},
				"south": {"uv": [0, 0, 0.5, 0], "texture": "#0"},
				"west": {"uv": [0, 0, 0.5, 0], "texture": "#0"},
				"up": {"uv": [12.5, 8.5, 12, 8], "texture": "#0"},
				"down": {"uv": [9.5, 12, 9, 12.5], "texture": "#0"}
			}
		},
		{
			"from": [14, 7, 9],
			"to": [15, 7, 13],
			"faces": {
				"north": {"uv": [0, 0, 0.5, 0], "texture": "#0"},
				"east": {"uv": [0, 0, 2, 0], "texture": "#0"},
				"south": {"uv": [0, 0, 0.5, 0], "texture": "#0"},
				"west": {"uv": [0, 0, 2, 0], "texture": "#0"},
				"up": {"uv": [1, 14, 0.5, 12], "texture": "#0"},
				"down": {"uv": [1.5, 12, 1, 14], "texture": "#0"}
			}
		},
		{
			"from": [13, 7, 9],
			"to": [14, 7, 10],
			"faces": {
				"north": {"uv": [0, 0, 0.5, 0], "texture": "#0"},
				"east": {"uv": [0, 0, 0.5, 0], "texture": "#0"},
				"south": {"uv": [0, 0, 0.5, 0], "texture": "#0"},
				"west": {"uv": [0, 0, 0.5, 0], "texture": "#0"},
				"up": {"uv": [10, 12.5, 9.5, 12], "texture": "#0"},
				"down": {"uv": [12.5, 10, 12, 10.5], "texture": "#0"}
			}
		},
		{
			"from": [15, 7, 9],
			"to": [16, 7, 10],
			"faces": {
				"north": {"uv": [0, 0, 0.5, 0], "texture": "#0"},
				"east": {"uv": [0, 0, 0.5, 0], "texture": "#0"},
				"south": {"uv": [0, 0, 0.5, 0], "texture": "#0"},
				"west": {"uv": [0, 0, 0.5, 0], "texture": "#0"},
				"up": {"uv": [12.5, 11, 12, 10.5], "texture": "#0"},
				"down": {"uv": [12.5, 11, 12, 11.5], "texture": "#0"}
			}
		},
		{
			"from": [15, 7, 11],
			"to": [16, 7, 12],
			"faces": {
				"north": {"uv": [0, 0, 0.5, 0], "texture": "#0"},
				"east": {"uv": [0, 0, 0.5, 0], "texture": "#0"},
				"south": {"uv": [0, 0, 0.5, 0], "texture": "#0"},
				"west": {"uv": [0, 0, 0.5, 0], "texture": "#0"},
				"up": {"uv": [12, 12.5, 11.5, 12], "texture": "#0"},
				"down": {"uv": [12.5, 11.5, 12, 12], "texture": "#0"}
			}
		}
	],
	"gui_light": "front",
	"display": {
		"thirdperson_righthand": {
			"rotation": [10, 0, 0],
			"translation": [-0.25, 0, 0],
			"scale": [0.63, 0.63, 0.63]
		},
		"thirdperson_lefthand": {
			"rotation": [10, 0, 0],
			"translation": [0.25, 0, 0.25],
			"scale": [0.63, 0.63, 0.63]
		},
		"firstperson_righthand": {
			"rotation": [31, 6, 0],
			"translation": [1.5, 1.25, -2.25],
			"scale": [0.925, 0.925, 0.825]
		},
		"firstperson_lefthand": {
			"rotation": [28, 0, 0],
			"translation": [2.25, 1.25, -2.25],
			"scale": [0.925, 0.925, 0.825]
		},
		"ground": {
			"translation": [0, -1.75, -1.25],
			"scale": [0.8, 0.8, 0.8]
		},
		"gui": {
			"rotation": [30, 130, 0],
			"translation": [-0.5, -2.25, 0],
			"scale": [0.9, 0.9, 0.9]
		},
		"head": {
			"translation": [-0.75, 7.5, -1]
		},
		"fixed": {
			"rotation": [-90, 0, 0],
			"translation": [-1, -0.75, -2.5],
			"scale": [1.5, 1.5, 1.5]
		}
	}
}