{
	"credit": "Made with Blockbench",
	"texture_size": [32, 16],
	"textures": {
		"1": "trkits/gasmask"
	},
	"elements": [
		{
			"from": [1.5, 1.25, 0],
			"to": [14.5, 4, 1],
			"rotation": {"angle": 0, "axis": "y", "origin": [9, 9, 8]},
			"faces": {
				"north": {"uv": [3, 13, 6, 15], "texture": "#1"},
				"east": {"uv": [3, 13, 3.5, 15], "texture": "#1"},
				"south": {"uv": [3, 13, 6, 15], "texture": "#1"},
				"west": {"uv": [3, 13, 3.5, 15], "texture": "#1"},
				"up": {"uv": [3, 13, 6, 14], "texture": "#1"},
				"down": {"uv": [3, 13, 6, 14], "texture": "#1"}
			}
		},
		{
			"from": [7, 2.2, -5.8],
			"to": [9, 4.2, -1.8],
			"rotation": {"angle": -22.5, "axis": "x", "origin": [15, 11, 2]},
			"faces": {
				"north": {"uv": [4.5, 13, 5, 15], "texture": "#1"},
				"east": {"uv": [4.5, 13, 5, 15], "texture": "#1"},
				"south": {"uv": [4.5, 13, 5, 15], "texture": "#1"},
				"west": {"uv": [4.5, 13, 5, 15], "texture": "#1"},
				"up": {"uv": [4.5, 13, 5, 15], "texture": "#1"},
				"down": {"uv": [4.5, 13, 5, 15], "texture": "#1"}
			}
		},
		{
			"from": [6, 1, -5.3],
			"to": [10, 5, -3.3],
			"rotation": {"angle": -22.5, "axis": "x", "origin": [14, 9, 3]},
			"faces": {
				"north": {"uv": [11, 1, 13, 5], "texture": "#1"},
				"east": {"uv": [11, 1, 11.5, 5], "texture": "#1"},
				"south": {"uv": [11, 4, 13, 5], "texture": "#1"},
				"west": {"uv": [12.5, 1, 13, 5], "texture": "#1"},
				"up": {"uv": [11.5, 1, 12.5, 2], "texture": "#1"},
				"down": {"uv": [11.5, 1, 12.5, 2], "texture": "#1"}
			}
		},
		{
			"from": [5, 2, -5.7],
			"to": [6, 4, -3.7],
			"rotation": {"angle": -22.5, "axis": "x", "origin": [13, 10, 3]},
			"faces": {
				"north": {"uv": [13, 2, 13.5, 4], "texture": "#1"},
				"east": {"uv": [13, 2, 13.5, 4], "texture": "#1"},
				"south": {"uv": [13, 2, 13.5, 4], "texture": "#1"},
				"west": {"uv": [13, 2, 13.5, 4], "texture": "#1"},
				"up": {"uv": [13, 2, 13.5, 4], "texture": "#1"},
				"down": {"uv": [13, 2, 13.5, 4], "texture": "#1"}
			}
		},
		{
			"from": [10, 2, -5.7],
			"to": [11, 4, -3.7],
			"rotation": {"angle": -22.5, "axis": "x", "origin": [18, 10, 3]},
			"faces": {
				"north": {"uv": [10.5, 2, 11, 4], "texture": "#1"},
				"east": {"uv": [10.5, 2, 11, 4], "texture": "#1"},
				"south": {"uv": [10.5, 2, 11, 4], "texture": "#1"},
				"west": {"uv": [10.5, 2, 11, 4], "texture": "#1"},
				"up": {"uv": [10.5, 2, 11, 4], "texture": "#1"},
				"down": {"uv": [10.5, 2, 11, 4], "texture": "#1"}
			}
		},
		{
			"from": [7, 4.9, -6.9],
			"to": [9, 5.9, -4.9],
			"rotation": {"angle": -22.5, "axis": "x", "origin": [15, 13, 2]},
			"faces": {
				"north": {"uv": [11.5, 1, 12.5, 2], "texture": "#1"},
				"east": {"uv": [11.5, 1, 12.5, 2], "texture": "#1"},
				"south": {"uv": [11.5, 1, 12.5, 2], "texture": "#1"},
				"west": {"uv": [11.5, 1, 12.5, 2], "texture": "#1"},
				"up": {"uv": [11.5, 1, 12.5, 2], "texture": "#1"},
				"down": {"uv": [11.5, 1, 12.5, 2], "texture": "#1"}
			}
		},
		{
			"from": [7, 0.3, -4.85],
			"to": [9, 1.3, -2.85],
			"rotation": {"angle": -22.5, "axis": "x", "origin": [15, 8, 4]},
			"faces": {
				"north": {"uv": [11.5, 5, 12.5, 6], "texture": "#1"},
				"east": {"uv": [11.5, 5, 12.5, 6], "texture": "#1"},
				"south": {"uv": [11.5, 5, 12.5, 6], "texture": "#1"},
				"west": {"uv": [11.5, 5, 12.5, 6], "texture": "#1"},
				"up": {"uv": [11.5, 5, 12.5, 6], "texture": "#1"},
				"down": {"uv": [11.5, 5, 12.5, 6], "texture": "#1"}
			}
		},
		{
			"from": [1.5, 4, 0],
			"to": [2.5, 8, 1],
			"rotation": {"angle": 0, "axis": "y", "origin": [9, 12, 8]},
			"faces": {
				"north": {"uv": [2.5, 11, 3, 13], "texture": "#1"},
				"east": {"uv": [2.5, 11, 3, 13], "texture": "#1"},
				"south": {"uv": [2.5, 11, 3, 13], "texture": "#1"},
				"west": {"uv": [2.5, 11, 3, 13], "texture": "#1"},
				"up": {"uv": [0, 0, 1.5, 1], "texture": "#missing"},
				"down": {"uv": [2.5, 11, 3, 13], "texture": "#1"}
			}
		},
		{
			"from": [0.75, 6, 5],
			"to": [1.75, 8, 15],
			"rotation": {"angle": 0, "axis": "y", "origin": [8, 14, 13]},
			"faces": {
				"north": {"uv": [14, 8, 14.5, 10], "texture": "#1"},
				"east": {"uv": [8, 8, 14.5, 10], "texture": "#1"},
				"south": {"uv": [14, 8, 14.5, 10], "texture": "#1"},
				"west": {"uv": [8, 8, 14.5, 10], "texture": "#1"},
				"up": {"uv": [8, 9, 8.5, 10], "texture": "#1"},
				"down": {"uv": [8, 9, 8.5, 10], "texture": "#1"}
			}
		},
		{
			"from": [0.75, 5, 3],
			"to": [1.75, 9, 5],
			"rotation": {"angle": 0, "axis": "y", "origin": [8, 13, 11]},
			"faces": {
				"north": {"uv": [7, 7, 7.5, 11], "texture": "#1"},
				"east": {"uv": [7, 7, 8, 11], "texture": "#1"},
				"south": {"uv": [7, 7, 7.5, 11], "texture": "#1"},
				"west": {"uv": [7, 7, 8, 11], "texture": "#1"},
				"up": {"uv": [7, 7, 8, 8], "texture": "#1"},
				"down": {"uv": [7, 7, 8, 8], "texture": "#1"}
			}
		},
		{
			"from": [14.25, 5, 3],
			"to": [15.25, 9, 5],
			"rotation": {"angle": 0, "axis": "y", "origin": [23, 13, 11]},
			"faces": {
				"north": {"uv": [7, 7, 7.5, 11], "texture": "#1"},
				"east": {"uv": [7, 7, 8, 11], "texture": "#1"},
				"south": {"uv": [7, 7, 7.5, 11], "texture": "#1"},
				"west": {"uv": [7, 7, 8, 11], "texture": "#1"},
				"up": {"uv": [7, 7, 8, 8], "texture": "#1"},
				"down": {"uv": [7, 7, 8, 8], "texture": "#1"}
			}
		},
		{
			"from": [0.5, 1.25, 0],
			"to": [1.5, 14, 3],
			"rotation": {"angle": 0, "axis": "y", "origin": [8, 9, 8]},
			"faces": {
				"north": {"uv": [6, 8, 6.5, 15], "texture": "#1"},
				"east": {"uv": [6, 8, 6.5, 15], "texture": "#1"},
				"south": {"uv": [6, 8, 6.5, 15], "texture": "#1"},
				"west": {"uv": [6, 8, 6.5, 15], "texture": "#1"},
				"up": {"uv": [6, 8, 6.5, 9], "texture": "#1"},
				"down": {"uv": [6, 8, 6.5, 9], "texture": "#1"}
			}
		},
		{
			"from": [0.5, 14, 0],
			"to": [15.5, 15, 3],
			"rotation": {"angle": 0, "axis": "y", "origin": [8, 22, 8]},
			"faces": {
				"north": {"uv": [3, 8, 6, 9], "texture": "#1"},
				"east": {"uv": [3, 8, 3.5, 9], "texture": "#1"},
				"south": {"uv": [3, 8, 6, 9], "texture": "#1"},
				"west": {"uv": [3, 8, 3.5, 9], "texture": "#1"},
				"up": {"uv": [3, 8, 6, 9], "texture": "#1"},
				"down": {"uv": [3, 8, 6, 9], "texture": "#1"}
			}
		},
		{
			"from": [0.5, 0.25, 0],
			"to": [15.5, 1.25, 3],
			"faces": {
				"north": {"uv": [2.5, 15, 6.5, 16], "texture": "#1"},
				"east": {"uv": [2.5, 15, 3.5, 16], "texture": "#1"},
				"south": {"uv": [2.5, 15, 6.5, 16], "texture": "#1"},
				"west": {"uv": [2.5, 15, 3.5, 16], "texture": "#1"},
				"up": {"uv": [2.5, 15, 6.5, 16], "texture": "#1"},
				"down": {"uv": [2.5, 15, 6.5, 16], "texture": "#1"}
			}
		},
		{
			"from": [14.5, 1.25, 0],
			"to": [15.5, 14, 3],
			"rotation": {"angle": 0, "axis": "y", "origin": [23, 9, 8]},
			"faces": {
				"north": {"uv": [2.5, 8, 3, 15], "texture": "#1"},
				"east": {"uv": [2.5, 8, 3, 15], "texture": "#1"},
				"south": {"uv": [2.5, 8, 3, 15], "texture": "#1"},
				"west": {"uv": [2.5, 8, 3, 15], "texture": "#1"},
				"up": {"uv": [2.5, 8, 3, 9], "texture": "#1"},
				"down": {"uv": [2.5, 8, 3, 9], "texture": "#1"}
			}
		},
		{
			"from": [6, 14, 5],
			"to": [10, 15, 15],
			"rotation": {"angle": 0, "axis": "y", "origin": [14, 22, 13]},
			"faces": {
				"north": {"uv": [3.5, 7, 5.5, 8], "texture": "#1"},
				"east": {"uv": [3.5, 0, 4, 8], "texture": "#1"},
				"south": {"uv": [3.5, 7, 5.5, 8], "texture": "#1"},
				"west": {"uv": [3.5, 0, 4, 8], "texture": "#1"},
				"up": {"uv": [3.5, 0, 5.5, 8], "texture": "#1"},
				"down": {"uv": [3.5, 0, 5.5, 8], "texture": "#1"}
			}
		},
		{
			"from": [5, 14, 3],
			"to": [11, 15, 5],
			"rotation": {"angle": 0, "axis": "y", "origin": [13, 22, 11]},
			"faces": {
				"north": {"uv": [2.5, 7, 3.5, 8], "texture": "#1"},
				"east": {"uv": [2.5, 7, 3.5, 8], "texture": "#1"},
				"south": {"uv": [2.5, 7, 3.5, 8], "texture": "#1"},
				"west": {"uv": [2.5, 7, 3.5, 8], "texture": "#1"},
				"up": {"uv": [3, 6, 6, 8], "texture": "#1"},
				"down": {"uv": [3, 6, 6, 8], "texture": "#1"}
			}
		},
		{
			"from": [6, 8, 14],
			"to": [10, 14, 15],
			"rotation": {"angle": 0, "axis": "y", "origin": [14, 16, 22]},
			"faces": {
				"north": {"uv": [3.5, 0, 5.5, 8], "texture": "#1"},
				"east": {"uv": [3.5, 0, 4, 8], "texture": "#1"},
				"south": {"uv": [3.5, 0, 5.5, 8], "texture": "#1"},
				"west": {"uv": [3.5, 0, 4, 8], "texture": "#1"},
				"up": {"uv": [3.5, 0, 5.5, 8], "texture": "#1"},
				"down": {"uv": [3.5, 0, 5.5, 8], "texture": "#1"}
			}
		},
		{
			"from": [14.25, 6, 5],
			"to": [15.25, 8, 15],
			"rotation": {"angle": 0, "axis": "y", "origin": [23, 14, 13]},
			"faces": {
				"north": {"uv": [14, 8, 14.5, 10], "texture": "#1"},
				"east": {"uv": [8, 8, 14.5, 10], "texture": "#1"},
				"south": {"uv": [14, 8, 14.5, 10], "texture": "#1"},
				"west": {"uv": [8, 8, 14.5, 10], "texture": "#1"},
				"up": {"uv": [8, 9, 8.5, 10], "texture": "#1"},
				"down": {"uv": [8, 9, 8.5, 10], "texture": "#1"}
			}
		},
		{
			"from": [1.5, 8, 0],
			"to": [14.5, 14, 1],
			"rotation": {"angle": 0, "axis": "y", "origin": [9, 16, 8]},
			"faces": {
				"north": {"uv": [3, 8, 6, 11], "texture": "#1"},
				"east": {"uv": [3, 8, 3.5, 11], "texture": "#1"},
				"south": {"uv": [3, 8, 6, 11], "texture": "#1"},
				"west": {"uv": [0, 0, 1, 6], "texture": "#missing"},
				"up": {"uv": [3, 8, 3.5, 11], "texture": "#1"},
				"down": {"uv": [3, 8, 3.5, 11], "texture": "#1"}
			}
		},
		{
			"from": [1.75, 6, 14],
			"to": [14.25, 8, 15],
			"rotation": {"angle": 0, "axis": "y", "origin": [9, 14, 22]},
			"faces": {
				"north": {"uv": [8, 8, 14.5, 10], "texture": "#1"},
				"east": {"uv": [8, 8, 14.5, 10], "texture": "#1"},
				"south": {"uv": [8, 8, 14.5, 10], "texture": "#1"},
				"west": {"uv": [8, 8, 14.5, 10], "texture": "#1"},
				"up": {"uv": [8, 8, 14.5, 10], "texture": "#1"},
				"down": {"uv": [8, 8, 14.5, 10], "texture": "#1"}
			}
		},
		{
			"from": [13.5, 4, 0],
			"to": [14.5, 8, 1],
			"rotation": {"angle": 0, "axis": "y", "origin": [21, 12, 8]},
			"faces": {
				"north": {"uv": [2.5, 11, 3, 13], "texture": "#1"},
				"east": {"uv": [2.5, 11, 3, 13], "texture": "#1"},
				"south": {"uv": [2.5, 11, 3, 13], "texture": "#1"},
				"west": {"uv": [2.5, 11, 3, 13], "texture": "#1"},
				"up": {"uv": [2.5, 11, 3, 12], "texture": "#1"},
				"down": {"uv": [2.5, 11, 3, 12], "texture": "#1"}
			}
		},
		{
			"from": [6.75, 4, 0],
			"to": [9.25, 8, 1],
			"rotation": {"angle": 0, "axis": "y", "origin": [15, 12, 8]},
			"faces": {
				"north": {"uv": [4, 11, 5, 13], "texture": "#1"},
				"east": {"uv": [4.5, 11, 5, 13], "texture": "#1"},
				"south": {"uv": [4, 11, 5, 13], "texture": "#1"},
				"west": {"uv": [4, 11, 4.5, 13], "texture": "#1"},
				"up": {"uv": [0, 0, 2.5, 1], "texture": "#missing"},
				"down": {"uv": [4, 11, 5, 13], "texture": "#1"}
			}
		}
	],
	"display": {
		"thirdperson_righthand": {
			"translation": [0, -1.75, -3.5],
			"scale": [0.5, 0.5, 0.5]
		},
		"thirdperson_lefthand": {
			"translation": [0, -1.75, -3.5],
			"scale": [0.5, 0.5, 0.5]
		},
		"firstperson_righthand": {
			"scale": [0.5, 0.5, 0.5]
		},
		"firstperson_lefthand": {
			"scale": [0.5, 0.5, 0.5]
		},
		"ground": {
			"translation": [0, 2.25, 0],
			"scale": [0.5, 0.5, 0.5]
		},
		"gui": {
			"rotation": [20, -165, 0],
			"translation": [-0.25, 1.5, 0],
			"scale": [0.75, 0.75, 0.75]
		},
		"fixed": {
			"translation": [0, 0, 2.75],
			"scale": [0.5, 0.5, 0.5]
		}
	}
}