{
	"credit": "Made with Blockbench",
	"texture_size": [32, 16],
	"textures": {
		"0": "trkits/grenade",
		"particle": "trkits/grenade"
	},
	"elements": [
		{
			"from": [4, 0, 3],
			"to": [12, 10, 4],
			"faces": {
				"north": {"uv": [0, 0, 8, 16], "texture": "#0"},
				"east": {"uv": [7.5, 0, 8, 16], "texture": "#0"},
				"south": {"uv": [0, 0, 0.5, 1], "texture": "#0"},
				"west": {"uv": [0, 0, 0.5, 16], "texture": "#0"},
				"up": {"uv": [0, 0, 8, 1], "texture": "#0"},
				"down": {"uv": [0, 0, 8, 1], "texture": "#0"}
			}
		},
		{
			"from": [4.5, 0.625, 2],
			"to": [6.5, 3.125, 3],
			"faces": {
				"north": {"uv": [0.5, 1, 2.5, 5], "texture": "#0"},
				"east": {"uv": [0.5, 1, 1, 5], "texture": "#0"},
				"south": {"uv": [0.5, 1, 2.5, 5], "texture": "#0"},
				"west": {"uv": [2, 1, 2.5, 5], "texture": "#0"},
				"up": {"uv": [0.5, 1, 2.5, 2], "texture": "#0"},
				"down": {"uv": [0.5, 4, 2.5, 5], "texture": "#0"}
			}
		},
		{
			"from": [7, 0.625, 2],
			"to": [9, 3.125, 3],
			"faces": {
				"north": {"uv": [0.5, 1, 2.5, 5], "texture": "#0"},
				"east": {"uv": [0.5, 1, 1, 5], "texture": "#0"},
				"south": {"uv": [0.5, 1, 2.5, 5], "texture": "#0"},
				"west": {"uv": [2, 1, 2.5, 5], "texture": "#0"},
				"up": {"uv": [0.5, 1, 2.5, 2], "texture": "#0"},
				"down": {"uv": [0.5, 4, 2.5, 5], "texture": "#0"}
			}
		},
		{
			"from": [9.5, 0.625, 2],
			"to": [11.5, 3.125, 3],
			"faces": {
				"north": {"uv": [0.5, 1, 2.5, 5], "texture": "#0"},
				"east": {"uv": [0.5, 1, 1, 5], "texture": "#0"},
				"south": {"uv": [0.5, 1, 2.5, 5], "texture": "#0"},
				"west": {"uv": [2, 1, 2.5, 5], "texture": "#0"},
				"up": {"uv": [0.5, 1, 2.5, 2], "texture": "#0"},
				"down": {"uv": [0.5, 4, 2.5, 5], "texture": "#0"}
			}
		},
		{
			"from": [7, 3.75, 2],
			"to": [9, 6.25, 3],
			"faces": {
				"north": {"uv": [0.5, 1, 2.5, 5], "texture": "#0"},
				"east": {"uv": [0.5, 1, 1, 5], "texture": "#0"},
				"south": {"uv": [0.5, 1, 2.5, 5], "texture": "#0"},
				"west": {"uv": [2, 1, 2.5, 5], "texture": "#0"},
				"up": {"uv": [0.5, 1, 2.5, 2], "texture": "#0"},
				"down": {"uv": [0.5, 4, 2.5, 5], "texture": "#0"}
			}
		},
		{
			"from": [4.5, 3.75, 2],
			"to": [6.5, 6.25, 3],
			"faces": {
				"north": {"uv": [0.5, 1, 2.5, 5], "texture": "#0"},
				"east": {"uv": [0.5, 1, 1, 5], "texture": "#0"},
				"south": {"uv": [0.5, 1, 2.5, 5], "texture": "#0"},
				"west": {"uv": [2, 1, 2.5, 5], "texture": "#0"},
				"up": {"uv": [0.5, 1, 2.5, 2], "texture": "#0"},
				"down": {"uv": [0.5, 4, 2.5, 5], "texture": "#0"}
			}
		},
		{
			"from": [9.5, 3.75, 2],
			"to": [11.5, 6.25, 3],
			"faces": {
				"north": {"uv": [0.5, 1, 2.5, 5], "texture": "#0"},
				"east": {"uv": [0.5, 1, 1, 5], "texture": "#0"},
				"south": {"uv": [0.5, 1, 2.5, 5], "texture": "#0"},
				"west": {"uv": [2, 1, 2.5, 5], "texture": "#0"},
				"up": {"uv": [0.5, 1, 2.5, 2], "texture": "#0"},
				"down": {"uv": [0.5, 4, 2.5, 5], "texture": "#0"}
			}
		},
		{
			"from": [7, 6.825, 2],
			"to": [9, 9.325, 3],
			"faces": {
				"north": {"uv": [0.5, 1, 2.5, 5], "texture": "#0"},
				"east": {"uv": [0.5, 1, 1, 5], "texture": "#0"},
				"south": {"uv": [0.5, 1, 2.5, 5], "texture": "#0"},
				"west": {"uv": [2, 1, 2.5, 5], "texture": "#0"},
				"up": {"uv": [0.5, 1, 2.5, 2], "texture": "#0"},
				"down": {"uv": [0.5, 4, 2.5, 5], "texture": "#0"}
			}
		},
		{
			"from": [4.5, 6.825, 2],
			"to": [6.5, 9.325, 3],
			"faces": {
				"north": {"uv": [0.5, 1, 2.5, 5], "texture": "#0"},
				"east": {"uv": [0.5, 1, 1, 5], "texture": "#0"},
				"south": {"uv": [0.5, 1, 2.5, 5], "texture": "#0"},
				"west": {"uv": [2, 1, 2.5, 5], "texture": "#0"},
				"up": {"uv": [0.5, 1, 2.5, 2], "texture": "#0"},
				"down": {"uv": [0.5, 4, 2.5, 5], "texture": "#0"}
			}
		},
		{
			"from": [9.5, 6.825, 2],
			"to": [11.5, 9.325, 3],
			"faces": {
				"north": {"uv": [0.5, 1, 2.5, 5], "texture": "#0"},
				"east": {"uv": [0.5, 1, 1, 5], "texture": "#0"},
				"south": {"uv": [0.5, 1, 2.5, 5], "texture": "#0"},
				"west": {"uv": [2, 1, 2.5, 5], "texture": "#0"},
				"up": {"uv": [0.5, 1, 2.5, 2], "texture": "#0"},
				"down": {"uv": [0.5, 4, 2.5, 5], "texture": "#0"}
			}
		},
		{
			"from": [3, 0, 4],
			"to": [4, 10, 12],
			"faces": {
				"north": {"uv": [0, 0, 0.5, 16], "texture": "#0"},
				"east": {"uv": [7.5, 0, 8, 16], "texture": "#0"},
				"south": {"uv": [0, 0, 0.5, 1], "texture": "#0"},
				"west": {"uv": [0, 0, 8, 16], "texture": "#0"},
				"up": {"uv": [0, 0, 8, 1], "texture": "#0"},
				"down": {"uv": [0, 0, 8, 1], "texture": "#0"}
			}
		},
		{
			"from": [2, 0.625, 9.5],
			"to": [3, 3.125, 11.5],
			"faces": {
				"north": {"uv": [0.5, 1, 1, 5], "texture": "#0"},
				"east": {"uv": [0.5, 1, 2.5, 5], "texture": "#0"},
				"south": {"uv": [2, 1, 2.5, 5], "texture": "#0"},
				"west": {"uv": [0.5, 1, 2.5, 5], "texture": "#0"},
				"up": {"uv": [0.5, 1, 2.5, 2], "texture": "#0"},
				"down": {"uv": [0.5, 1, 2.5, 2], "texture": "#0"}
			}
		},
		{
			"from": [2, 0.625, 4.5],
			"to": [3, 3.125, 6.5],
			"faces": {
				"north": {"uv": [0.5, 1, 1, 5], "texture": "#0"},
				"east": {"uv": [0.5, 1, 2.5, 5], "texture": "#0"},
				"south": {"uv": [2, 1, 2.5, 5], "texture": "#0"},
				"west": {"uv": [0.5, 1, 2.5, 5], "texture": "#0"},
				"up": {"uv": [0.5, 1, 2.5, 2], "texture": "#0"},
				"down": {"uv": [0.5, 1, 2.5, 2], "texture": "#0"}
			}
		},
		{
			"from": [2, 0.625, 7],
			"to": [3, 3.125, 9],
			"faces": {
				"north": {"uv": [0.5, 1, 1, 5], "texture": "#0"},
				"east": {"uv": [0.5, 1, 2.5, 5], "texture": "#0"},
				"south": {"uv": [2, 1, 2.5, 5], "texture": "#0"},
				"west": {"uv": [0.5, 1, 2.5, 5], "texture": "#0"},
				"up": {"uv": [0.5, 1, 2.5, 2], "texture": "#0"},
				"down": {"uv": [0.5, 1, 2.5, 2], "texture": "#0"}
			}
		},
		{
			"from": [2, 3.75, 7],
			"to": [3, 6.25, 9],
			"faces": {
				"north": {"uv": [0.5, 1, 1, 5], "texture": "#0"},
				"east": {"uv": [0.5, 1, 2.5, 5], "texture": "#0"},
				"south": {"uv": [2, 1, 2.5, 5], "texture": "#0"},
				"west": {"uv": [0.5, 1, 2.5, 5], "texture": "#0"},
				"up": {"uv": [0.5, 1, 2.5, 2], "texture": "#0"},
				"down": {"uv": [0.5, 1, 2.5, 2], "texture": "#0"}
			}
		},
		{
			"from": [2, 3.75, 9.5],
			"to": [3, 6.25, 11.5],
			"faces": {
				"north": {"uv": [0.5, 1, 1, 5], "texture": "#0"},
				"east": {"uv": [0.5, 1, 2.5, 5], "texture": "#0"},
				"south": {"uv": [2, 1, 2.5, 5], "texture": "#0"},
				"west": {"uv": [0.5, 1, 2.5, 5], "texture": "#0"},
				"up": {"uv": [0.5, 1, 2.5, 2], "texture": "#0"},
				"down": {"uv": [0.5, 1, 2.5, 2], "texture": "#0"}
			}
		},
		{
			"from": [2, 3.75, 4.5],
			"to": [3, 6.25, 6.5],
			"faces": {
				"north": {"uv": [0.5, 1, 1, 5], "texture": "#0"},
				"east": {"uv": [0.5, 1, 2.5, 5], "texture": "#0"},
				"south": {"uv": [2, 1, 2.5, 5], "texture": "#0"},
				"west": {"uv": [0.5, 1, 2.5, 5], "texture": "#0"},
				"up": {"uv": [0.5, 1, 2.5, 2], "texture": "#0"},
				"down": {"uv": [0.5, 1, 2.5, 2], "texture": "#0"}
			}
		},
		{
			"from": [2, 6.825, 7],
			"to": [3, 9.325, 9],
			"faces": {
				"north": {"uv": [0.5, 1, 1, 5], "texture": "#0"},
				"east": {"uv": [0.5, 1, 2.5, 5], "texture": "#0"},
				"south": {"uv": [2, 1, 2.5, 5], "texture": "#0"},
				"west": {"uv": [0.5, 1, 2.5, 5], "texture": "#0"},
				"up": {"uv": [0.5, 1, 2.5, 2], "texture": "#0"},
				"down": {"uv": [0.5, 1, 2.5, 2], "texture": "#0"}
			}
		},
		{
			"from": [2, 6.825, 9.5],
			"to": [3, 9.325, 11.5],
			"faces": {
				"north": {"uv": [0.5, 1, 1, 5], "texture": "#0"},
				"east": {"uv": [0.5, 1, 2.5, 5], "texture": "#0"},
				"south": {"uv": [2, 1, 2.5, 5], "texture": "#0"},
				"west": {"uv": [0.5, 1, 2.5, 5], "texture": "#0"},
				"up": {"uv": [0.5, 1, 2.5, 2], "texture": "#0"},
				"down": {"uv": [0.5, 1, 2.5, 2], "texture": "#0"}
			}
		},
		{
			"from": [13, 6.825, 9.5],
			"to": [14, 9.325, 11.5],
			"faces": {
				"north": {"uv": [2, 1, 2.5, 5], "texture": "#0"},
				"east": {"uv": [0.5, 1, 2.5, 5], "texture": "#0"},
				"south": {"uv": [0.5, 1, 1, 5], "texture": "#0"},
				"west": {"uv": [0.5, 1, 2.5, 5], "texture": "#0"},
				"up": {"uv": [0.5, 1, 2.5, 2], "texture": "#0"},
				"down": {"uv": [0.5, 4, 2.5, 5], "texture": "#0"}
			}
		},
		{
			"from": [12, 0, 4],
			"to": [13, 10, 12],
			"faces": {
				"north": {"uv": [7.5, 0, 8, 16], "texture": "#0"},
				"east": {"uv": [0, 0, 8, 16], "texture": "#0"},
				"south": {"uv": [0, 0, 0.5, 1], "texture": "#0"},
				"west": {"uv": [0, 0, 0.5, 16], "texture": "#0"},
				"up": {"uv": [0, 0, 8, 1], "texture": "#0"},
				"down": {"uv": [0, 0, 8, 1], "texture": "#0"}
			}
		},
		{
			"from": [13, 0.625, 4.5],
			"to": [14, 3.125, 6.5],
			"faces": {
				"north": {"uv": [2, 1, 2.5, 5], "texture": "#0"},
				"east": {"uv": [0.5, 1, 2.5, 5], "texture": "#0"},
				"south": {"uv": [0.5, 1, 1, 5], "texture": "#0"},
				"west": {"uv": [0.5, 1, 2.5, 5], "texture": "#0"},
				"up": {"uv": [0.5, 1, 2.5, 2], "texture": "#0"},
				"down": {"uv": [0.5, 4, 2.5, 5], "texture": "#0"}
			}
		},
		{
			"from": [13, 0.625, 9.5],
			"to": [14, 3.125, 11.5],
			"faces": {
				"north": {"uv": [2, 1, 2.5, 5], "texture": "#0"},
				"east": {"uv": [0.5, 1, 2.5, 5], "texture": "#0"},
				"south": {"uv": [0.5, 1, 1, 5], "texture": "#0"},
				"west": {"uv": [0.5, 1, 2.5, 5], "texture": "#0"},
				"up": {"uv": [0.5, 1, 2.5, 2], "texture": "#0"},
				"down": {"uv": [0.5, 4, 2.5, 5], "texture": "#0"}
			}
		},
		{
			"from": [13, 0.625, 7],
			"to": [14, 3.125, 9],
			"faces": {
				"north": {"uv": [2, 1, 2.5, 5], "texture": "#0"},
				"east": {"uv": [0.5, 1, 2.5, 5], "texture": "#0"},
				"south": {"uv": [0.5, 1, 1, 5], "texture": "#0"},
				"west": {"uv": [0.5, 1, 2.5, 5], "texture": "#0"},
				"up": {"uv": [0.5, 1, 2.5, 2], "texture": "#0"},
				"down": {"uv": [0.5, 4, 2.5, 5], "texture": "#0"}
			}
		},
		{
			"from": [13, 3.75, 7],
			"to": [14, 6.25, 9],
			"faces": {
				"north": {"uv": [2, 1, 2.5, 5], "texture": "#0"},
				"east": {"uv": [0.5, 1, 2.5, 5], "texture": "#0"},
				"south": {"uv": [0.5, 1, 1, 5], "texture": "#0"},
				"west": {"uv": [0.5, 1, 2.5, 5], "texture": "#0"},
				"up": {"uv": [0.5, 1, 2.5, 2], "texture": "#0"},
				"down": {"uv": [0.5, 4, 2.5, 5], "texture": "#0"}
			}
		},
		{
			"from": [13, 3.75, 4.5],
			"to": [14, 6.25, 6.5],
			"faces": {
				"north": {"uv": [2, 1, 2.5, 5], "texture": "#0"},
				"east": {"uv": [0.5, 1, 2.5, 5], "texture": "#0"},
				"south": {"uv": [0.5, 1, 1, 5], "texture": "#0"},
				"west": {"uv": [0.5, 1, 2.5, 5], "texture": "#0"},
				"up": {"uv": [0.5, 1, 2.5, 2], "texture": "#0"},
				"down": {"uv": [0.5, 4, 2.5, 5], "texture": "#0"}
			}
		},
		{
			"from": [13, 3.75, 9.5],
			"to": [14, 6.25, 11.5],
			"faces": {
				"north": {"uv": [2, 1, 2.5, 5], "texture": "#0"},
				"east": {"uv": [0.5, 1, 2.5, 5], "texture": "#0"},
				"south": {"uv": [0.5, 1, 1, 5], "texture": "#0"},
				"west": {"uv": [0.5, 1, 2.5, 5], "texture": "#0"},
				"up": {"uv": [0.5, 1, 2.5, 2], "texture": "#0"},
				"down": {"uv": [0.5, 4, 2.5, 5], "texture": "#0"}
			}
		},
		{
			"from": [13, 6.825, 7],
			"to": [14, 9.325, 9],
			"faces": {
				"north": {"uv": [2, 1, 2.5, 5], "texture": "#0"},
				"east": {"uv": [0.5, 1, 2.5, 5], "texture": "#0"},
				"south": {"uv": [0.5, 1, 1, 5], "texture": "#0"},
				"west": {"uv": [0.5, 1, 2.5, 5], "texture": "#0"},
				"up": {"uv": [0.5, 1, 2.5, 2], "texture": "#0"},
				"down": {"uv": [0.5, 4, 2.5, 5], "texture": "#0"}
			}
		},
		{
			"from": [9.5, 6.825, 13],
			"to": [11.5, 9.325, 14],
			"faces": {
				"north": {"uv": [0.5, 1, 2.5, 5], "texture": "#0"},
				"east": {"uv": [2, 1, 2.5, 5], "texture": "#0"},
				"south": {"uv": [0.5, 1, 2.5, 5], "texture": "#0"},
				"west": {"uv": [0.5, 1, 1, 5], "texture": "#0"},
				"up": {"uv": [0.5, 1, 2.5, 2], "texture": "#0"},
				"down": {"uv": [0.5, 4, 2.5, 5], "texture": "#0"}
			}
		},
		{
			"from": [4.5, 6.825, 13],
			"to": [6.5, 9.325, 14],
			"faces": {
				"north": {"uv": [0.5, 1, 2.5, 5], "texture": "#0"},
				"east": {"uv": [2, 1, 2.5, 5], "texture": "#0"},
				"south": {"uv": [0.5, 1, 2.5, 5], "texture": "#0"},
				"west": {"uv": [0.5, 1, 1, 5], "texture": "#0"},
				"up": {"uv": [0.5, 1, 2.5, 2], "texture": "#0"},
				"down": {"uv": [0.5, 4, 2.5, 5], "texture": "#0"}
			}
		},
		{
			"from": [4, 0, 12],
			"to": [12, 10, 13],
			"faces": {
				"north": {"uv": [0, 0, 0.5, 1], "texture": "#0"},
				"east": {"uv": [7.5, 0, 8, 16], "texture": "#0"},
				"south": {"uv": [0, 0, 8, 16], "texture": "#0"},
				"west": {"uv": [0, 0, 0.5, 16], "texture": "#0"},
				"up": {"uv": [0, 0, 8, 1], "texture": "#0"},
				"down": {"uv": [0, 0, 8, 1], "texture": "#0"}
			}
		},
		{
			"from": [4, 10, 4],
			"to": [12, 11, 12],
			"faces": {
				"north": {"uv": [7.5, 0, 8, 1], "texture": "#0"},
				"east": {"uv": [7.5, 0, 8, 1], "texture": "#0"},
				"south": {"uv": [7.5, 0, 8, 1], "texture": "#0"},
				"west": {"uv": [7.5, 0, 8, 1], "texture": "#0"},
				"up": {"uv": [2.5, 5, 5.5, 11], "texture": "#0"},
				"down": {"uv": [7.5, 0, 8, 1], "texture": "#0"}
			}
		},
		{
			"from": [4, -1, 4],
			"to": [12, 0, 12],
			"faces": {
				"north": {"uv": [5, 10, 5.5, 11], "texture": "#0"},
				"east": {"uv": [5, 10, 5.5, 11], "texture": "#0"},
				"south": {"uv": [5, 10, 5.5, 11], "texture": "#0"},
				"west": {"uv": [5, 10, 5.5, 11], "texture": "#0"},
				"up": {"uv": [5, 10, 5.5, 11], "texture": "#0"},
				"down": {"uv": [2.5, 5, 5.5, 11], "texture": "#0"}
			}
		},
		{
			"from": [9.5, 0.625, 13],
			"to": [11.5, 3.125, 14],
			"faces": {
				"north": {"uv": [0.5, 1, 2.5, 5], "texture": "#0"},
				"east": {"uv": [2, 1, 2.5, 5], "texture": "#0"},
				"south": {"uv": [0.5, 1, 2.5, 5], "texture": "#0"},
				"west": {"uv": [0.5, 1, 1, 5], "texture": "#0"},
				"up": {"uv": [0.5, 1, 2.5, 2], "texture": "#0"},
				"down": {"uv": [0.5, 4, 2.5, 5], "texture": "#0"}
			}
		},
		{
			"from": [4.5, 0.625, 13],
			"to": [6.5, 3.125, 14],
			"faces": {
				"north": {"uv": [0.5, 1, 2.5, 5], "texture": "#0"},
				"east": {"uv": [2, 1, 2.5, 5], "texture": "#0"},
				"south": {"uv": [0.5, 1, 2.5, 5], "texture": "#0"},
				"west": {"uv": [0.5, 1, 1, 5], "texture": "#0"},
				"up": {"uv": [0.5, 1, 2.5, 2], "texture": "#0"},
				"down": {"uv": [0.5, 4, 2.5, 5], "texture": "#0"}
			}
		},
		{
			"from": [7, 0.625, 13],
			"to": [9, 3.125, 14],
			"faces": {
				"north": {"uv": [0.5, 1, 2.5, 5], "texture": "#0"},
				"east": {"uv": [2, 1, 2.5, 5], "texture": "#0"},
				"south": {"uv": [0.5, 1, 2.5, 5], "texture": "#0"},
				"west": {"uv": [0.5, 1, 1, 5], "texture": "#0"},
				"up": {"uv": [0.5, 1, 2.5, 2], "texture": "#0"},
				"down": {"uv": [0.5, 4, 2.5, 5], "texture": "#0"}
			}
		},
		{
			"from": [7, 3.75, 13],
			"to": [9, 6.25, 14],
			"faces": {
				"north": {"uv": [0.5, 1, 2.5, 5], "texture": "#0"},
				"east": {"uv": [2, 1, 2.5, 5], "texture": "#0"},
				"south": {"uv": [0.5, 1, 2.5, 5], "texture": "#0"},
				"west": {"uv": [0.5, 1, 1, 5], "texture": "#0"},
				"up": {"uv": [0.5, 1, 2.5, 2], "texture": "#0"},
				"down": {"uv": [0.5, 4, 2.5, 5], "texture": "#0"}
			}
		},
		{
			"from": [9.5, 3.75, 13],
			"to": [11.5, 6.25, 14],
			"faces": {
				"north": {"uv": [0.5, 1, 2.5, 5], "texture": "#0"},
				"east": {"uv": [2, 1, 2.5, 5], "texture": "#0"},
				"south": {"uv": [0.5, 1, 2.5, 5], "texture": "#0"},
				"west": {"uv": [0.5, 1, 1, 5], "texture": "#0"},
				"up": {"uv": [0.5, 1, 2.5, 2], "texture": "#0"},
				"down": {"uv": [0.5, 4, 2.5, 5], "texture": "#0"}
			}
		},
		{
			"from": [4.5, 3.75, 13],
			"to": [6.5, 6.25, 14],
			"faces": {
				"north": {"uv": [0.5, 1, 2.5, 5], "texture": "#0"},
				"east": {"uv": [2, 1, 2.5, 5], "texture": "#0"},
				"south": {"uv": [0.5, 1, 2.5, 5], "texture": "#0"},
				"west": {"uv": [0.5, 1, 1, 5], "texture": "#0"},
				"up": {"uv": [0.5, 1, 2.5, 2], "texture": "#0"},
				"down": {"uv": [0.5, 4, 2.5, 5], "texture": "#0"}
			}
		},
		{
			"from": [7, 6.825, 13],
			"to": [9, 9.325, 14],
			"faces": {
				"north": {"uv": [0.5, 1, 2.5, 5], "texture": "#0"},
				"east": {"uv": [2, 1, 2.5, 5], "texture": "#0"},
				"south": {"uv": [0.5, 1, 2.5, 5], "texture": "#0"},
				"west": {"uv": [0.5, 1, 1, 5], "texture": "#0"},
				"up": {"uv": [0.5, 1, 2.5, 2], "texture": "#0"},
				"down": {"uv": [0.5, 4, 2.5, 5], "texture": "#0"}
			}
		},
		{
			"from": [13, 6.825, 4.5],
			"to": [14, 9.325, 6.5],
			"faces": {
				"north": {"uv": [2, 1, 2.5, 5], "texture": "#0"},
				"east": {"uv": [0.5, 1, 2.5, 5], "texture": "#0"},
				"south": {"uv": [0.5, 1, 1, 5], "texture": "#0"},
				"west": {"uv": [0.5, 1, 2.5, 5], "texture": "#0"},
				"up": {"uv": [0.5, 1, 2.5, 2], "texture": "#0"},
				"down": {"uv": [0.5, 4, 2.5, 5], "texture": "#0"}
			}
		},
		{
			"from": [2, 6.825, 4.5],
			"to": [3, 9.325, 6.5],
			"faces": {
				"north": {"uv": [0.5, 1, 1, 5], "texture": "#0"},
				"east": {"uv": [0.5, 1, 2.5, 5], "texture": "#0"},
				"south": {"uv": [2, 1, 2.5, 5], "texture": "#0"},
				"west": {"uv": [0.5, 1, 2.5, 5], "texture": "#0"},
				"up": {"uv": [0.5, 1, 2.5, 2], "texture": "#0"},
				"down": {"uv": [0.5, 1, 2.5, 2], "texture": "#0"}
			}
		},
		{
			"from": [6, 11, 6],
			"to": [10, 16, 10],
			"faces": {
				"north": {"uv": [10, 0, 8, 4], "texture": "#0"},
				"east": {"uv": [9.5, 1, 10, 4], "texture": "#0"},
				"south": {"uv": [8, 0, 10, 4], "texture": "#0"},
				"west": {"uv": [8, 0, 8.5, 4], "texture": "#0"},
				"up": {"uv": [8, 0, 8.5, 1], "texture": "#0"},
				"down": {"uv": [8, 1, 10, 4], "texture": "#0"}
			}
		},
		{
			"from": [10, 14, 6],
			"to": [12, 16, 10],
			"faces": {
				"north": {"uv": [9.5, 0, 10, 1], "texture": "#0"},
				"east": {"uv": [9.5, 0, 10, 1], "texture": "#0"},
				"south": {"uv": [9.5, 0, 10, 1], "texture": "#0"},
				"west": {"uv": [9.5, 0, 10, 1], "texture": "#0"},
				"up": {"uv": [9.5, 0, 10, 1], "texture": "#0"},
				"down": {"uv": [9, 0, 9.5, 1], "texture": "#0"}
			}
		},
		{
			"from": [11, 12, 6],
			"to": [13, 15, 10],
			"faces": {
				"north": {"uv": [9.5, 0, 10, 1], "texture": "#0"},
				"east": {"uv": [9.5, 0, 10, 1], "texture": "#0"},
				"south": {"uv": [9.5, 0, 10, 1], "texture": "#0"},
				"west": {"uv": [9.5, 0, 10, 1], "texture": "#0"},
				"up": {"uv": [9.5, 0, 10, 1], "texture": "#0"},
				"down": {"uv": [9.5, 0, 10, 1], "texture": "#0"}
			}
		},
		{
			"from": [5, 15, 6],
			"to": [6, 16, 10],
			"faces": {
				"north": {"uv": [9.5, 0, 10, 1], "texture": "#0"},
				"east": {"uv": [8, 0, 10, 1], "texture": "#0"},
				"south": {"uv": [9.5, 0, 10, 1], "texture": "#0"},
				"west": {"uv": [8, 0, 10, 1], "texture": "#0"},
				"up": {"uv": [8, 0, 10, 1], "texture": "#0"},
				"down": {"uv": [8, 0, 10, 1], "texture": "#0"}
			}
		}
	],
	"display": {
		"thirdperson_righthand": {
			"translation": [0, 0.75, 0],
			"scale": [0.25, 0.25, 0.25]
		},
		"thirdperson_lefthand": {
			"translation": [0, 0.75, 0],
			"scale": [0.25, 0.25, 0.25]
		},
		"firstperson_righthand": {
			"translation": [0, 1.25, 0],
			"scale": [0.25, 0.25, 0.25]
		},
		"firstperson_lefthand": {
			"rotation": [0, -180, 0],
			"translation": [0, 1.25, 0],
			"scale": [0.25, 0.25, 0.25]
		},
		"ground": {
			"scale": [0.5, 0.5, 0.5]
		},
		"gui": {
			"rotation": [20, -165, 0],
			"translation": [0, 0.75, 0],
			"scale": [0.75, 0.75, 0.75]
		},
		"head": {
			"translation": [0, 10.25, 0],
			"scale": [0.5, 0.5, 0.5]
		},
		"fixed": {
			"scale": [0.75, 0.75, 0.75]
		}
	}
}