{
	"credit": "Made with Blockbench",
	"texture_size": [64, 32],
	"textures": {
		"1": "trkits/hatchet_head",
		"2": "trkits/oaklogbig",
		"particle": "customtextures/spruce_log"
	},
	"elements": [
		{
			"from": [7.2, 0, 7.2],
			"to": [8.8, 14.3, 8.8],
			"faces": {
				"north": {"uv": [0.2, 1.6, 1.2, 5.6], "texture": "#2"},
				"east": {"uv": [5.4, 5.6, 6.4, 9.6], "texture": "#2"},
				"south": {"uv": [6.8, 4.4, 7.8, 8.4], "texture": "#2"},
				"west": {"uv": [6.8, 4.4, 7.8, 8.4], "texture": "#2"},
				"up": {"uv": [7.6, 6.4, 8.4, 8], "texture": "#2"},
				"down": {"uv": [7.6, 6.4, 8.4, 8], "texture": "#2"}
			}
		},
		{
			"from": [6.7, 11.1, 7],
			"to": [9.2, 13.9, 9],
			"faces": {
				"north": {"uv": [0.25, 1, 3.75, 8], "texture": "#1"},
				"east": {"uv": [0.25, 1, 3.75, 8], "rotation": 270, "texture": "#1"},
				"south": {"uv": [0.25, 1, 3.75, 8], "texture": "#1"},
				"west": {"uv": [0.25, 1, 3.75, 8], "rotation": 270, "texture": "#1"},
				"up": {"uv": [0.25, 1, 3.75, 8], "rotation": 270, "texture": "#1"},
				"down": {"uv": [0.25, 1, 3.75, 8], "rotation": 270, "texture": "#1"}
			}
		},
		{
			"from": [5.7, 11.3, 7.5],
			"to": [6.7, 13.7, 8.5],
			"faces": {
				"north": {"uv": [4.25, 1.5, 5.75, 7], "texture": "#1"},
				"east": {"uv": [0, 0, 1, 2.4], "texture": "#missing"},
				"south": {"uv": [4.25, 1.5, 5.75, 7], "rotation": 180, "texture": "#1"},
				"west": {"uv": [5.25, 2, 5.5, 6.5], "texture": "#1"},
				"up": {"uv": [4.25, 4.5, 5.75, 7], "rotation": 180, "texture": "#1"},
				"down": {"uv": [4.25, 4.5, 5.75, 7], "rotation": 180, "texture": "#1"}
			}
		},
		{
			"from": [3.7, 10.5, 7.7],
			"to": [4.7, 13.9, 8.3],
			"faces": {
				"north": {"uv": [7, 1, 8.25, 9], "texture": "#1"},
				"east": {"uv": [7, 1, 7.75, 9], "texture": "#1"},
				"south": {"uv": [7, 1, 8.25, 9], "rotation": 180, "texture": "#1"},
				"west": {"uv": [7.75, 1.5, 8, 8], "texture": "#1"},
				"up": {"uv": [7, 4, 8, 5.5], "rotation": 180, "texture": "#1"},
				"down": {"uv": [7, 4, 8, 5.5], "rotation": 180, "texture": "#1"}
			}
		},
		{
			"from": [4.7, 11, 7.6],
			"to": [5.7, 13.9, 8.4],
			"faces": {
				"north": {"uv": [6, 1, 7, 8], "texture": "#1"},
				"east": {"uv": [8.72727, 1.23077, 10.18182, 9.84615], "texture": "#1"},
				"south": {"uv": [6, 1, 7, 8], "rotation": 180, "texture": "#1"},
				"west": {"uv": [6.5, 1, 6.75, 7.5], "texture": "#1"},
				"up": {"uv": [6, 4, 7, 5.5], "rotation": 180, "texture": "#1"},
				"down": {"uv": [6, 4, 7, 5.5], "rotation": 180, "texture": "#1"}
			}
		},
		{
			"from": [2.7, 9.7, 7.8],
			"to": [3.7, 14.1, 8.2],
			"faces": {
				"north": {"uv": [8.25, 0.5, 9.5, 10.5], "texture": "#1"},
				"east": {"uv": [8.25, 0.5, 8.5, 10.5], "texture": "#1"},
				"south": {"uv": [8.25, 0.5, 9.5, 10.5], "rotation": 180, "texture": "#1"},
				"west": {"uv": [9.25, 0.5, 9.5, 10.5], "texture": "#1"},
				"up": {"uv": [8.5, 4, 9.5, 5.5], "rotation": 180, "texture": "#1"},
				"down": {"uv": [8.5, 4, 9.5, 5.5], "rotation": 180, "texture": "#1"}
			}
		},
		{
			"from": [1.7, 8.6, 7.9],
			"to": [2.7, 14.3, 8.1],
			"faces": {
				"north": {"uv": [9.5, 0, 10.75, 12.5], "texture": "#1"},
				"east": {"uv": [9.5, 0, 9.75, 12.5], "texture": "#1"},
				"south": {"uv": [9.5, 0, 10.75, 12.5], "rotation": 180, "texture": "#1"},
				"west": {"uv": [10.5, 0, 10.75, 12.5], "texture": "#1"},
				"up": {"uv": [9.75, 5, 10.75, 5.5], "rotation": 180, "texture": "#1"},
				"down": {"uv": [9.75, 5, 10.75, 5.5], "rotation": 180, "texture": "#1"}
			}
		}
	],
	"display": {
		"thirdperson_righthand": {
			"rotation": [0, -90, 0],
			"translation": [0, 3, 2]
		},
		"thirdperson_lefthand": {
			"rotation": [0, 90, 0],
			"translation": [0, 3, 2]
		},
		"firstperson_righthand": {
			"rotation": [0, -85, 0],
			"translation": [0.5, 2.75, 2.25],
			"scale": [0.75, 0.75, 0.75]
		},
		"firstperson_lefthand": {
			"rotation": [0, 85, 0],
			"translation": [0.5, 2.75, 2.25],
			"scale": [0.75, 0.75, 0.751]
		},
		"ground": {
			"translation": [0, 2.25, 0],
			"scale": [0.75, 0.75, 0.75]
		},
		"head": {
			"translation": [0, -1.25, 0]
		}
	}
}