{
	"credit": "Made with Blockbench",
	"textures": {
		"0": "item/netherite_block",
		"1": "item/stripped_dark_oak_log",
		"particle": "item/netherite_block"
	},
	"elements": [
		{
			"from": [7.5, 5, 21],
			"to": [8.5, 8, 22.5],
			"rotation": {"angle": 0, "axis": "y", "origin": [15, 13, 18]},
			"faces": {
				"north": {"uv": [4, 4, 9, 12], "texture": "#1"},
				"east": {"uv": [4, 0, 12, 12], "texture": "#1"},
				"south": {"uv": [4, 4, 9, 12], "texture": "#1"},
				"west": {"uv": [4, 0, 12, 12], "texture": "#1"},
				"up": {"uv": [4, 4, 12, 12], "texture": "#1"},
				"down": {"uv": [4, 4, 12, 12], "texture": "#1"}
			}
		},
		{
			"from": [7.5, 6, 18],
			"to": [8.5, 8, 19],
			"rotation": {"angle": 0, "axis": "y", "origin": [15, 15, 17]},
			"faces": {
				"north": {"uv": [4, 4, 9, 12], "texture": "#1"},
				"east": {"uv": [4, 4, 8, 12], "texture": "#1"},
				"south": {"uv": [4, 4, 9, 12], "texture": "#1"},
				"west": {"uv": [4, 4, 8, 12], "texture": "#1"},
				"up": {"uv": [4, 4, 12, 12], "texture": "#1"},
				"down": {"uv": [4, 4, 12, 12], "texture": "#1"}
			}
		},
		{
			"from": [7.5, 5.25, 20],
			"to": [8.5, 8, 21],
			"rotation": {"angle": 0, "axis": "y", "origin": [15, 15, 18]},
			"faces": {
				"north": {"uv": [4, 4, 9, 12], "texture": "#1"},
				"east": {"uv": [7, 1, 13, 13], "texture": "#1"},
				"south": {"uv": [4, 4, 9, 12], "texture": "#1"},
				"west": {"uv": [7, 1, 13, 13], "texture": "#1"},
				"up": {"uv": [4, 4, 13, 12], "texture": "#1"},
				"down": {"uv": [4, 4, 13, 12], "texture": "#1"}
			}
		},
		{
			"from": [7.5, 5.5, 19],
			"to": [8.5, 8, 20],
			"rotation": {"angle": 0, "axis": "y", "origin": [15, 15, 18]},
			"faces": {
				"north": {"uv": [4, 4, 9, 12], "texture": "#1"},
				"east": {"uv": [4, 1, 7, 12], "texture": "#1"},
				"south": {"uv": [4, 4, 9, 12], "texture": "#1"},
				"west": {"uv": [4, 1, 7, 12], "texture": "#1"},
				"up": {"uv": [4, 4, 13, 12], "texture": "#1"},
				"down": {"uv": [4, 4, 13, 12], "texture": "#1"}
			}
		},
		{
			"from": [7.5, 8.5, 16],
			"to": [8.5, 9, 17],
			"rotation": {"angle": 0, "axis": "y", "origin": [15, 17, 16]},
			"faces": {
				"north": {"uv": [4, 10, 12, 12], "texture": "#1"},
				"east": {"uv": [4, 10, 12, 12], "texture": "#1"},
				"south": {"uv": [4, 10, 12, 12], "texture": "#1"},
				"west": {"uv": [4, 10, 12, 12], "texture": "#1"},
				"up": {"uv": [4, 11, 9, 16], "texture": "#1"},
				"down": {"uv": [4, 11, 9, 16], "texture": "#1"}
			}
		},
		{
			"from": [7.5, 7, 17],
			"to": [8.5, 7.5, 18],
			"rotation": {"angle": 0, "axis": "y", "origin": [15, 17, 16]},
			"faces": {
				"north": {"uv": [4, 10, 12, 12], "texture": "#1"},
				"east": {"uv": [4, 10, 12, 12], "texture": "#1"},
				"south": {"uv": [4, 10, 12, 12], "texture": "#1"},
				"west": {"uv": [4, 10, 12, 12], "texture": "#1"},
				"up": {"uv": [4, 11, 9, 16], "texture": "#1"},
				"down": {"uv": [4, 11, 9, 16], "texture": "#1"}
			}
		},
		{
			"from": [7.5, 7.5, 16],
			"to": [8.5, 8.5, 18],
			"rotation": {"angle": 0, "axis": "y", "origin": [15, 16, 16]},
			"faces": {
				"north": {"uv": [4, 4, 12, 12], "texture": "#1"},
				"east": {"uv": [4, 4, 12, 12], "texture": "#1"},
				"south": {"uv": [4, 4, 12, 12], "texture": "#1"},
				"west": {"uv": [4, 4, 12, 12], "texture": "#1"},
				"up": {"uv": [4, 4, 12, 12], "texture": "#1"},
				"down": {"uv": [4, 4, 12, 12], "texture": "#1"}
			}
		},
		{
			"from": [7.5, 8.5, 11],
			"to": [8.5, 9.5, 16],
			"rotation": {"angle": 0, "axis": "y", "origin": [15, 16, 16]},
			"faces": {
				"north": {"uv": [4, 4, 12, 12], "texture": "#1"},
				"east": {"uv": [0, 4, 16, 9], "texture": "#1"},
				"south": {"uv": [4, 4, 12, 12], "texture": "#1"},
				"west": {"uv": [0, 4, 16, 9], "texture": "#1"},
				"up": {"uv": [4, 0, 8, 16], "texture": "#1"},
				"down": {"uv": [4, 0, 8, 16], "texture": "#1"}
			}
		},
		{
			"from": [7.5, 9, 6],
			"to": [8.5, 10, 11],
			"rotation": {"angle": 0, "axis": "y", "origin": [15, 16, 16]},
			"faces": {
				"north": {"uv": [4, 4, 12, 12], "texture": "#1"},
				"east": {"uv": [0, 4, 16, 9], "texture": "#1"},
				"south": {"uv": [4, 4, 12, 12], "texture": "#1"},
				"west": {"uv": [0, 4, 16, 9], "texture": "#1"},
				"up": {"uv": [4, 0, 8, 16], "texture": "#1"},
				"down": {"uv": [4, 0, 8, 16], "texture": "#1"}
			}
		},
		{
			"from": [7.5, 8.75, 10.5],
			"to": [8.5, 9, 11],
			"rotation": {"angle": 0, "axis": "y", "origin": [15, 16, 16]},
			"faces": {
				"north": {"uv": [4, 10, 6, 12], "texture": "#1"},
				"east": {"uv": [0, 7, 3, 9], "texture": "#1"},
				"south": {"uv": [4, 10, 6, 12], "texture": "#1"},
				"west": {"uv": [0, 7, 3, 9], "texture": "#1"},
				"up": {"uv": [4, 12, 5, 16], "texture": "#1"},
				"down": {"uv": [4, 12, 5, 16], "texture": "#1"}
			}
		},
		{
			"from": [7.5, 9.125, 5.5],
			"to": [8.5, 9.25, 6],
			"rotation": {"angle": 0, "axis": "y", "origin": [15, 16, 16]},
			"faces": {
				"north": {"uv": [4, 10, 6, 12], "texture": "#1"},
				"east": {"uv": [0, 7, 3, 9], "texture": "#1"},
				"south": {"uv": [4, 10, 6, 12], "texture": "#1"},
				"west": {"uv": [0, 7, 3, 9], "texture": "#1"},
				"up": {"uv": [4, 12, 5, 16], "texture": "#1"},
				"down": {"uv": [4, 12, 5, 16], "texture": "#1"}
			}
		},
		{
			"from": [7.5, 9.25, 3],
			"to": [8.5, 10.25, 6],
			"rotation": {"angle": 0, "axis": "y", "origin": [15, 16, 16]},
			"faces": {
				"north": {"uv": [4, 4, 12, 12], "texture": "#1"},
				"east": {"uv": [0, 4, 16, 9], "texture": "#1"},
				"south": {"uv": [4, 4, 12, 12], "texture": "#1"},
				"west": {"uv": [0, 4, 16, 9], "texture": "#1"},
				"up": {"uv": [4, 0, 8, 16], "texture": "#1"},
				"down": {"uv": [4, 0, 8, 16], "texture": "#1"}
			}
		},
		{
			"from": [7.75, 9.75, 14.5],
			"to": [8.25, 10.5, 15.25],
			"rotation": {"angle": 0, "axis": "y", "origin": [16, 18, 15]},
			"faces": {
				"north": {"uv": [0, 0, 1, 1], "texture": "#0"},
				"east": {"uv": [0, 0, 4, 4], "texture": "#0"},
				"south": {"uv": [0, 0, 1, 1], "texture": "#0"},
				"west": {"uv": [12, 0, 16, 4], "texture": "#0"},
				"up": {"uv": [0, 0, 0, 1], "texture": "#0"},
				"down": {"uv": [0, 0, 0, 1], "texture": "#0"}
			}
		},
		{
			"from": [7.75, 9.75, 14],
			"to": [8.25, 10, 14.5],
			"rotation": {"angle": 0, "axis": "y", "origin": [16, 19, 15]},
			"faces": {
				"north": {"uv": [5, 0, 9, 1], "texture": "#0"},
				"east": {"uv": [5, 0, 9, 1], "texture": "#0"},
				"south": {"uv": [5, 0, 9, 1], "texture": "#0"},
				"west": {"uv": [5, 0, 9, 1], "texture": "#0"},
				"up": {"uv": [5, 0, 9, 1], "texture": "#0"},
				"down": {"uv": [5, 0, 9, 1], "texture": "#0"}
			}
		},
		{
			"from": [7.75, 7, 14.5],
			"to": [8.25, 8, 15],
			"rotation": {"angle": 0, "axis": "y", "origin": [16, 15, 16]},
			"faces": {
				"north": {"uv": [0, 0, 1, 3], "texture": "#0"},
				"east": {"uv": [0, 13, 3, 16], "texture": "#0"},
				"south": {"uv": [0, 0, 1, 3], "texture": "#0"},
				"west": {"uv": [13, 13, 16, 16], "texture": "#0"},
				"up": {"uv": [0, 0, 0, 1], "texture": "#0"},
				"down": {"uv": [0, 0, 0, 1], "texture": "#0"}
			}
		},
		{
			"from": [8, 7.5, 14.15],
			"to": [8.25, 8, 14.3],
			"rotation": {"angle": 0, "axis": "y", "origin": [16, 15, 16]},
			"faces": {
				"north": {"uv": [0, 0, 1, 3], "texture": "#0"},
				"east": {"uv": [0, 0, 1, 3], "texture": "#0"},
				"south": {"uv": [0, 0, 1, 3], "texture": "#0"},
				"west": {"uv": [0, 0, 1, 3], "texture": "#0"},
				"up": {"uv": [0, 0, 1, 3], "texture": "#0"},
				"down": {"uv": [0, 0, 1, 3], "texture": "#0"}
			}
		},
		{
			"from": [7.75, 7.25, 13.5],
			"to": [8.25, 8, 13.75],
			"rotation": {"angle": 0, "axis": "y", "origin": [16, 15, 15]},
			"faces": {
				"north": {"uv": [0, 0, 1, 2], "texture": "#0"},
				"east": {"uv": [0, 0, 1, 2], "texture": "#0"},
				"south": {"uv": [0, 0, 1, 2], "texture": "#0"},
				"west": {"uv": [0, 0, 1, 2], "texture": "#0"},
				"up": {"uv": [0, 0, 1, 1], "texture": "#0"},
				"down": {"uv": [0, 0, 1, 1], "texture": "#0"}
			}
		},
		{
			"from": [7.75, 7, 13.75],
			"to": [8.25, 7.25, 14.5],
			"rotation": {"angle": 0, "axis": "y", "origin": [16, 15, 16]},
			"faces": {
				"north": {"uv": [4, 2, 7, 3], "texture": "#0"},
				"east": {"uv": [4, 2, 7, 3], "texture": "#0"},
				"south": {"uv": [4, 2, 7, 3], "texture": "#0"},
				"west": {"uv": [4, 2, 7, 3], "texture": "#0"},
				"up": {"uv": [4, 2, 7, 3], "texture": "#0"},
				"down": {"uv": [4, 2, 7, 3], "texture": "#0"}
			}
		},
		{
			"from": [7.5, 8, 12],
			"to": [8.5, 8.5, 14],
			"rotation": {"angle": 0, "axis": "y", "origin": [15, 16, 13]},
			"faces": {
				"north": {"uv": [6, 7, 8, 9], "texture": "#0"},
				"east": {"uv": [0, 0, 3, 2], "texture": "#0"},
				"south": {"uv": [5, 5, 7, 7], "texture": "#0"},
				"west": {"uv": [13, 0, 16, 2], "texture": "#0"},
				"up": {"uv": [5, 0, 8, 1], "texture": "#0"},
				"down": {"uv": [4, 3, 6, 6], "texture": "#0"}
			}
		},
		{
			"from": [7.5, 8, 14],
			"to": [8.5, 8.5, 15],
			"rotation": {"angle": 0, "axis": "y", "origin": [15, 16, 15]},
			"faces": {
				"north": {"uv": [6, 7, 7, 9], "texture": "#0"},
				"east": {"uv": [0, 14, 2, 16], "texture": "#0"},
				"south": {"uv": [15, 14, 16, 16], "texture": "#0"},
				"west": {"uv": [14, 14, 16, 16], "texture": "#0"},
				"up": {"uv": [9, 8, 11, 9], "texture": "#0"},
				"down": {"uv": [10, 0, 12, 1], "texture": "#0"}
			}
		},
		{
			"from": [7.35, 9.75, 10.75],
			"to": [8.6, 10.25, 11.25],
			"rotation": {"angle": 0, "axis": "y", "origin": [15, 18, 15]},
			"faces": {
				"north": {"uv": [0, 1, 1, 2], "texture": "#0"},
				"east": {"uv": [0, 1, 1, 2], "texture": "#0"},
				"south": {"uv": [0, 1, 1, 2], "texture": "#0"},
				"west": {"uv": [0, 1, 1, 2], "texture": "#0"},
				"up": {"uv": [0, 1, 1, 2], "texture": "#0"},
				"down": {"uv": [0, 1, 1, 2], "texture": "#0"}
			}
		},
		{
			"from": [7.88, 10.25, 0.5],
			"to": [8.13, 10.75, 0.75],
			"rotation": {"angle": 0, "axis": "y", "origin": [15, 18, 11]},
			"faces": {
				"north": {"uv": [0, 0, 1, 1], "texture": "#0"},
				"east": {"uv": [14, 0, 16, 3], "texture": "#0"},
				"south": {"uv": [0, 0, 1, 1], "texture": "#0"},
				"west": {"uv": [0, 0, 3, 2], "texture": "#0"},
				"up": {"uv": [4, 0, 7, 1], "texture": "#0"},
				"down": {"uv": [4, 0, 7, 1], "texture": "#0"}
			}
		},
		{
			"from": [7.5, 9.5, 11],
			"to": [8.5, 9.75, 16],
			"rotation": {"angle": 0, "axis": "y", "origin": [15, 18, 13]},
			"faces": {
				"north": {"uv": [5, 0, 11, 1], "texture": "#0"},
				"east": {"uv": [8, 0, 14, 2], "texture": "#0"},
				"south": {"uv": [5, 0, 11, 1], "texture": "#0"},
				"west": {"uv": [8, 0, 14, 2], "texture": "#0"},
				"up": {"uv": [8, 0, 10, 1], "texture": "#0"},
				"down": {"uv": [4, 3, 6, 6], "texture": "#missing"}
			}
		},
		{
			"from": [7.75, 9.825, -0.5],
			"to": [7.875, 10.175, 3],
			"rotation": {"angle": 0, "axis": "y", "origin": [16, 17, 8]},
			"faces": {
				"north": {"uv": [3, 1, 4, 3], "texture": "#0"},
				"east": {"uv": [3, 1, 12, 3], "texture": "#0"},
				"south": {"uv": [3, 1, 4, 3], "texture": "#0"},
				"west": {"uv": [3, 1, 12, 3], "texture": "#0"},
				"up": {"uv": [3, 1, 12, 3], "texture": "#0"},
				"down": {"uv": [3, 1, 12, 3], "texture": "#0"}
			}
		},
		{
			"from": [7.825, 9.88, -1],
			"to": [7.885, 10.13, -0.5],
			"rotation": {"angle": 0, "axis": "y", "origin": [16, 17, 8]},
			"faces": {
				"north": {"uv": [3, 1, 4, 3], "texture": "#0"},
				"east": {"uv": [3, 1, 12, 3], "texture": "#0"},
				"south": {"uv": [3, 1, 4, 3], "texture": "#0"},
				"west": {"uv": [3, 1, 12, 3], "texture": "#0"},
				"up": {"uv": [3, 1, 12, 3], "texture": "#0"},
				"down": {"uv": [3, 1, 12, 3], "texture": "#0"}
			}
		},
		{
			"from": [8.125, 9.88, -1],
			"to": [8.185, 10.13, -0.5],
			"rotation": {"angle": 0, "axis": "y", "origin": [16, 17, 8]},
			"faces": {
				"north": {"uv": [3, 1, 4, 3], "texture": "#0"},
				"east": {"uv": [3, 1, 12, 3], "texture": "#0"},
				"south": {"uv": [3, 1, 4, 3], "texture": "#0"},
				"west": {"uv": [3, 1, 12, 3], "texture": "#0"},
				"up": {"uv": [3, 1, 12, 3], "texture": "#0"},
				"down": {"uv": [3, 1, 12, 3], "texture": "#0"}
			}
		},
		{
			"from": [7.88, 9.25, 0.5],
			"to": [8.13, 9.375, 3],
			"rotation": {"angle": 0, "axis": "y", "origin": [15, 18, 8]},
			"faces": {
				"north": {"uv": [3, 0, 5, 1], "texture": "#0"},
				"east": {"uv": [0, 0, 16, 1], "texture": "#0"},
				"south": {"uv": [3, 0, 5, 1], "texture": "#0"},
				"west": {"uv": [0, 0, 16, 1], "texture": "#0"},
				"up": {"uv": [0, 0, 1, 1], "texture": "#0"},
				"down": {"uv": [0, 0, 1, 1], "texture": "#0"}
			}
		},
		{
			"from": [7.88, 9.6, 0.5],
			"to": [8.13, 9.725, 3],
			"rotation": {"angle": 0, "axis": "y", "origin": [15, 18, 8]},
			"faces": {
				"north": {"uv": [3, 0, 5, 1], "texture": "#0"},
				"east": {"uv": [0, 0, 16, 1], "texture": "#0"},
				"south": {"uv": [3, 0, 5, 1], "texture": "#0"},
				"west": {"uv": [0, 0, 16, 1], "texture": "#0"},
				"up": {"uv": [0, 0, 1, 1], "texture": "#0"},
				"down": {"uv": [0, 0, 1, 1], "texture": "#0"}
			}
		},
		{
			"from": [8.125, 9.3, 0.5],
			"to": [8.25, 9.65, 3],
			"rotation": {"angle": 0, "axis": "y", "origin": [16, 17, 8]},
			"faces": {
				"north": {"uv": [3, 1, 4, 3], "texture": "#0"},
				"east": {"uv": [3, 1, 12, 3], "texture": "#0"},
				"south": {"uv": [3, 1, 4, 3], "texture": "#0"},
				"west": {"uv": [3, 1, 12, 3], "texture": "#0"},
				"up": {"uv": [3, 1, 12, 3], "texture": "#0"},
				"down": {"uv": [3, 1, 12, 3], "texture": "#0"}
			}
		},
		{
			"from": [7.75, 9.3, 0.5],
			"to": [7.875, 9.65, 3],
			"rotation": {"angle": 0, "axis": "y", "origin": [16, 17, 8]},
			"faces": {
				"north": {"uv": [3, 1, 4, 3], "texture": "#0"},
				"east": {"uv": [3, 1, 12, 3], "texture": "#0"},
				"south": {"uv": [3, 1, 4, 3], "texture": "#0"},
				"west": {"uv": [3, 1, 12, 3], "texture": "#0"},
				"up": {"uv": [3, 1, 12, 3], "texture": "#0"},
				"down": {"uv": [3, 1, 12, 3], "texture": "#0"}
			}
		},
		{
			"from": [8.125, 9.825, -0.5],
			"to": [8.25, 10.175, 3],
			"rotation": {"angle": 0, "axis": "y", "origin": [16, 17, 8]},
			"faces": {
				"north": {"uv": [3, 1, 4, 3], "texture": "#0"},
				"east": {"uv": [3, 1, 12, 3], "texture": "#0"},
				"south": {"uv": [3, 1, 4, 3], "texture": "#0"},
				"west": {"uv": [3, 1, 12, 3], "texture": "#0"},
				"up": {"uv": [3, 1, 12, 3], "texture": "#0"},
				"down": {"uv": [3, 1, 12, 3], "texture": "#0"}
			}
		},
		{
			"from": [7.88, 10.125, -0.5],
			"to": [8.13, 10.25, 3],
			"rotation": {"angle": 0, "axis": "y", "origin": [15, 18, 8]},
			"faces": {
				"north": {"uv": [3, 0, 5, 1], "texture": "#0"},
				"east": {"uv": [3, 0, 5, 1], "texture": "#0"},
				"south": {"uv": [3, 0, 5, 1], "texture": "#0"},
				"west": {"uv": [3, 0, 5, 1], "texture": "#0"},
				"up": {"uv": [3, 0, 5, 1], "texture": "#0"},
				"down": {"uv": [3, 0, 5, 1], "texture": "#0"}
			}
		},
		{
			"from": [7.88, 9.75, -0.5],
			"to": [8.13, 9.875, 3],
			"rotation": {"angle": 0, "axis": "y", "origin": [15, 18, 8]},
			"faces": {
				"north": {"uv": [3, 0, 5, 1], "texture": "#0"},
				"east": {"uv": [0, 0, 16, 1], "texture": "#0"},
				"south": {"uv": [3, 0, 5, 1], "texture": "#0"},
				"west": {"uv": [0, 0, 16, 1], "texture": "#0"},
				"up": {"uv": [0, 0, 1, 1], "texture": "#0"},
				"down": {"uv": [0, 0, 1, 1], "texture": "#0"}
			}
		},
		{
			"from": [7.88, 9.82, -1],
			"to": [8.13, 9.88, -0.5],
			"rotation": {"angle": 0, "axis": "y", "origin": [15, 18, 8]},
			"faces": {
				"north": {"uv": [3, 0, 5, 1], "texture": "#0"},
				"east": {"uv": [0, 0, 7, 1], "texture": "#0"},
				"south": {"uv": [3, 0, 5, 1], "texture": "#0"},
				"west": {"uv": [0, 0, 7, 1], "texture": "#0"},
				"up": {"uv": [0, 0, 1, 1], "texture": "#0"},
				"down": {"uv": [0, 0, 1, 1], "texture": "#0"}
			}
		},
		{
			"from": [7.88, 10.13, -1],
			"to": [8.13, 10.19, -0.5],
			"rotation": {"angle": 0, "axis": "y", "origin": [15, 18, 8]},
			"faces": {
				"north": {"uv": [3, 0, 5, 1], "texture": "#0"},
				"east": {"uv": [0, 0, 7, 1], "texture": "#0"},
				"south": {"uv": [3, 0, 5, 1], "texture": "#0"},
				"west": {"uv": [0, 0, 7, 1], "texture": "#0"},
				"up": {"uv": [0, 0, 1, 1], "texture": "#0"},
				"down": {"uv": [0, 0, 1, 1], "texture": "#0"}
			}
		}
	],
	"display": {
		"thirdperson_righthand": {
			"translation": [0, -1, -7.75],
			"scale": [1.5, 1.5, 1.125]
		},
		"thirdperson_lefthand": {
			"translation": [0, -1, -7.75],
			"scale": [1.5, 1.5, 1.125]
		},
		"firstperson_righthand": {
			"rotation": [0, -8.5, 0],
			"translation": [1, 2.25, 0],
			"scale": [1.5, 1.5, 1.5]
		},
		"firstperson_lefthand": {
			"rotation": [0, -8.5, 0],
			"translation": [1, 2.25, 0],
			"scale": [1.5, 1.5, 1.5]
		},
		"ground": {
			"rotation": [-180, 0, 90],
			"translation": [0, -3, -0.75]
		},
		"gui": {
			"rotation": [-32, -131, -72],
			"translation": [2.25, 1, 0],
			"scale": [0.75, 0.75, 0.75]
		},
		"head": {
			"rotation": [12, 0, 0],
			"translation": [0, 8.5, -23.25],
			"scale": [2, 2, 2]
		},
		"fixed": {
			"rotation": [0, 90, 0],
			"translation": [-2.25, 0, 0],
			"scale": [0.75, 0.75, 0.74]
		}
	}
}