{
	"credit": "Made with Blockbench",
	"texture_size": [32, 32],
	"textures": {
		"1": "block/limestone_pillar",
		"2": "block/hopper_inside",
		"4": "block/reinforced_deepslate_side",
		"5": "block/reinforced_deepslate_top",
		"6": "block/reinforced_deepslate_bottom",
		"7": "item/leather"
	},
	"elements": [
		{
			"name": "pole",
			"from": [7.49, 15.99, 7.49],
			"to": [8.51, 22.01, 8.51],
			"shade": false,
			"faces": {
				"north": {"uv": [6, 0, 8, 16], "texture": "#1"},
				"east": {"uv": [0, 0, 2, 16], "texture": "#1"},
				"south": {"uv": [8, 0, 10, 16], "texture": "#1"},
				"west": {"uv": [2, 0, 4, 16], "texture": "#1"},
				"up": {"uv": [0, 0, 0.5, 0.5], "texture": "#missing"},
				"down": {"uv": [0, 0, 0.5, 0.5], "texture": "#missing"}
			}
		},
		{
			"name": "pole",
			"from": [7.24, 14.99, 7.24],
			"to": [8.76, 16.01, 8.76],
			"shade": false,
			"faces": {
				"north": {"uv": [6, 1, 10.5, 4.5], "texture": "#2"},
				"east": {"uv": [6, 1, 10.5, 4.5], "texture": "#2"},
				"south": {"uv": [6, 1, 10.5, 4.5], "texture": "#2"},
				"west": {"uv": [6, 1, 10.5, 4.5], "texture": "#2"},
				"up": {"uv": [6, 5, 10.5, 9.5], "texture": "#2"},
				"down": {"uv": [1, 2, 5.5, 6.5], "texture": "#2"}
			}
		},
		{
			"name": "pole",
			"from": [13.39, 12.99, 7.24],
			"to": [14.91, 13.51, 8.76],
			"shade": false,
			"rotation": {"angle": 22.5, "axis": "z", "origin": [0, 0, 0]},
			"faces": {
				"north": {"uv": [6, 7, 10.5, 8.5], "texture": "#7"},
				"east": {"uv": [6, 7, 10.5, 8.5], "texture": "#7"},
				"south": {"uv": [6, 7, 10.5, 8.5], "texture": "#7"},
				"west": {"uv": [6, 7, 10.5, 8.5], "texture": "#7"},
				"up": {"uv": [5, 9, 9.5, 12.5], "texture": "#7"},
				"down": {"uv": [5, 9, 9.5, 12.5], "texture": "#7"}
			}
		},
		{
			"name": "pole",
			"from": [7.24, 16.49, 7.24],
			"to": [8.76, 17.01, 8.76],
			"shade": false,
			"faces": {
				"north": {"uv": [6, 7, 10.5, 8.5], "texture": "#7"},
				"east": {"uv": [6, 7, 10.5, 8.5], "texture": "#7"},
				"south": {"uv": [6, 7, 10.5, 8.5], "texture": "#7"},
				"west": {"uv": [6, 7, 10.5, 8.5], "texture": "#7"},
				"up": {"uv": [5, 9, 9.5, 12.5], "texture": "#7"},
				"down": {"uv": [5, 9, 9.5, 12.5], "texture": "#7"}
			}
		},
		{
			"name": "pole",
			"from": [-0.01, 18.99, 7.29],
			"to": [1.51, 19.51, 8.71],
			"shade": false,
			"rotation": {"angle": -22.5, "axis": "z", "origin": [0, 0, 0]},
			"faces": {
				"north": {"uv": [6, 7, 10.5, 8.5], "texture": "#7"},
				"east": {"uv": [6, 7, 10.5, 8.5], "texture": "#7"},
				"south": {"uv": [6, 7, 10.5, 8.5], "texture": "#7"},
				"west": {"uv": [6, 7, 10.5, 8.5], "texture": "#7"},
				"up": {"uv": [5, 9, 9.5, 12.5], "texture": "#7"},
				"down": {"uv": [5, 9, 9.5, 12.5], "texture": "#7"}
			}
		},
		{
			"name": "pole",
			"from": [7.25, 14, 8.25],
			"to": [7.75, 15, 8.75],
			"shade": false,
			"faces": {
				"north": {"uv": [9, 7, 10.5, 11.5], "rotation": 90, "texture": "#7"},
				"east": {"uv": [9, 7, 10.5, 11.5], "rotation": 90, "texture": "#7"},
				"south": {"uv": [9, 7, 10.5, 11.5], "rotation": 90, "texture": "#7"},
				"west": {"uv": [9, 7, 10.5, 11.5], "rotation": 90, "texture": "#7"},
				"up": {"uv": [9, 7, 10.5, 11.5], "rotation": 90, "texture": "#7"},
				"down": {"uv": [9, 7, 10.5, 11.5], "rotation": 90, "texture": "#7"}
			}
		},
		{
			"name": "pole",
			"from": [7.35, 13.25, 8],
			"to": [7.85, 14, 8.5],
			"shade": false,
			"faces": {
				"north": {"uv": [9, 7, 10.5, 11.5], "rotation": 90, "texture": "#7"},
				"east": {"uv": [9, 7, 10.5, 11.5], "rotation": 90, "texture": "#7"},
				"south": {"uv": [9, 7, 10.5, 11.5], "rotation": 90, "texture": "#7"},
				"west": {"uv": [9, 7, 10.5, 11.5], "rotation": 90, "texture": "#7"},
				"up": {"uv": [9, 7, 10.5, 11.5], "rotation": 90, "texture": "#7"},
				"down": {"uv": [9, 7, 10.5, 11.5], "rotation": 90, "texture": "#7"}
			}
		},
		{
			"name": "pole",
			"from": [6.5, 22, 6.5],
			"to": [9.5, 25, 9.5],
			"shade": false,
			"faces": {
				"north": {"uv": [0, 0, 16, 16], "texture": "#4"},
				"east": {"uv": [0, 0, 16, 16], "texture": "#4"},
				"south": {"uv": [0, 0, 16, 16], "texture": "#4"},
				"west": {"uv": [0, 0, 16, 16], "texture": "#4"},
				"up": {"uv": [0, 0, 16, 16], "texture": "#5"},
				"down": {"uv": [0, 0, 16, 16], "texture": "#6"}
			}
		},
		{
			"name": "pole",
			"from": [7.378, 21, 7.378],
			"to": [8.628, 22, 8.628],
			"shade": false,
			"faces": {
				"north": {"uv": [0, 0, 16, 16], "texture": "#2"},
				"east": {"uv": [0, 0, 16, 16], "texture": "#2"},
				"south": {"uv": [0, 0, 16, 16], "texture": "#2"},
				"west": {"uv": [0, 0, 16, 16], "texture": "#2"},
				"up": {"uv": [0, 0, 16, 16], "texture": "#5"},
				"down": {"uv": [0, 0, 16, 16], "texture": "#6"}
			}
		},
		{
			"name": "pole",
			"from": [10.5, 22.5, 7],
			"to": [10.75, 24.5, 9],
			"shade": false,
			"faces": {
				"north": {"uv": [6, 3, 7.5, 16], "texture": "#4"},
				"east": {"uv": [11, 3, 5, 12], "texture": "#4"},
				"south": {"uv": [6, 3, 7.5, 16], "texture": "#4"},
				"west": {"uv": [11, 3, 5, 13], "texture": "#4"},
				"up": {"uv": [6, 3, 7.5, 16], "texture": "#4"},
				"down": {"uv": [6, 3, 7.5, 16], "texture": "#4"}
			}
		},
		{
			"name": "pole",
			"from": [9.5, 22.5, 7],
			"to": [9.75, 24.5, 9],
			"shade": false,
			"faces": {
				"north": {"uv": [14.5, 2, 16, 13], "texture": "#4"},
				"east": {"uv": [14.5, 2, 16, 13], "texture": "#4"},
				"south": {"uv": [14.5, 2, 16, 13], "texture": "#4"},
				"west": {"uv": [14.5, 2, 16, 13], "texture": "#4"},
				"up": {"uv": [14.5, 2, 16, 13], "texture": "#4"},
				"down": {"uv": [14.5, 2, 16, 13], "texture": "#4"}
			}
		},
		{
			"name": "pole",
			"from": [9.75, 22, 7],
			"to": [10.5, 25, 9],
			"shade": false,
			"faces": {
				"north": {"uv": [6, 1, 9.5, 15], "texture": "#4"},
				"east": {"uv": [5, 1, 11, 15], "texture": "#4"},
				"south": {"uv": [6, 1, 9.5, 15], "texture": "#4"},
				"west": {"uv": [5, 1, 11, 15], "texture": "#4"},
				"up": {"uv": [6, 1, 9.5, 8], "texture": "#4"},
				"down": {"uv": [6, 1, 9.5, 8], "texture": "#4"}
			}
		},
		{
			"name": "pole",
			"from": [5.5, 22, 7],
			"to": [6.25, 25, 9],
			"shade": false,
			"faces": {
				"north": {"uv": [9.5, 1, 6, 15], "texture": "#4"},
				"east": {"uv": [11, 1, 5, 15], "texture": "#4"},
				"south": {"uv": [9.5, 1, 6, 15], "texture": "#4"},
				"west": {"uv": [11, 1, 5, 15], "texture": "#4"},
				"up": {"uv": [9.5, 1, 6, 8], "texture": "#4"},
				"down": {"uv": [9.5, 1, 6, 8], "texture": "#4"}
			}
		},
		{
			"name": "pole",
			"from": [5.25, 22.5, 7],
			"to": [5.5, 24.5, 9],
			"shade": false,
			"faces": {
				"north": {"uv": [8, 3, 9.5, 16], "texture": "#4"},
				"east": {"uv": [5, 3, 11, 12], "texture": "#4"},
				"south": {"uv": [8, 3, 9.5, 16], "texture": "#4"},
				"west": {"uv": [5, 3, 11, 12], "texture": "#4"},
				"up": {"uv": [8, 3, 9.5, 16], "texture": "#4"},
				"down": {"uv": [8, 3, 9.5, 16], "texture": "#4"}
			}
		},
		{
			"name": "pole",
			"from": [6.25, 22.5, 7],
			"to": [6.5, 24.5, 9],
			"shade": false,
			"faces": {
				"north": {"uv": [0, 2, 1.5, 13], "texture": "#4"},
				"east": {"uv": [0, 2, 1.5, 13], "texture": "#4"},
				"south": {"uv": [0, 2, 1.5, 13], "texture": "#4"},
				"west": {"uv": [0, 2, 1.5, 13], "texture": "#4"},
				"up": {"uv": [0, 2, 1.5, 13], "texture": "#4"},
				"down": {"uv": [0, 2, 1.5, 13], "texture": "#4"}
			}
		}
	],
	"display": {
		"thirdperson_righthand": {
			"rotation": [0, 90, 0],
			"translation": [0, -14.5, 1.25],
			"scale": [1.25, 1.25, 1.25]
		},
		"thirdperson_lefthand": {
			"rotation": [0, 45, 0],
			"translation": [0, -10, 1]
		},
		"firstperson_righthand": {
			"rotation": [0, -90, 0],
			"translation": [0, -12, 1.75],
			"scale": [1.25, 1.25, 1.25]
		},
		"firstperson_lefthand": {
			"rotation": [0, -90, 0],
			"translation": [0, -12, 1.75],
			"scale": [1.25, 1.25, 1.25]
		},
		"ground": {
			"translation": [0, -10, 0],
			"scale": [1.25, 1.25, 1.25]
		},
		"gui": {
			"rotation": [0, 25, -42],
			"translation": [-9, -11, 0],
			"scale": [1.25, 1.25, 1.25]
		},
		"fixed": {
			"translation": [0, -19.75, 0],
			"scale": [1.75, 1.75, 1.75]
		}
	}
}