{
	"credit": "Made with Blockbench",
	"textures": {
		"0": "trkits/netherite_block",
		"1": "trkits/stripped_dark_oak_log",
		"particle": "trkits/netherite_block"
	},
	"elements": [
		{
			"from": [7.5, 5, 10],
			"to": [8.5, 7, 11.5],
			"rotation": {"angle": 0, "axis": "y", "origin": [15, 13, 18]},
			"faces": {
				"north": {"uv": [4, 4, 12, 12], "texture": "#1"},
				"east": {"uv": [4, 4, 12, 12], "texture": "#1"},
				"south": {"uv": [4, 4, 12, 12], "texture": "#1"},
				"west": {"uv": [4, 4, 12, 12], "texture": "#1"},
				"up": {"uv": [4, 4, 12, 12], "texture": "#1"},
				"down": {"uv": [4, 4, 12, 12], "texture": "#1"}
			}
		},
		{
			"from": [7.5, 7, 9],
			"to": [8.5, 8, 10],
			"rotation": {"angle": 0, "axis": "y", "origin": [15, 15, 17]},
			"faces": {
				"north": {"uv": [4, 4, 12, 12], "texture": "#1"},
				"east": {"uv": [4, 4, 12, 12], "texture": "#1"},
				"south": {"uv": [4, 4, 12, 12], "texture": "#1"},
				"west": {"uv": [4, 4, 12, 12], "texture": "#1"},
				"up": {"uv": [4, 4, 12, 12], "texture": "#1"},
				"down": {"uv": [4, 4, 12, 12], "texture": "#1"}
			}
		},
		{
			"from": [7.5, 7, 10],
			"to": [8.5, 7.75, 11],
			"rotation": {"angle": 0, "axis": "y", "origin": [15, 15, 18]},
			"faces": {
				"north": {"uv": [4, 4, 13, 12], "texture": "#1"},
				"east": {"uv": [4, 4, 13, 12], "texture": "#1"},
				"south": {"uv": [4, 4, 13, 12], "texture": "#1"},
				"west": {"uv": [4, 4, 13, 12], "texture": "#1"},
				"up": {"uv": [4, 4, 13, 12], "texture": "#1"},
				"down": {"uv": [4, 4, 13, 12], "texture": "#1"}
			}
		},
		{
			"from": [7.5, 7.75, 10],
			"to": [8.5, 8.25, 10.5],
			"rotation": {"angle": 0, "axis": "y", "origin": [15, 16, 18]},
			"faces": {
				"north": {"uv": [5, 8, 13, 12], "texture": "#1"},
				"east": {"uv": [4, 8, 8, 12], "texture": "#1"},
				"south": {"uv": [5, 8, 13, 12], "texture": "#1"},
				"west": {"uv": [4, 8, 8, 12], "texture": "#1"},
				"up": {"uv": [5, 8, 13, 12], "texture": "#1"},
				"down": {"uv": [5, 8, 13, 12], "texture": "#1"}
			}
		},
		{
			"from": [7.5, 9, 8],
			"to": [8.5, 9.5, 9],
			"rotation": {"angle": 0, "axis": "y", "origin": [15, 17, 16]},
			"faces": {
				"north": {"uv": [4, 10, 12, 12], "texture": "#1"},
				"east": {"uv": [4, 10, 12, 12], "texture": "#1"},
				"south": {"uv": [4, 10, 12, 12], "texture": "#1"},
				"west": {"uv": [4, 10, 12, 12], "texture": "#1"},
				"up": {"uv": [4, 11, 9, 16], "texture": "#1"},
				"down": {"uv": [4, 11, 9, 16], "texture": "#1"}
			}
		},
		{
			"from": [7.5, 8, 8],
			"to": [8.5, 9, 10],
			"rotation": {"angle": 0, "axis": "y", "origin": [15, 16, 16]},
			"faces": {
				"north": {"uv": [4, 4, 12, 12], "texture": "#1"},
				"east": {"uv": [4, 4, 12, 12], "texture": "#1"},
				"south": {"uv": [4, 4, 12, 12], "texture": "#1"},
				"west": {"uv": [4, 4, 12, 12], "texture": "#1"},
				"up": {"uv": [4, 4, 12, 12], "texture": "#1"},
				"down": {"uv": [4, 4, 12, 12], "texture": "#1"}
			}
		},
		{
			"from": [7.75, 10, 7],
			"to": [8.25, 10.75, 7.75],
			"rotation": {"angle": 0, "axis": "y", "origin": [16, 18, 15]},
			"faces": {
				"north": {"uv": [5, 4, 11, 9], "texture": "#0"},
				"east": {"uv": [0, 0, 4, 4], "texture": "#0"},
				"south": {"uv": [5, 5, 5, 6], "texture": "#0"},
				"west": {"uv": [12, 0, 16, 4], "texture": "#0"},
				"up": {"uv": [0, 0, 0, 1], "texture": "#0"},
				"down": {"uv": [0, 0, 0, 1], "texture": "#0"}
			}
		},
		{
			"from": [7.75, 10.3, 7.75],
			"to": [8.25, 10.55, 8.25],
			"rotation": {"angle": 0, "axis": "y", "origin": [16, 19, 15]},
			"faces": {
				"north": {"uv": [5, 0, 9, 1], "texture": "#0"},
				"east": {"uv": [5, 0, 9, 1], "texture": "#0"},
				"south": {"uv": [5, 0, 9, 1], "texture": "#0"},
				"west": {"uv": [5, 0, 9, 1], "texture": "#0"},
				"up": {"uv": [5, 0, 9, 1], "texture": "#0"},
				"down": {"uv": [5, 0, 9, 1], "texture": "#0"}
			}
		},
		{
			"from": [7.75, 10.32, 8.25],
			"to": [8.25, 10.57, 8.5],
			"rotation": {"angle": 0, "axis": "y", "origin": [16, 19, 15]},
			"faces": {
				"north": {"uv": [5, 0, 9, 1], "texture": "#0"},
				"east": {"uv": [5, 0, 9, 1], "texture": "#0"},
				"south": {"uv": [5, 0, 9, 1], "texture": "#0"},
				"west": {"uv": [5, 0, 9, 1], "texture": "#0"},
				"up": {"uv": [5, 0, 9, 1], "texture": "#0"},
				"down": {"uv": [5, 0, 9, 1], "texture": "#0"}
			}
		},
		{
			"from": [7.5, 7, 7.5],
			"to": [8, 8, 8],
			"rotation": {"angle": 0, "axis": "y", "origin": [16, 15, 16]},
			"faces": {
				"north": {"uv": [0, 0, 1, 3], "texture": "#0"},
				"east": {"uv": [0, 13, 3, 16], "texture": "#0"},
				"south": {"uv": [0, 0, 1, 3], "texture": "#0"},
				"west": {"uv": [13, 13, 16, 16], "texture": "#0"},
				"up": {"uv": [0, 0, 0, 1], "texture": "#0"},
				"down": {"uv": [0, 0, 0, 1], "texture": "#0"}
			}
		},
		{
			"from": [7.75, 7.5, 7.15],
			"to": [8, 8, 7.3],
			"rotation": {"angle": 0, "axis": "y", "origin": [16, 15, 16]},
			"faces": {
				"north": {"uv": [0, 0, 1, 3], "texture": "#0"},
				"east": {"uv": [0, 0, 1, 3], "texture": "#0"},
				"south": {"uv": [0, 0, 1, 3], "texture": "#0"},
				"west": {"uv": [0, 0, 1, 3], "texture": "#0"},
				"up": {"uv": [0, 0, 1, 3], "texture": "#0"},
				"down": {"uv": [0, 0, 1, 3], "texture": "#0"}
			}
		},
		{
			"from": [7.5, 7.25, 6.5],
			"to": [8, 8, 6.75],
			"rotation": {"angle": 0, "axis": "y", "origin": [16, 15, 15]},
			"faces": {
				"north": {"uv": [0, 0, 1, 2], "texture": "#0"},
				"east": {"uv": [0, 0, 1, 2], "texture": "#0"},
				"south": {"uv": [0, 0, 1, 2], "texture": "#0"},
				"west": {"uv": [0, 0, 1, 2], "texture": "#0"},
				"up": {"uv": [0, 0, 1, 1], "texture": "#0"},
				"down": {"uv": [0, 0, 1, 1], "texture": "#0"}
			}
		},
		{
			"from": [7.5, 7, 6.75],
			"to": [8, 7.25, 7.5],
			"rotation": {"angle": 0, "axis": "y", "origin": [16, 15, 16]},
			"faces": {
				"north": {"uv": [4, 2, 7, 3], "texture": "#0"},
				"east": {"uv": [4, 2, 7, 3], "texture": "#0"},
				"south": {"uv": [4, 2, 7, 3], "texture": "#0"},
				"west": {"uv": [4, 2, 7, 3], "texture": "#0"},
				"up": {"uv": [4, 2, 7, 3], "texture": "#0"},
				"down": {"uv": [4, 2, 7, 3], "texture": "#0"}
			}
		},
		{
			"from": [7.5, 8, 5],
			"to": [8.5, 9, 7],
			"rotation": {"angle": 0, "axis": "y", "origin": [15, 16, 13]},
			"faces": {
				"north": {"uv": [6, 7, 8, 9], "texture": "#0"},
				"east": {"uv": [0, 0, 3, 2], "texture": "#0"},
				"south": {"uv": [5, 5, 7, 7], "texture": "#0"},
				"west": {"uv": [13, 0, 16, 2], "texture": "#0"},
				"up": {"uv": [5, 0, 8, 1], "texture": "#0"},
				"down": {"uv": [4, 3, 6, 6], "texture": "#0"}
			}
		},
		{
			"from": [7.5, 8, 7],
			"to": [8.5, 10, 8],
			"rotation": {"angle": 0, "axis": "y", "origin": [15, 16, 15]},
			"faces": {
				"north": {"uv": [6, 7, 7, 9], "texture": "#0"},
				"east": {"uv": [0, 14, 2, 16], "texture": "#0"},
				"south": {"uv": [15, 14, 16, 16], "texture": "#0"},
				"west": {"uv": [14, 14, 16, 16], "texture": "#0"},
				"up": {"uv": [9, 8, 11, 9], "texture": "#0"},
				"down": {"uv": [10, 0, 12, 1], "texture": "#0"}
			}
		},
		{
			"from": [7.5, 8.25, 4],
			"to": [8.5, 9.5, 5],
			"rotation": {"angle": 0, "axis": "y", "origin": [15, 16, 12]},
			"faces": {
				"north": {"uv": [6, 1, 8, 3], "texture": "#0"},
				"east": {"uv": [13, 2, 15, 4], "texture": "#0"},
				"south": {"uv": [5, 5, 7, 7], "texture": "#missing"},
				"west": {"uv": [1, 2, 3, 4], "texture": "#0"},
				"up": {"uv": [0, 0, 1, 1], "texture": "#0"},
				"down": {"uv": [7, 12, 9, 14], "texture": "#0"}
			}
		},
		{
			"from": [7.5, 10, 7],
			"to": [8.5, 10.5, 7.5],
			"rotation": {"angle": 0, "axis": "y", "origin": [15, 18, 15]},
			"faces": {
				"north": {"uv": [5, 3, 9, 5], "texture": "#0"},
				"east": {"uv": [5, 3, 7, 5], "texture": "#0"},
				"south": {"uv": [5, 3, 9, 5], "texture": "#0"},
				"west": {"uv": [5, 3, 7, 5], "texture": "#0"},
				"up": {"uv": [5, 3, 9, 5], "texture": "#0"},
				"down": {"uv": [5, 3, 9, 5], "texture": "#0"}
			}
		},
		{
			"from": [7.5, 9.5, 3.5],
			"to": [8.5, 10.75, 5],
			"rotation": {"angle": 0, "axis": "y", "origin": [15, 18, 11]},
			"faces": {
				"north": {"uv": [0, 0, 1, 1], "texture": "#0"},
				"east": {"uv": [13, 0, 16, 2], "texture": "#0"},
				"south": {"uv": [0, 0, 1, 1], "texture": "#0"},
				"west": {"uv": [0, 0, 3, 2], "texture": "#0"},
				"up": {"uv": [4, 0, 7, 1], "texture": "#0"},
				"down": {"uv": [4, 0, 7, 1], "texture": "#0"}
			}
		},
		{
			"from": [7.5, 10.5, 5],
			"to": [8.5, 11, 7.25],
			"rotation": {"angle": 0, "axis": "y", "origin": [15, 18, 13]},
			"faces": {
				"north": {"uv": [5, 0, 11, 1], "texture": "#0"},
				"east": {"uv": [8, 0, 14, 2], "texture": "#0"},
				"south": {"uv": [5, 0, 11, 1], "texture": "#0"},
				"west": {"uv": [8, 0, 14, 2], "texture": "#0"},
				"up": {"uv": [8, 0, 10, 1], "texture": "#0"},
				"down": {"uv": [4, 3, 6, 6], "texture": "#missing"}
			}
		},
		{
			"from": [7.25, 9, 5],
			"to": [8.75, 10.5, 7],
			"rotation": {"angle": 0, "axis": "z", "origin": [15, 17, 13]},
			"faces": {
				"north": {"uv": [6, 10, 8, 12], "texture": "#0"},
				"east": {"uv": [3, 10, 6, 12], "texture": "#0"},
				"south": {"uv": [6, 10, 8, 12], "texture": "#0"},
				"west": {"uv": [3, 10, 6, 12], "texture": "#0"},
				"up": {"uv": [6, 9, 8, 12], "texture": "#0"},
				"down": {"uv": [6, 9, 8, 12], "texture": "#0"}
			}
		},
		{
			"from": [7.5, 9.5, -0.5],
			"to": [7.75, 10.5, 3.5],
			"rotation": {"angle": 0, "axis": "y", "origin": [15, 17, 8]},
			"faces": {
				"north": {"uv": [3, 0, 5, 1], "texture": "#0"},
				"east": {"uv": [5, 0, 8, 1], "texture": "#0"},
				"south": {"uv": [4, 0, 6, 1], "texture": "#0"},
				"west": {"uv": [5, 0, 8, 1], "texture": "#0"},
				"up": {"uv": [6, 0, 8, 1], "texture": "#0"},
				"down": {"uv": [6, 5, 8, 8], "texture": "#0"}
			}
		},
		{
			"from": [8.25, 9.5, -0.5],
			"to": [8.5, 10.5, 3.5],
			"rotation": {"angle": 0, "axis": "y", "origin": [16, 17, 8]},
			"faces": {
				"north": {"uv": [3, 0, 5, 1], "texture": "#0"},
				"east": {"uv": [3, 0, 5, 1], "texture": "#0"},
				"south": {"uv": [3, 0, 5, 1], "texture": "#0"},
				"west": {"uv": [3, 0, 5, 1], "texture": "#0"},
				"up": {"uv": [3, 0, 5, 1], "texture": "#0"},
				"down": {"uv": [3, 0, 5, 1], "texture": "#0"}
			}
		},
		{
			"from": [7.75, 10.25, -0.5],
			"to": [8.25, 10.5, 3.5],
			"rotation": {"angle": 0, "axis": "y", "origin": [15, 18, 8]},
			"faces": {
				"north": {"uv": [3, 0, 5, 1], "texture": "#0"},
				"east": {"uv": [3, 0, 5, 1], "texture": "#0"},
				"south": {"uv": [3, 0, 5, 1], "texture": "#0"},
				"west": {"uv": [3, 0, 5, 1], "texture": "#0"},
				"up": {"uv": [3, 0, 5, 1], "texture": "#0"},
				"down": {"uv": [3, 0, 5, 1], "texture": "#0"}
			}
		},
		{
			"from": [7.75, 9.5, -0.5],
			"to": [8.25, 9.75, 3.5],
			"rotation": {"angle": 0, "axis": "y", "origin": [15, 17, 8]},
			"faces": {
				"north": {"uv": [3, 0, 5, 1], "texture": "#0"},
				"east": {"uv": [3, 0, 5, 1], "texture": "#0"},
				"south": {"uv": [3, 0, 5, 1], "texture": "#0"},
				"west": {"uv": [3, 0, 5, 1], "texture": "#0"},
				"up": {"uv": [3, 0, 5, 1], "texture": "#0"},
				"down": {"uv": [3, 0, 5, 1], "texture": "#0"}
			}
		}
	],
	"display": {
		"firstperson_righthand": {
			"rotation": [0, -10, 0],
			"translation": [0.75, 3, 3]
		},
		"firstperson_lefthand": {
			"rotation": [0, -10, 0],
			"translation": [0.65, 3, 3]
		},
		"ground": {
			"rotation": [-180, 0, 90],
			"translation": [0, -3, -0.75]
		},
		"gui": {
			"rotation": [-12, -127, -39],
			"translation": [-1.75, -0.5, 0]
		},
		"head": {
			"translation": [0, 2.25, -4.5]
		},
		"fixed": {
			"rotation": [0, 90, 0],
			"translation": [3.5, -0.75, -0.25],
			"scale": [1.5, 1.5, 1.5]
		}
	}
}