{
	"credit": "Made with Blockbench",
	"texture_size": [128, 64],
	"textures": {
		"0": "trkits/turtle/shell",
		"particle": "trkits/turtle/shell"
	},
	"elements": [
		{
			"from": [5, 8, 5],
			"to": [11, 12, 11],
			"rotation": {"angle": 0, "axis": "y", "origin": [13, 8, 13]},
			"faces": {
				"north": {"uv": [1.625, 9.25, 4, 10.5], "texture": "#0"},
				"east": {"uv": [6.375, 9.25, 4, 10.5], "texture": "#0"},
				"south": {"uv": [1.625, 9.25, 4, 10.5], "texture": "#0"},
				"west": {"uv": [4, 9.25, 6.375, 10.5], "texture": "#0"},
				"up": {"uv": [4.75, 10.75, 7.125, 15.5], "texture": "#0"},
				"down": {"uv": [3.875, 5.5, 6, 1], "texture": "#0"}
			}
		}
	],
	"display": {
		"gui": {
			"rotation": [20, -165, 0],
			"translation": [0, -2, 0]
		},
		"head": {
			"translation": [0, 6.25, 0]
		},
		"fixed": {
			"translation": [0, -2, 0]
		}
	}
}