{
	"credit": "Made with Blockbench",
	"texture_size": [32, 32],
	"textures": {
		"1": "item/wing",
		"particle": "item/wing"
	},
	"elements": [
		{
			"from": [1.54016, 12.78821, 7.5],
			"to": [7.54016, 17.78821, 8.5],
			"rotation": {"angle": -22.5, "axis": "z", "origin": [4.04016, 16.28821, 8]},
			"faces": {
				"north": {"uv": [0.5, 2.5, 3.5, 5], "texture": "#1"},
				"east": {"uv": [0, 2.5, 0.5, 5], "texture": "#1"},
				"south": {"uv": [4, 2.5, 7, 5], "texture": "#1"},
				"west": {"uv": [3.5, 2.5, 4, 5], "texture": "#1"},
				"up": {"uv": [3.5, 2.5, 0.5, 2], "texture": "#1"},
				"down": {"uv": [6.5, 2, 3.5, 2.5], "texture": "#1"}
			}
		},
		{
			"from": [6, 14, 7],
			"to": [9, 17, 9],
			"faces": {
				"north": {"uv": [1, 6, 2.5, 7.5], "texture": "#1"},
				"east": {"uv": [0, 6, 1, 7.5], "texture": "#1"},
				"south": {"uv": [3.5, 6, 5, 7.5], "texture": "#1"},
				"west": {"uv": [2.5, 6, 3.5, 7.5], "texture": "#1"},
				"up": {"uv": [2.5, 6, 1, 5], "texture": "#1"},
				"down": {"uv": [4, 5, 2.5, 6], "texture": "#1"}
			}
		},
		{
			"from": [4.9957, 9.52564, 8.2],
			"to": [5.9957, 12.52564, 8.2],
			"rotation": {"angle": 0, "axis": "y", "origin": [4.8957, 10.62564, 8.2]},
			"faces": {
				"north": {"uv": [9, 0, 9.5, 1.5], "texture": "#1"},
				"east": {"uv": [9, 0, 9, 1.5], "texture": "#1"},
				"south": {"uv": [9.5, 0, 10, 1.5], "texture": "#1"},
				"west": {"uv": [9.5, 0, 9.5, 1.5], "texture": "#1"},
				"up": {"uv": [9.5, 0, 9, 0], "texture": "#1"},
				"down": {"uv": [10, 0, 9.5, 0], "texture": "#1"}
			}
		},
		{
			"from": [4.9957, 9.42564, 8.2],
			"to": [5.9957, 12.42564, 8.2],
			"rotation": {"angle": 0, "axis": "y", "origin": [4.8957, 10.52564, 8.2]},
			"faces": {
				"north": {"uv": [9, 0, 9.5, 1.5], "texture": "#1"},
				"east": {"uv": [9, 0, 9, 1.5], "texture": "#1"},
				"south": {"uv": [9.5, 0, 10, 1.5], "texture": "#1"},
				"west": {"uv": [9.5, 0, 9.5, 1.5], "texture": "#1"},
				"up": {"uv": [9.5, 0, 9, 0], "texture": "#1"},
				"down": {"uv": [10, 0, 9.5, 0], "texture": "#1"}
			}
		},
		{
			"from": [3.8, 9, 8.3],
			"to": [4.8, 14, 8.3],
			"rotation": {"angle": 0, "axis": "y", "origin": [2.75, 11.825, 8.2]},
			"faces": {
				"north": {"uv": [11, 0, 11.5, 2.5], "texture": "#1"},
				"east": {"uv": [11, 0, 11, 2.5], "texture": "#1"},
				"south": {"uv": [11.5, 0, 12, 2.5], "texture": "#1"},
				"west": {"uv": [11.5, 0, 11.5, 2.5], "texture": "#1"},
				"up": {"uv": [11.5, 0, 11, 0], "texture": "#1"},
				"down": {"uv": [12, 0, 11.5, 0], "texture": "#1"}
			}
		},
		{
			"from": [2.6, 9.2, 8.2],
			"to": [3.6, 14.2, 8.2],
			"rotation": {"angle": 0, "axis": "y", "origin": [2.75, 11.825, 8.2]},
			"faces": {
				"north": {"uv": [11, 0, 11.5, 2.5], "texture": "#1"},
				"east": {"uv": [11, 0, 11, 2.5], "texture": "#1"},
				"south": {"uv": [11.5, 0, 12, 2.5], "texture": "#1"},
				"west": {"uv": [11.5, 0, 11.5, 2.5], "texture": "#1"},
				"up": {"uv": [11.5, 0, 11, 0], "texture": "#1"},
				"down": {"uv": [12, 0, 11.5, 0], "texture": "#1"}
			}
		},
		{
			"from": [2.1, 9.95, 7.7],
			"to": [3.1, 14.95, 7.7],
			"rotation": {"angle": 0, "axis": "y", "origin": [2.75, 11.825, 8.2]},
			"faces": {
				"north": {"uv": [11, 0, 11.5, 2.5], "texture": "#1"},
				"east": {"uv": [11, 0, 11, 2.5], "texture": "#1"},
				"south": {"uv": [11.5, 0, 12, 2.5], "texture": "#1"},
				"west": {"uv": [11.5, 0, 11.5, 2.5], "texture": "#1"},
				"up": {"uv": [11.5, 0, 11, 0], "texture": "#1"},
				"down": {"uv": [12, 0, 11.5, 0], "texture": "#1"}
			}
		},
		{
			"from": [1.4, 9.4, 8.3],
			"to": [2.4, 14.4, 8.3],
			"rotation": {"angle": 0, "axis": "y", "origin": [2.75, 11.825, 8.2]},
			"faces": {
				"north": {"uv": [11, 0, 11.5, 2.5], "texture": "#1"},
				"east": {"uv": [11, 0, 11, 2.5], "texture": "#1"},
				"south": {"uv": [11.5, 0, 12, 2.5], "texture": "#1"},
				"west": {"uv": [11.5, 0, 11.5, 2.5], "texture": "#1"},
				"up": {"uv": [11.5, 0, 11, 0], "texture": "#1"},
				"down": {"uv": [12, 0, 11.5, 0], "texture": "#1"}
			}
		},
		{
			"from": [0.7, 9.1, 8.2],
			"to": [1.7, 14.1, 8.2],
			"rotation": {"angle": -22.5, "axis": "z", "origin": [2.75, 11.825, 8.2]},
			"faces": {
				"north": {"uv": [11, 0, 11.5, 2.5], "texture": "#1"},
				"east": {"uv": [11, 0, 11, 2.5], "texture": "#1"},
				"south": {"uv": [11.5, 0, 12, 2.5], "texture": "#1"},
				"west": {"uv": [11.5, 0, 11.5, 2.5], "texture": "#1"},
				"up": {"uv": [11.5, 0, 11, 0], "texture": "#1"},
				"down": {"uv": [12, 0, 11.5, 0], "texture": "#1"}
			}
		},
		{
			"from": [1.2, 9.9, 7.8],
			"to": [2.2, 14.9, 7.8],
			"rotation": {"angle": -22.5, "axis": "z", "origin": [2.75, 11.825, 8.2]},
			"faces": {
				"north": {"uv": [11, 0, 11.5, 2.5], "texture": "#1"},
				"east": {"uv": [11, 0, 11, 2.5], "texture": "#1"},
				"south": {"uv": [11.5, 0, 12, 2.5], "texture": "#1"},
				"west": {"uv": [11.5, 0, 11.5, 2.5], "texture": "#1"},
				"up": {"uv": [11.5, 0, 11, 0], "texture": "#1"},
				"down": {"uv": [12, 0, 11.5, 0], "texture": "#1"}
			}
		},
		{
			"from": [0.15, 9.85, 7.7],
			"to": [1.15, 14.85, 7.7],
			"rotation": {"angle": -22.5, "axis": "z", "origin": [2.75, 11.825, 8.2]},
			"faces": {
				"north": {"uv": [11, 0, 11.5, 2.5], "texture": "#1"},
				"east": {"uv": [11, 0, 11, 2.5], "texture": "#1"},
				"south": {"uv": [11.5, 0, 12, 2.5], "texture": "#1"},
				"west": {"uv": [11.5, 0, 11.5, 2.5], "texture": "#1"},
				"up": {"uv": [11.5, 0, 11, 0], "texture": "#1"},
				"down": {"uv": [12, 0, 11.5, 0], "texture": "#1"}
			}
		},
		{
			"from": [-2.275, 14.575, 8.3],
			"to": [2.725, 15.575, 8.3],
			"rotation": {"angle": 22.5, "axis": "z", "origin": [2.75, 12.825, 8.2]},
			"faces": {
				"north": {"uv": [11, 4.5, 13.5, 5], "texture": "#1"},
				"east": {"uv": [11, 4.5, 11, 5], "texture": "#1"},
				"south": {"uv": [13.5, 4.5, 16, 5], "texture": "#1"},
				"west": {"uv": [13.5, 4.5, 13.5, 5], "texture": "#1"},
				"up": {"uv": [13.5, 4.5, 11, 4.5], "texture": "#1"},
				"down": {"uv": [16, 4.5, 13.5, 4.5], "texture": "#1"}
			}
		},
		{
			"from": [-0.2, 8.7, 8.2],
			"to": [0.8, 13.7, 8.2],
			"rotation": {"angle": -45, "axis": "z", "origin": [2.75, 12.825, 8.2]},
			"faces": {
				"north": {"uv": [11, 0, 11.5, 2.5], "texture": "#1"},
				"east": {"uv": [11, 0, 11, 2.5], "texture": "#1"},
				"south": {"uv": [11.5, 0, 12, 2.5], "texture": "#1"},
				"west": {"uv": [11.5, 0, 11.5, 2.5], "texture": "#1"},
				"up": {"uv": [11.5, 0, 11, 0], "texture": "#1"},
				"down": {"uv": [12, 0, 11.5, 0], "texture": "#1"}
			}
		},
		{
			"from": [0.4, 8.9, 7.8],
			"to": [1.4, 13.9, 7.8],
			"rotation": {"angle": -45, "axis": "z", "origin": [2.75, 12.825, 8.2]},
			"faces": {
				"north": {"uv": [11, 0, 11.5, 2.5], "texture": "#1"},
				"east": {"uv": [11, 0, 11, 2.5], "texture": "#1"},
				"south": {"uv": [11.5, 0, 12, 2.5], "texture": "#1"},
				"west": {"uv": [11.5, 0, 11.5, 2.5], "texture": "#1"},
				"up": {"uv": [11.5, 0, 11, 0], "texture": "#1"},
				"down": {"uv": [12, 0, 11.5, 0], "texture": "#1"}
			}
		},
		{
			"from": [-0.5, 9.3, 8.3],
			"to": [0.5, 14.3, 8.3],
			"rotation": {"angle": -22.5, "axis": "z", "origin": [2.75, 11.825, 8.2]},
			"faces": {
				"north": {"uv": [11, 0, 11.5, 2.5], "texture": "#1"},
				"east": {"uv": [11, 0, 11, 2.5], "texture": "#1"},
				"south": {"uv": [11.5, 0, 12, 2.5], "texture": "#1"},
				"west": {"uv": [11.5, 0, 11.5, 2.5], "texture": "#1"},
				"up": {"uv": [11.5, 0, 11, 0], "texture": "#1"},
				"down": {"uv": [12, 0, 11.5, 0], "texture": "#1"}
			}
		},
		{
			"from": [-3.975, 13.975, 8.2],
			"to": [2.025, 14.975, 8.2],
			"rotation": {"angle": 0, "axis": "y", "origin": [2.75, 11.725, 8.2]},
			"faces": {
				"north": {"uv": [10, 4, 13, 4.5], "texture": "#1"},
				"east": {"uv": [10, 4, 10, 4.5], "texture": "#1"},
				"south": {"uv": [13, 4, 16, 4.5], "texture": "#1"},
				"west": {"uv": [13, 4, 13, 4.5], "texture": "#1"},
				"up": {"uv": [13, 4, 10, 4], "texture": "#1"},
				"down": {"uv": [16, 4, 13, 4], "texture": "#1"}
			}
		},
		{
			"from": [-4.175, 15.175, 8.3],
			"to": [1.825, 16.175, 8.3],
			"rotation": {"angle": 0, "axis": "y", "origin": [2.75, 11.725, 8.2]},
			"faces": {
				"north": {"uv": [10, 4, 13, 4.5], "texture": "#1"},
				"east": {"uv": [10, 4, 10, 4.5], "texture": "#1"},
				"south": {"uv": [13, 4, 16, 4.5], "texture": "#1"},
				"west": {"uv": [13, 4, 13, 4.5], "texture": "#1"},
				"up": {"uv": [13, 4, 10, 4], "texture": "#1"},
				"down": {"uv": [16, 4, 13, 4], "texture": "#1"}
			}
		},
		{
			"from": [-4.675, 16.375, 8.2],
			"to": [2.325, 17.375, 8.2],
			"rotation": {"angle": 0, "axis": "y", "origin": [2.75, 11.725, 8.2]},
			"faces": {
				"north": {"uv": [9, 5, 12.5, 5.5], "texture": "#1"},
				"east": {"uv": [9, 5, 9, 5.5], "texture": "#1"},
				"south": {"uv": [12.5, 5, 16, 5.5], "texture": "#1"},
				"west": {"uv": [12.5, 5, 12.5, 5.5], "texture": "#1"},
				"up": {"uv": [12.5, 5, 9, 5], "texture": "#1"},
				"down": {"uv": [16, 5, 12.5, 5], "texture": "#1"}
			}
		},
		{
			"from": [-3.375, 17.175, 7.6],
			"to": [2.625, 18.175, 7.6],
			"rotation": {"angle": 0, "axis": "y", "origin": [2.75, 11.725, 8.2]},
			"faces": {
				"north": {"uv": [9.5, 5, 12.5, 5.5], "texture": "#1"},
				"east": {"uv": [9.5, 5, 9.5, 5.5], "texture": "#1"},
				"south": {"uv": [12.5, 5, 15.5, 5.5], "texture": "#1"},
				"west": {"uv": [12.5, 5, 12.5, 5.5], "texture": "#1"},
				"up": {"uv": [12.5, 5, 9.5, 5], "texture": "#1"},
				"down": {"uv": [15.5, 5, 12.5, 5], "texture": "#1"}
			}
		},
		{
			"from": [-4.675, 17.575, 8.2],
			"to": [2.325, 18.575, 8.2],
			"rotation": {"angle": 0, "axis": "y", "origin": [-1.175, 19.075, 8.3]},
			"faces": {
				"north": {"uv": [9, 5, 12.5, 5.5], "texture": "#1"},
				"east": {"uv": [9, 5, 9, 5.5], "texture": "#1"},
				"south": {"uv": [12.5, 5, 16, 5.5], "texture": "#1"},
				"west": {"uv": [12.5, 5, 12.5, 5.5], "texture": "#1"},
				"up": {"uv": [12.5, 5, 9, 5], "texture": "#1"},
				"down": {"uv": [16, 5, 12.5, 5], "texture": "#1"}
			}
		},
		{
			"from": [4.4957, 10.02564, 7.7],
			"to": [5.4957, 13.02564, 7.7],
			"rotation": {"angle": 0, "axis": "y", "origin": [4.8957, 10.62564, 7.7]},
			"faces": {
				"north": {"uv": [9, 0, 9.5, 1.5], "texture": "#1"},
				"east": {"uv": [9, 0, 9, 1.5], "texture": "#1"},
				"south": {"uv": [9.5, 0, 10, 1.5], "texture": "#1"},
				"west": {"uv": [9.5, 0, 9.5, 1.5], "texture": "#1"},
				"up": {"uv": [9.5, 0, 9, 0], "texture": "#1"},
				"down": {"uv": [10, 0, 9.5, 0], "texture": "#1"}
			}
		},
		{
			"from": [-1.375, 14.075, 7.8],
			"to": [3.625, 15.075, 7.8],
			"rotation": {"angle": 22.5, "axis": "z", "origin": [2.75, 12.825, 7.7]},
			"faces": {
				"north": {"uv": [11, 4.5, 13.5, 5], "texture": "#1"},
				"east": {"uv": [11, 4.5, 11, 5], "texture": "#1"},
				"south": {"uv": [13.5, 4.5, 16, 5], "texture": "#1"},
				"west": {"uv": [13.5, 4.5, 13.5, 5], "texture": "#1"},
				"up": {"uv": [13.5, 4.5, 11, 4.5], "texture": "#1"},
				"down": {"uv": [16, 4.5, 13.5, 4.5], "texture": "#1"}
			}
		},
		{
			"from": [-2.21458, 13.75131, 7.7],
			"to": [2.78542, 14.75131, 7.7],
			"rotation": {"angle": 0, "axis": "y", "origin": [0.28542, 15.05131, 7.7]},
			"faces": {
				"north": {"uv": [11, 4.5, 13.5, 5], "texture": "#1"},
				"east": {"uv": [11, 4.5, 11, 5], "texture": "#1"},
				"south": {"uv": [13.5, 4.5, 16, 5], "texture": "#1"},
				"west": {"uv": [13.5, 4.5, 13.5, 5], "texture": "#1"},
				"up": {"uv": [13.5, 4.5, 11, 4.5], "texture": "#1"},
				"down": {"uv": [16, 4.5, 13.5, 4.5], "texture": "#1"}
			}
		},
		{
			"from": [-2.61458, 14.90131, 7.7],
			"to": [2.38542, 15.90131, 7.7],
			"rotation": {"angle": 0, "axis": "y", "origin": [0.28542, 14.95131, 7.7]},
			"faces": {
				"north": {"uv": [11, 4.5, 13.5, 5], "texture": "#1"},
				"east": {"uv": [11, 4.5, 11, 5], "texture": "#1"},
				"south": {"uv": [13.5, 4.5, 16, 5], "texture": "#1"},
				"west": {"uv": [13.5, 4.5, 13.5, 5], "texture": "#1"},
				"up": {"uv": [13.5, 4.5, 11, 4.5], "texture": "#1"},
				"down": {"uv": [16, 4.5, 13.5, 4.5], "texture": "#1"}
			}
		},
		{
			"from": [-2.91458, 16.05131, 7.7],
			"to": [2.08542, 17.05131, 7.7],
			"rotation": {"angle": 0, "axis": "y", "origin": [0.28542, 14.95131, 7.7]},
			"faces": {
				"north": {"uv": [11, 4.5, 13.5, 5], "texture": "#1"},
				"east": {"uv": [11, 4.5, 11, 5], "texture": "#1"},
				"south": {"uv": [13.5, 4.5, 16, 5], "texture": "#1"},
				"west": {"uv": [13.5, 4.5, 13.5, 5], "texture": "#1"},
				"up": {"uv": [13.5, 4.5, 11, 4.5], "texture": "#1"},
				"down": {"uv": [16, 4.5, 13.5, 4.5], "texture": "#1"}
			}
		},
		{
			"from": [3.3, 9.75, 7.8],
			"to": [4.3, 14.75, 7.8],
			"rotation": {"angle": 0, "axis": "y", "origin": [2.75, 11.825, 7.7]},
			"faces": {
				"north": {"uv": [11, 0, 11.5, 2.5], "texture": "#1"},
				"east": {"uv": [11, 0, 11, 2.5], "texture": "#1"},
				"south": {"uv": [11.5, 0, 12, 2.5], "texture": "#1"},
				"west": {"uv": [11.5, 0, 11.5, 2.5], "texture": "#1"},
				"up": {"uv": [11.5, 0, 11, 0], "texture": "#1"},
				"down": {"uv": [12, 0, 11.5, 0], "texture": "#1"}
			}
		}
	],
	"display": {
		"thirdperson_righthand": {
			"rotation": [7, -91, 0],
			"translation": [2.75, -11, 9.5],
			"scale": [1.3, 1.3, 1.3]
		},
		"thirdperson_lefthand": {
			"rotation": [7, 90, 0],
			"translation": [2.75, -11, 9.5],
			"scale": [1.3, 1.3, 1.33]
		},
		"firstperson_righthand": {
			"rotation": [76, -103, 21],
			"translation": [-5, 0, 2.75],
			"scale": [0.7, 0.7, 0.7]
		},
		"firstperson_lefthand": {
			"rotation": [39, 79, 21],
			"translation": [-4.25, 0, 2.5],
			"scale": [0.7, 0.7, 0.7]
		},
		"ground": {
			"translation": [5.5, -4.5, 0],
			"scale": [0.75, 0.75, 0.75]
		},
		"gui": {
			"rotation": [23, -151, 0],
			"translation": [-5.75, -9.25, 0],
			"scale": [1.18, 1.18, 1.18]
		},
		"head": {
			"rotation": [159, -180, 1],
			"translation": [-6.5, 15, -5.25],
			"scale": [1, 1, 1.55]
		},
		"fixed": {
			"translation": [7.75, -9.75, 0],
			"scale": [1.55, 1.55, 1]
		}
	},
	"groups": [
		{
			"name": "wingbase",
			"origin": [8, 8, 8],
			"color": 0,
			"children": [
				0,
				1,
				{
					"name": "feather",
					"origin": [8, 8, 8],
					"color": 0,
					"children": [2, 3, 4, 5, 6, 7, 8, 9, 10, 11, 12, 13, 14, 15, 16, 17, 18, 19, 20, 21, 22, 23, 24, 25]
				}
			]
		}
	]
}