{
	"credit": "Made with Blockbench",
	"textures": {
		"0": "trkits/bird/feathers",
		"1": "trkits/bird/stem",
		"particle": "trkits/bird/feathers"
	},
	"elements": [
		{
			"from": [0, 1, 10],
			"to": [2, 11, 12],
			"rotation": {"angle": 0, "axis": "y", "origin": [1, 6, 11]},
			"faces": {
				"north": {"uv": [0, 0, 2, 10], "texture": "#1"},
				"east": {"uv": [2, 0, 4, 10], "texture": "#1"},
				"south": {"uv": [4, 0, 6, 10], "texture": "#1"},
				"west": {"uv": [6, 0, 8, 10], "texture": "#1"},
				"up": {"uv": [4, 0, 6, 2], "texture": "#1"},
				"down": {"uv": [4, 0, 6, 2], "texture": "#1"}
			}
		},
		{
			"from": [6.3907, 25.13563, 10],
			"to": [9.3907, 27.13563, 12],
			"rotation": {"angle": 45, "axis": "z", "origin": [7.8907, 26.13563, 11]},
			"faces": {
				"north": {"uv": [0, 0, 2, 3], "rotation": 270, "texture": "#1"},
				"east": {"uv": [4, 0, 6, 2], "rotation": 90, "texture": "#1"},
				"south": {"uv": [4, 0, 6, 3], "rotation": 90, "texture": "#1"},
				"west": {"uv": [4, 0, 6, 2], "rotation": 90, "texture": "#1"},
				"up": {"uv": [6, 0, 8, 3], "rotation": 90, "texture": "#1"},
				"down": {"uv": [2, 0, 4, 3], "rotation": 90, "texture": "#1"}
			}
		},
		{
			"from": [8.32246, 27.51025, 10],
			"to": [16.32246, 29.51025, 12],
			"rotation": {"angle": 22.5, "axis": "z", "origin": [12.32246, 28.51025, 11]},
			"faces": {
				"north": {"uv": [0, 0, 2, 8], "rotation": 270, "texture": "#1"},
				"east": {"uv": [4, 0, 6, 2], "rotation": 90, "texture": "#1"},
				"south": {"uv": [4, 0, 6, 8], "rotation": 90, "texture": "#1"},
				"west": {"uv": [4, 0, 6, 2], "rotation": 90, "texture": "#1"},
				"up": {"uv": [6, 0, 8, 8], "rotation": 90, "texture": "#1"},
				"down": {"uv": [2, 0, 4, 8], "rotation": 90, "texture": "#1"}
			}
		},
		{
			"from": [2.98535, 10.00835, 10],
			"to": [4.98535, 26.00835, 12],
			"rotation": {"angle": -22.5, "axis": "z", "origin": [3.98535, 18.00835, 11]},
			"faces": {
				"north": {"uv": [0, 0, 2, 16], "texture": "#1"},
				"east": {"uv": [2, 0, 4, 16], "texture": "#1"},
				"south": {"uv": [4, 0, 6, 16], "texture": "#1"},
				"west": {"uv": [6, 0, 8, 16], "texture": "#1"},
				"up": {"uv": [10, 2, 8, 0], "texture": "#1"},
				"down": {"uv": [10, 2, 8, 4], "texture": "#1"}
			}
		},
		{
			"from": [1, 1, 11],
			"to": [16, 29, 11],
			"rotation": {"angle": 0, "axis": "y", "origin": [0, 0, 0]},
			"faces": {
				"north": {"uv": [0, 0, 7.5, 14], "texture": "#0"},
				"east": {"uv": [0, 0, 0, 13.5], "texture": "#0"},
				"south": {"uv": [7.5, 0, 15, 14], "texture": "#0"},
				"west": {"uv": [0, 0, 0, 13.5], "texture": "#0"},
				"up": {"uv": [7.5, 0, 0, 0], "texture": "#0"},
				"down": {"uv": [7.5, 0, 0, 0], "texture": "#0"}
			}
		}
	],
	"display": {
		"thirdperson_righthand": {
			"rotation": [-90, 90, 0],
			"translation": [0.25, -2, 7],
			"scale": [0.6, 0.6, 0.6]
		},
		"thirdperson_lefthand": {
			"rotation": [-90, -90, 0],
			"translation": [4, -2, 7],
			"scale": [0.6, 0.6, 0.6]
		},
		"firstperson_righthand": {
			"rotation": [-28, 90, -18],
			"scale": [0.55, 0.55, 0.55]
		},
		"firstperson_lefthand": {
			"rotation": [-28, -90, 14],
			"translation": [2.75, 0, 0],
			"scale": [0.55, 0.55, 0.55]
		},
		"ground": {
			"rotation": [-70, 0, -90],
			"translation": [-6.75, 0, -1.75]
		},
		"gui": {
			"rotation": [0, 0, -40.5],
			"translation": [-2.75, -1.5, 0],
			"scale": [0.55, 0.55, 0.55]
		},
		"head": {
			"rotation": [7.5, -90, 0],
			"translation": [3, 11.75, 2.25]
		},
		"fixed": {
			"translation": [-0.25, -4.25, -1.75],
			"scale": [0.55, 0.55, 0.55]
		}
	}
}