{
	"credit": "Made with Blockbench",
	"textures": {
		"0": "hideandseek/mapicons/nether",
		"particle": "unknown"
	},
	"elements": [
		{
			"from": [0, 0, 0],
			"to": [30, 20, 10],
			"faces": {
				"north": {"uv": [0, 0, 16, 16], "texture": "#0"},
				"east": {"uv": [0, 0, 0, 11], "texture": "#0"},
				"south": {"uv": [16, 0, 0, 16], "texture": "#0"},
				"west": {"uv": [0, 0, 0, 11], "texture": "#0"},
				"up": {"uv": [0, 0, 15, 0], "texture": "#0"},
				"down": {"uv": [0, 0, 15, 0], "texture": "#0"}
			}
		}
	],
	"gui_light": "front",
	"display": {
		"gui": {
			"translation": [-12, 5.5, -1],
			"scale": [1.73, 1.7, 5]
		},
		"fixed": {
			"rotation" : [0, 180, 0],
			"translation": [28, 16, 0],
			"scale": [4, 4, 1]
		}
	}
}