{
	"credit": "Made with Blockbench",
	"textures": {
		"0": "gui/SH/xmark",
		"particle": "gui/SH/xmark"
	},
	"elements": [
		{
			"from": [6, 5, 7],
			"to": [7, 11, 9],
			"rotation": {"angle": 0, "axis": "y", "origin": [14, 13, 1]},
			"faces": {
				"north": {"uv": [6, 5, 7, 11], "texture": "#0"},
				"east": {"uv": [6, 5, 7, 11], "texture": "#0"},
				"south": {"uv": [6, 5, 7, 11], "texture": "#0"},
				"west": {"uv": [6, 5, 7, 11], "texture": "#0"},
				"up": {"uv": [6, 5, 7, 6], "texture": "#0"},
				"down": {"uv": [6, 10, 7, 11], "texture": "#0"}
			}
		},
		{
			"from": [7, 6, 7],
			"to": [8, 10, 9],
			"rotation": {"angle": 0, "axis": "y", "origin": [15, 14, 1]},
			"faces": {
				"north": {"uv": [7, 6, 8, 10], "texture": "#0"},
				"east": {"uv": [7, 6, 8, 10], "texture": "#0"},
				"south": {"uv": [7, 6, 8, 10], "texture": "#0"},
				"west": {"uv": [7, 6, 8, 10], "texture": "#0"},
				"up": {"uv": [7, 6, 8, 7], "texture": "#0"},
				"down": {"uv": [7, 6, 8, 7], "texture": "#0"}
			}
		},
		{
			"from": [8, 6, 7],
			"to": [9, 10, 9],
			"rotation": {"angle": 0, "axis": "y", "origin": [16, 14, 1]},
			"faces": {
				"north": {"uv": [8, 6, 9, 10], "texture": "#0"},
				"east": {"uv": [8, 6, 9, 10], "texture": "#0"},
				"south": {"uv": [8, 6, 9, 10], "texture": "#0"},
				"west": {"uv": [8, 6, 9, 10], "texture": "#0"},
				"up": {"uv": [8, 6, 9, 7], "texture": "#0"},
				"down": {"uv": [8, 9, 9, 10], "texture": "#0"}
			}
		},
		{
			"from": [9, 5, 7],
			"to": [10, 11, 9],
			"rotation": {"angle": 0, "axis": "y", "origin": [17, 13, 1]},
			"faces": {
				"north": {"uv": [9, 5, 10, 11], "texture": "#0"},
				"east": {"uv": [10, 4, 11, 6], "texture": "#0"},
				"south": {"uv": [9, 5, 10, 11], "texture": "#0"},
				"west": {"uv": [9, 5, 10, 11], "texture": "#0"},
				"up": {"uv": [9, 5, 10, 6], "texture": "#0"},
				"down": {"uv": [9, 10, 10, 11], "texture": "#0"}
			}
		},
		{
			"from": [10, 9, 7],
			"to": [11, 12, 9],
			"rotation": {"angle": 0, "axis": "y", "origin": [18, 17, 1]},
			"faces": {
				"north": {"uv": [10, 4, 11, 7], "texture": "#0"},
				"east": {"uv": [10, 4, 11, 7], "texture": "#0"},
				"south": {"uv": [10, 4, 11, 7], "texture": "#0"},
				"west": {"uv": [10, 4, 11, 7], "texture": "#0"},
				"up": {"uv": [10, 4, 11, 5], "texture": "#0"},
				"down": {"uv": [10, 6, 11, 7], "texture": "#0"}
			}
		},
		{
			"from": [12, 2, 7],
			"to": [13, 5, 9],
			"rotation": {"angle": 0, "axis": "y", "origin": [20, 10, 1]},
			"faces": {
				"north": {"uv": [12, 11, 13, 14], "texture": "#0"},
				"east": {"uv": [12, 11, 13, 14], "texture": "#0"},
				"south": {"uv": [12, 11, 13, 14], "texture": "#0"},
				"west": {"uv": [12, 11, 13, 14], "texture": "#0"},
				"up": {"uv": [12, 11, 13, 12], "texture": "#0"},
				"down": {"uv": [12, 13, 13, 14], "texture": "#0"}
			}
		},
		{
			"from": [11, 3, 7],
			"to": [12, 6, 9],
			"rotation": {"angle": 0, "axis": "y", "origin": [19, 11, 1]},
			"faces": {
				"north": {"uv": [11, 10, 12, 13], "texture": "#0"},
				"east": {"uv": [11, 10, 12, 13], "texture": "#0"},
				"south": {"uv": [11, 10, 12, 13], "texture": "#0"},
				"west": {"uv": [11, 10, 12, 13], "texture": "#0"},
				"up": {"uv": [11, 10, 12, 11], "texture": "#0"},
				"down": {"uv": [11, 12, 12, 13], "texture": "#0"}
			}
		},
		{
			"from": [13, 2, 7],
			"to": [14, 4, 9],
			"rotation": {"angle": 0, "axis": "y", "origin": [21, 10, 1]},
			"faces": {
				"north": {"uv": [13, 12, 14, 14], "texture": "#0"},
				"east": {"uv": [13, 12, 14, 14], "texture": "#0"},
				"south": {"uv": [13, 12, 14, 14], "texture": "#0"},
				"west": {"uv": [13, 12, 14, 14], "texture": "#0"},
				"up": {"uv": [13, 12, 14, 14], "texture": "#0"},
				"down": {"uv": [13, 12, 14, 14], "texture": "#0"}
			}
		},
		{
			"from": [10, 4, 7],
			"to": [11, 7, 9],
			"rotation": {"angle": 0, "axis": "y", "origin": [18, 12, 1]},
			"faces": {
				"north": {"uv": [10, 9, 11, 12], "texture": "#0"},
				"east": {"uv": [10, 9, 11, 12], "texture": "#0"},
				"south": {"uv": [10, 9, 11, 12], "texture": "#0"},
				"west": {"uv": [10, 9, 11, 12], "texture": "#0"},
				"up": {"uv": [10, 9, 11, 10], "texture": "#0"},
				"down": {"uv": [10, 11, 11, 12], "texture": "#0"}
			}
		},
		{
			"from": [11, 10, 7],
			"to": [12, 13, 9],
			"rotation": {"angle": 0, "axis": "y", "origin": [19, 18, 1]},
			"faces": {
				"north": {"uv": [11, 3, 12, 6], "texture": "#0"},
				"east": {"uv": [11, 3, 12, 6], "texture": "#0"},
				"south": {"uv": [11, 3, 12, 6], "texture": "#0"},
				"west": {"uv": [11, 3, 12, 6], "texture": "#0"},
				"up": {"uv": [11, 3, 12, 4], "texture": "#0"},
				"down": {"uv": [11, 5, 12, 6], "texture": "#0"}
			}
		},
		{
			"from": [12, 11, 7],
			"to": [13, 14, 9],
			"rotation": {"angle": 0, "axis": "y", "origin": [20, 19, 1]},
			"faces": {
				"north": {"uv": [12, 2, 13, 5], "texture": "#0"},
				"east": {"uv": [12, 2, 13, 5], "texture": "#0"},
				"south": {"uv": [12, 2, 13, 5], "texture": "#0"},
				"west": {"uv": [12, 2, 13, 5], "texture": "#0"},
				"up": {"uv": [12, 2, 13, 3], "texture": "#0"},
				"down": {"uv": [12, 4, 13, 5], "texture": "#0"}
			}
		},
		{
			"from": [13, 12, 7],
			"to": [14, 14, 9],
			"rotation": {"angle": 0, "axis": "y", "origin": [21, 20, 1]},
			"faces": {
				"north": {"uv": [13, 2, 14, 4], "texture": "#0"},
				"east": {"uv": [13, 2, 14, 4], "texture": "#0"},
				"south": {"uv": [13, 2, 14, 4], "texture": "#0"},
				"west": {"uv": [13, 2, 14, 4], "texture": "#0"},
				"up": {"uv": [13, 2, 14, 3], "texture": "#0"},
				"down": {"uv": [13, 3, 14, 4], "texture": "#0"}
			}
		},
		{
			"from": [4, 10, 7],
			"to": [5, 13, 9],
			"rotation": {"angle": 0, "axis": "y", "origin": [-3, 18, 15]},
			"faces": {
				"north": {"uv": [4, 3, 5, 6], "texture": "#0"},
				"east": {"uv": [4, 3, 5, 6], "texture": "#0"},
				"south": {"uv": [4, 3, 5, 6], "texture": "#0"},
				"west": {"uv": [4, 3, 5, 6], "texture": "#0"},
				"up": {"uv": [4, 3, 5, 4], "texture": "#0"},
				"down": {"uv": [4, 5, 5, 6], "texture": "#0"}
			}
		},
		{
			"from": [5, 9, 7],
			"to": [6, 12, 9],
			"rotation": {"angle": 0, "axis": "y", "origin": [13, 17, 1]},
			"faces": {
				"north": {"uv": [5, 4, 6, 7], "texture": "#0"},
				"east": {"uv": [5, 4, 6, 7], "texture": "#0"},
				"south": {"uv": [5, 4, 6, 7], "texture": "#0"},
				"west": {"uv": [5, 4, 6, 7], "texture": "#0"},
				"up": {"uv": [5, 4, 6, 5], "texture": "#0"},
				"down": {"uv": [5, 6, 6, 7], "texture": "#0"}
			}
		},
		{
			"from": [2, 2, 7],
			"to": [3, 4, 9],
			"rotation": {"angle": 0, "axis": "y", "origin": [10, 10, 1]},
			"faces": {
				"north": {"uv": [2, 12, 3, 14], "texture": "#0"},
				"east": {"uv": [2, 12, 3, 14], "texture": "#0"},
				"south": {"uv": [2, 12, 3, 14], "texture": "#0"},
				"west": {"uv": [2, 12, 3, 14], "texture": "#0"},
				"up": {"uv": [2, 12, 3, 14], "texture": "#0"},
				"down": {"uv": [2, 12, 3, 14], "texture": "#0"}
			}
		},
		{
			"from": [3, 2, 7],
			"to": [4, 5, 9],
			"rotation": {"angle": 0, "axis": "y", "origin": [-4, 10, 15]},
			"faces": {
				"north": {"uv": [3, 11, 4, 14], "texture": "#0"},
				"east": {"uv": [3, 11, 4, 14], "texture": "#0"},
				"south": {"uv": [3, 11, 4, 14], "texture": "#0"},
				"west": {"uv": [3, 11, 4, 14], "texture": "#0"},
				"up": {"uv": [3, 11, 4, 12], "texture": "#0"},
				"down": {"uv": [3, 13, 4, 14], "texture": "#0"}
			}
		},
		{
			"from": [4, 3, 7],
			"to": [5, 6, 9],
			"rotation": {"angle": 0, "axis": "y", "origin": [-3, 11, 15]},
			"faces": {
				"north": {"uv": [4, 10, 5, 13], "texture": "#0"},
				"east": {"uv": [4, 10, 5, 13], "texture": "#0"},
				"south": {"uv": [4, 10, 5, 13], "texture": "#0"},
				"west": {"uv": [4, 10, 5, 13], "texture": "#0"},
				"up": {"uv": [4, 10, 5, 11], "texture": "#0"},
				"down": {"uv": [4, 12, 5, 13], "texture": "#0"}
			}
		},
		{
			"from": [5, 4, 7],
			"to": [6, 7, 9],
			"rotation": {"angle": 0, "axis": "y", "origin": [13, 12, 1]},
			"faces": {
				"north": {"uv": [5, 9, 6, 12], "texture": "#0"},
				"east": {"uv": [5, 9, 6, 12], "texture": "#0"},
				"south": {"uv": [5, 9, 6, 12], "texture": "#0"},
				"west": {"uv": [5, 9, 6, 12], "texture": "#0"},
				"up": {"uv": [5, 9, 6, 10], "texture": "#0"},
				"down": {"uv": [5, 11, 6, 12], "texture": "#0"}
			}
		},
		{
			"from": [3, 11, 7],
			"to": [4, 14, 9],
			"rotation": {"angle": 0, "axis": "y", "origin": [-4, 19, 15]},
			"faces": {
				"north": {"uv": [3, 2, 4, 5], "texture": "#0"},
				"east": {"uv": [3, 2, 4, 5], "texture": "#0"},
				"south": {"uv": [3, 2, 4, 5], "texture": "#0"},
				"west": {"uv": [3, 2, 4, 5], "texture": "#0"},
				"up": {"uv": [3, 2, 4, 3], "texture": "#0"},
				"down": {"uv": [3, 4, 4, 5], "texture": "#0"}
			}
		},
		{
			"from": [2, 12, 7],
			"to": [3, 14, 9],
			"rotation": {"angle": 0, "axis": "y", "origin": [10, 20, 1]},
			"faces": {
				"north": {"uv": [2, 2, 3, 4], "texture": "#0"},
				"east": {"uv": [2, 2, 3, 4], "texture": "#0"},
				"south": {"uv": [2, 2, 3, 4], "texture": "#0"},
				"west": {"uv": [2, 2, 3, 4], "texture": "#0"},
				"up": {"uv": [2, 2, 3, 3], "texture": "#0"},
				"down": {"uv": [2, 3, 3, 4], "texture": "#0"}
			}
		}
	]
}