{
	"credit": "Made with Blockbench",
	"texture_size": [64, 64],
	"textures": {
		"3": "naturaldisasters/normal",
		"4": "block/blue_wool",
		"particle": "block/blue_wool"
	},
	"elements": [
		{
			"from": [0.0625, 17.9, -8],
			"to": [6.9625, 18.4, 0],
			"rotation": {"angle": -22.5, "axis": "x", "origin": [3.5, 19.75, -4]},
			"faces": {
				"north": {"uv": [7.25, 4, 4, 0], "texture": "#4"},
				"east": {"uv": [7.25, 4, 4, 0], "texture": "#4"},
				"south": {"uv": [7.25, 4, 4, 0], "texture": "#4"},
				"west": {"uv": [7.25, 4, 4, 0], "texture": "#4"},
				"up": {"uv": [7.25, 4, 4, 0], "texture": "#4"},
				"down": {"uv": [7.25, 4, 4, 0], "texture": "#4"}
			}
		},
		{
			"from": [0.03125, 17.9, 8],
			"to": [6.93125, 18.4, 16],
			"rotation": {"angle": 22.5, "axis": "x", "origin": [3.5, 19.75, 12]},
			"faces": {
				"north": {"uv": [7.25, 4, 4, 0], "texture": "#4"},
				"east": {"uv": [7.25, 4, 4, 0], "texture": "#4"},
				"south": {"uv": [7.25, 4, 4, 0], "texture": "#4"},
				"west": {"uv": [7.25, 4, 4, 0], "texture": "#4"},
				"up": {"uv": [7.25, 4, 4, 0], "texture": "#4"},
				"down": {"uv": [7.25, 4, 4, 0], "texture": "#4"}
			}
		},
		{
			"from": [0, 19.5, 0],
			"to": [7, 20, 8],
			"rotation": {"angle": 0, "axis": "y", "origin": [0, 19.5, 0]},
			"faces": {
				"north": {"uv": [7.5, 4, 4, 0], "texture": "#4"},
				"east": {"uv": [7.5, 4, 4, 0], "texture": "#4"},
				"south": {"uv": [7.5, 4, 4, 0], "texture": "#4"},
				"west": {"uv": [7.5, 4, 4, 0], "texture": "#4"},
				"up": {"uv": [7.5, 4, 4, 0], "texture": "#4"},
				"down": {"uv": [7.5, 4, 4, 0], "texture": "#4"}
			}
		},
		{
			"from": [2, 3.25, -1],
			"to": [2.5, 19.25, -0.5],
			"rotation": {"angle": -22.5, "axis": "x", "origin": [0.25, 11.5, 0.25]},
			"faces": {
				"north": {"uv": [0.5, 0.25, 0.75, 8.25], "texture": "#4"},
				"east": {"uv": [0.5, 0.25, 0.75, 8.25], "texture": "#4"},
				"south": {"uv": [0.5, 0.25, 0.75, 8.25], "texture": "#4"},
				"west": {"uv": [0.5, 0.25, 0.75, 8.25], "texture": "#4"},
				"up": {"uv": [0.5, 0.25, 0.75, 8.25], "texture": "#4"},
				"down": {"uv": [0.5, 0.25, 0.75, 8.25], "texture": "#4"}
			}
		},
		{
			"from": [5, 3.25, -1],
			"to": [5.5, 19.25, -0.5],
			"rotation": {"angle": -22.5, "axis": "x", "origin": [0.25, 11.5, 0.25]},
			"faces": {
				"north": {"uv": [0.5, 0.25, 0.75, 8.25], "texture": "#4"},
				"east": {"uv": [0.5, 0.25, 0.75, 8.25], "texture": "#4"},
				"south": {"uv": [0.5, 0.25, 0.75, 8.25], "texture": "#4"},
				"west": {"uv": [0.5, 0.25, 0.75, 8.25], "texture": "#4"},
				"up": {"uv": [0.5, 0.25, 0.75, 8.25], "texture": "#4"},
				"down": {"uv": [0.5, 0.25, 0.75, 8.25], "texture": "#4"}
			}
		},
		{
			"from": [2, 3.30709, 8.21299],
			"to": [2.5, 19.30709, 8.71299],
			"rotation": {"angle": 22.5, "axis": "x", "origin": [1.75, 11.30709, 7.46299]},
			"faces": {
				"north": {"uv": [0.5, 0.25, 0.75, 8.25], "texture": "#4"},
				"east": {"uv": [0.5, 0.25, 0.75, 8.25], "texture": "#4"},
				"south": {"uv": [0.5, 0.25, 0.75, 8.25], "texture": "#4"},
				"west": {"uv": [0.5, 0.25, 0.75, 8.25], "texture": "#4"},
				"up": {"uv": [0.5, 0.25, 0.75, 8.25], "texture": "#4"},
				"down": {"uv": [0.5, 0.25, 0.75, 8.25], "texture": "#4"}
			}
		},
		{
			"from": [5, 3.25, 8.5],
			"to": [5.5, 19.25, 9],
			"rotation": {"angle": 22.5, "axis": "x", "origin": [0.25, 12, 7.75]},
			"faces": {
				"north": {"uv": [0.25, 0.25, 0.5, 8.25], "texture": "#4"},
				"east": {"uv": [0.25, 0.25, 0.5, 8.25], "texture": "#4"},
				"south": {"uv": [0.25, 0.25, 0.5, 8.25], "texture": "#4"},
				"west": {"uv": [0.25, 0.25, 0.5, 8.25], "texture": "#4"},
				"up": {"uv": [0.25, 0.25, 0.5, 8.25], "texture": "#4"},
				"down": {"uv": [0.25, 0.25, 0.5, 8.25], "texture": "#4"}
			}
		},
		{
			"from": [0, 0, 0.5],
			"to": [7, 5, 7.5],
			"rotation": {"angle": 0, "axis": "y", "origin": [3.5, 5, -4]},
			"faces": {
				"north": {"uv": [3.5, 8.25, 7, 10.75], "texture": "#3"},
				"east": {"uv": [3.5, 8.25, 7, 10.75], "texture": "#3"},
				"south": {"uv": [3.5, 8.25, 7, 10.75], "texture": "#3"},
				"west": {"uv": [3.5, 8.25, 7, 10.75], "texture": "#3"},
				"up": {"uv": [3.5, 8.25, 7, 10.75], "texture": "#3"},
				"down": {"uv": [3.5, 8.25, 7, 10.75], "texture": "#3"}
			}
		},
		{
			"from": [0, 5, 0.5],
			"to": [7, 7.5, 7.5],
			"rotation": {"angle": 0, "axis": "y", "origin": [3.5, 10, -4]},
			"faces": {
				"north": {"uv": [3.5, 3.5, 7, 4.75], "texture": "#3"},
				"east": {"uv": [3.5, 3.5, 7, 4.75], "texture": "#3"},
				"south": {"uv": [3.5, 3.5, 7, 4.75], "texture": "#3"},
				"west": {"uv": [3.5, 3.5, 7, 4.75], "texture": "#3"},
				"up": {"uv": [7, 0, 10.5, 3.5], "texture": "#3"},
				"down": {"uv": [3.5, 3.5, 7, 4.75], "texture": "#3"}
			}
		},
		{
			"from": [-0.5, 4, 3.5],
			"to": [0, 6, 4.5],
			"rotation": {"angle": 0, "axis": "y", "origin": [-0.5, 4, 3.5]},
			"faces": {
				"north": {"uv": [0, 0.25, 0.5, 1.25], "texture": "#3"},
				"east": {"uv": [0, 0.25, 0.5, 1.25], "texture": "#3"},
				"south": {"uv": [0, 0.25, 0.5, 1.25], "texture": "#3"},
				"west": {"uv": [0, 0.25, 0.5, 1.25], "texture": "#3"},
				"up": {"uv": [0, 0.25, 0.5, 1.25], "texture": "#3"},
				"down": {"uv": [0, 0.25, 0.5, 1.25], "texture": "#3"}
			}
		}
	],
	"display": {
		"head": {
			"rotation": [0, -90, 0],
			"translation": [0, 3, 0],
			"scale": [2, 2, 2.2]
		}
	},
	"groups": [
		{
			"name": "parachute",
			"origin": [0, 0, 0],
			"color": 0,
			"children": [0, 1, 2]
		},
		{
			"name": "string",
			"origin": [8, 8, 8],
			"color": 0,
			"children": [3, 4, 5, 6]
		},
		7,
		8,
		9
	]
}